-- MySQL dump 10.11
--
-- Host: localhost    Database: dneo
-- ------------------------------------------------------
-- Server version	5.0.32-Debian_7etch1-log

/*!40101 SET @OLD_CHARACTER_SET_CLIENT=@@CHARACTER_SET_CLIENT */;
/*!40101 SET @OLD_CHARACTER_SET_RESULTS=@@CHARACTER_SET_RESULTS */;
/*!40101 SET @OLD_COLLATION_CONNECTION=@@COLLATION_CONNECTION */;
/*!40101 SET NAMES utf8 */;
/*!40103 SET @OLD_TIME_ZONE=@@TIME_ZONE */;
/*!40103 SET TIME_ZONE='+00:00' */;
/*!40014 SET @OLD_UNIQUE_CHECKS=@@UNIQUE_CHECKS, UNIQUE_CHECKS=0 */;
/*!40014 SET @OLD_FOREIGN_KEY_CHECKS=@@FOREIGN_KEY_CHECKS, FOREIGN_KEY_CHECKS=0 */;
/*!40101 SET @OLD_SQL_MODE=@@SQL_MODE, SQL_MODE='NO_AUTO_VALUE_ON_ZERO' */;
/*!40111 SET @OLD_SQL_NOTES=@@SQL_NOTES, SQL_NOTES=0 */;

--
-- Table structure for table `access`
--

DROP TABLE IF EXISTS `access`;
CREATE TABLE `access` (
  `aid` int(11) NOT NULL auto_increment,
  `mask` varchar(255) NOT NULL default '',
  `type` varchar(255) NOT NULL default '',
  `status` tinyint(4) NOT NULL default '0',
  PRIMARY KEY  (`aid`)
) ENGINE=MyISAM DEFAULT CHARSET=utf8;

--
-- Dumping data for table `access`
--

LOCK TABLES `access` WRITE;
/*!40000 ALTER TABLE `access` DISABLE KEYS */;
/*!40000 ALTER TABLE `access` ENABLE KEYS */;
UNLOCK TABLES;

--
-- Table structure for table `authmap`
--

DROP TABLE IF EXISTS `authmap`;
CREATE TABLE `authmap` (
  `aid` int(10) unsigned NOT NULL auto_increment,
  `uid` int(11) NOT NULL default '0',
  `authname` varchar(128) NOT NULL default '',
  `module` varchar(128) NOT NULL default '',
  PRIMARY KEY  (`aid`),
  UNIQUE KEY `authname` (`authname`)
) ENGINE=MyISAM DEFAULT CHARSET=utf8;

--
-- Dumping data for table `authmap`
--

LOCK TABLES `authmap` WRITE;
/*!40000 ALTER TABLE `authmap` DISABLE KEYS */;
/*!40000 ALTER TABLE `authmap` ENABLE KEYS */;
UNLOCK TABLES;

--
-- Table structure for table `blocks`
--

DROP TABLE IF EXISTS `blocks`;
CREATE TABLE `blocks` (
  `module` varchar(64) NOT NULL default '',
  `delta` varchar(32) NOT NULL default '0',
  `theme` varchar(255) NOT NULL default '',
  `status` tinyint(4) NOT NULL default '0',
  `weight` tinyint(4) NOT NULL default '0',
  `region` varchar(64) NOT NULL default 'left',
  `custom` tinyint(4) NOT NULL default '0',
  `throttle` tinyint(4) NOT NULL default '0',
  `visibility` tinyint(4) NOT NULL default '0',
  `pages` text NOT NULL,
  `title` varchar(64) NOT NULL default ''
) ENGINE=MyISAM DEFAULT CHARSET=utf8;

--
-- Dumping data for table `blocks`
--

LOCK TABLES `blocks` WRITE;
/*!40000 ALTER TABLE `blocks` DISABLE KEYS */;
INSERT INTO `blocks` VALUES ('devel','2','garland',0,0,'',0,0,0,'',''),('devel','1','garland',0,0,'',0,0,0,'',''),('devel','0','garland',0,0,'',0,0,0,'',''),('user','3','garland',0,0,'',0,0,0,'',''),('user','2','garland',0,0,'',0,0,0,'',''),('user','1','garland',1,0,'left',0,0,0,'',''),('comment','0','minnelli',0,0,'left',0,0,0,'',''),('menu','2','minnelli',0,0,'left',0,0,0,'',''),('node','0','minnelli',0,0,'left',0,0,0,'',''),('user','0','minnelli',0,0,'left',0,0,0,'',''),('user','1','minnelli',0,0,'left',0,0,0,'',''),('user','2','minnelli',0,0,'left',0,0,0,'',''),('user','3','minnelli',0,0,'left',0,0,0,'',''),('comment','0','bluemarine',0,0,'left',0,0,0,'',''),('menu','2','bluemarine',0,0,'left',0,0,0,'',''),('node','0','bluemarine',0,0,'left',0,0,0,'',''),('user','0','bluemarine',0,0,'left',0,0,0,'',''),('user','1','bluemarine',0,0,'left',0,0,0,'',''),('user','2','bluemarine',0,0,'left',0,0,0,'',''),('user','3','bluemarine',0,0,'left',0,0,0,'',''),('user','0','garland',0,0,'',0,0,0,'',''),('node','0','garland',0,0,'',0,0,0,'',''),('menu','53','garland',0,0,'',0,0,0,'',''),('comment','0','garland',0,0,'',0,0,0,'','');
/*!40000 ALTER TABLE `blocks` ENABLE KEYS */;
UNLOCK TABLES;

--
-- Table structure for table `blocks_roles`
--

DROP TABLE IF EXISTS `blocks_roles`;
CREATE TABLE `blocks_roles` (
  `module` varchar(64) NOT NULL,
  `delta` varchar(32) NOT NULL,
  `rid` int(10) unsigned NOT NULL,
  PRIMARY KEY  (`module`,`delta`,`rid`)
) ENGINE=MyISAM DEFAULT CHARSET=utf8;

--
-- Dumping data for table `blocks_roles`
--

LOCK TABLES `blocks_roles` WRITE;
/*!40000 ALTER TABLE `blocks_roles` DISABLE KEYS */;
/*!40000 ALTER TABLE `blocks_roles` ENABLE KEYS */;
UNLOCK TABLES;

--
-- Table structure for table `boxes`
--

DROP TABLE IF EXISTS `boxes`;
CREATE TABLE `boxes` (
  `bid` int(11) NOT NULL auto_increment,
  `body` longtext,
  `info` varchar(128) NOT NULL default '',
  `format` int(11) NOT NULL default '0',
  PRIMARY KEY  (`bid`),
  UNIQUE KEY `info` (`info`)
) ENGINE=MyISAM DEFAULT CHARSET=utf8;

--
-- Dumping data for table `boxes`
--

LOCK TABLES `boxes` WRITE;
/*!40000 ALTER TABLE `boxes` DISABLE KEYS */;
/*!40000 ALTER TABLE `boxes` ENABLE KEYS */;
UNLOCK TABLES;

--
-- Table structure for table `cache`
--

DROP TABLE IF EXISTS `cache`;
CREATE TABLE `cache` (
  `cid` varchar(255) NOT NULL default '',
  `data` longblob,
  `expire` int(11) NOT NULL default '0',
  `created` int(11) NOT NULL default '0',
  `headers` text,
  PRIMARY KEY  (`cid`),
  KEY `expire` (`expire`)
) ENGINE=MyISAM DEFAULT CHARSET=utf8;

--
-- Dumping data for table `cache`
--

LOCK TABLES `cache` WRITE;
/*!40000 ALTER TABLE `cache` DISABLE KEYS */;
INSERT INTO `cache` VALUES ('variables','a:110:{s:13:\"theme_default\";s:7:\"garland\";s:13:\"filter_html_1\";i:1;s:18:\"node_options_forum\";a:1:{i:0;s:6:\"status\";}s:17:\"menu_primary_menu\";i:53;s:19:\"menu_secondary_menu\";i:53;s:15:\"install_profile\";s:7:\"default\";s:17:\"node_options_page\";a:1:{i:0;s:6:\"status\";}s:12:\"comment_page\";i:0;s:14:\"theme_settings\";a:1:{s:21:\"toggle_node_info_page\";b:0;}s:18:\"drupal_private_key\";s:64:\"6414d1192e845910fb9a4a80e4a86246ddd4e62f279a1a0a55fe3e86933c8db5\";s:22:\"content_schema_version\";i:1003;s:19:\"file_directory_temp\";s:26:\"/Applications/MAMP/tmp/php\";s:18:\"node_options_class\";a:1:{i:0;s:6:\"status\";}s:13:\"comment_class\";s:1:\"2\";s:21:\"node_options_property\";a:1:{i:0;s:6:\"status\";}s:16:\"comment_property\";s:1:\"2\";s:23:\"node_options_vocabulary\";a:2:{i:0;s:6:\"status\";i:1;s:7:\"promote\";}s:18:\"comment_vocabulary\";s:1:\"2\";s:9:\"clean_url\";s:1:\"1\";s:9:\"site_name\";s:9:\"Neologism\";s:9:\"site_mail\";s:21:\"scorlosquet@gmail.com\";s:11:\"site_slogan\";s:26:\"Easy Vocabulary Publishing\";s:12:\"site_mission\";s:0:\"\";s:11:\"site_footer\";s:0:\"\";s:9:\"anonymous\";s:9:\"Anonymous\";s:14:\"site_frontpage\";s:4:\"node\";s:22:\"theme_garland_settings\";a:20:{s:11:\"toggle_logo\";i:1;s:11:\"toggle_name\";i:1;s:13:\"toggle_slogan\";i:1;s:14:\"toggle_mission\";i:1;s:24:\"toggle_node_user_picture\";i:0;s:27:\"toggle_comment_user_picture\";i:0;s:13:\"toggle_search\";i:0;s:14:\"toggle_favicon\";i:1;s:12:\"default_logo\";i:1;s:9:\"logo_path\";s:0:\"\";s:11:\"logo_upload\";s:0:\"\";s:15:\"default_favicon\";i:1;s:12:\"favicon_path\";s:0:\"\";s:14:\"favicon_upload\";s:0:\"\";s:2:\"op\";s:18:\"Save configuration\";s:10:\"form_token\";s:32:\"85f9ecf83893b3bbc9f9abab0bb86dfe\";s:6:\"scheme\";s:39:\"#0072b9,#027ac6,#2385c2,#5ab5ee,#494949\";s:7:\"palette\";a:5:{s:4:\"base\";s:7:\"#0072b9\";s:4:\"link\";s:7:\"#027ac6\";s:3:\"top\";s:7:\"#2385c2\";s:6:\"bottom\";s:7:\"#5ab5ee\";s:4:\"text\";s:7:\"#494949\";}s:5:\"theme\";s:7:\"garland\";s:4:\"info\";a:9:{s:7:\"schemes\";a:16:{s:39:\"#0072b9,#027ac6,#2385c2,#5ab5ee,#494949\";s:21:\"Blue Lagoon (Default)\";s:39:\"#464849,#2f416f,#2a2b2d,#5d6779,#494949\";s:3:\"Ash\";s:39:\"#55c0e2,#000000,#085360,#007e94,#696969\";s:10:\"Aquamarine\";s:39:\"#d5b048,#6c420e,#331900,#971702,#494949\";s:17:\"Belgian Chocolate\";s:39:\"#3f3f3f,#336699,#6598cb,#6598cb,#000000\";s:10:\"Bluemarine\";s:39:\"#d0cb9a,#917803,#efde01,#e6fb2d,#494949\";s:12:\"Citrus Blast\";s:39:\"#0f005c,#434f8c,#4d91ff,#1a1575,#000000\";s:8:\"Cold Day\";s:39:\"#c9c497,#0c7a00,#03961e,#7be000,#494949\";s:9:\"Greenbeam\";s:39:\"#ffe23d,#a9290a,#fc6d1d,#a30f42,#494949\";s:11:\"Mediterrano\";s:39:\"#788597,#3f728d,#a9adbc,#d4d4d4,#707070\";s:7:\"Mercury\";s:39:\"#5b5fa9,#5b5faa,#0a2352,#9fa8d5,#494949\";s:9:\"Nocturnal\";s:39:\"#7db323,#6a9915,#b5d52a,#7db323,#191a19\";s:6:\"Olivia\";s:39:\"#12020b,#1b1a13,#f391c6,#f41063,#898080\";s:12:\"Pink Plastic\";s:39:\"#b7a0ba,#c70000,#a1443a,#f21107,#515d52\";s:12:\"Shiny Tomato\";s:39:\"#18583d,#1b5f42,#34775a,#52bf90,#2d2d2d\";s:8:\"Teal Top\";s:0:\"\";s:6:\"Custom\";}s:4:\"copy\";a:3:{i:0;s:25:\"images/menu-collapsed.gif\";i:1;s:24:\"images/menu-expanded.gif\";i:2;s:20:\"images/menu-leaf.gif\";}s:8:\"gradient\";a:4:{i:0;i:0;i:1;i:37;i:2;i:760;i:3;i:121;}s:4:\"fill\";a:2:{s:4:\"base\";a:4:{i:0;i:0;i:1;i:0;i:2;i:760;i:3;i:568;}s:4:\"link\";a:4:{i:0;i:107;i:1;i:533;i:2;i:41;i:3;i:23;}}s:6:\"slices\";a:13:{s:15:\"images/body.png\";a:4:{i:0;i:0;i:1;i:37;i:2;i:1;i:3;i:280;}s:17:\"images/bg-bar.png\";a:4:{i:0;i:202;i:1;i:530;i:2;i:76;i:3;i:14;}s:23:\"images/bg-bar-white.png\";a:4:{i:0;i:202;i:1;i:506;i:2;i:76;i:3;i:14;}s:17:\"images/bg-tab.png\";a:4:{i:0;i:107;i:1;i:533;i:2;i:41;i:3;i:23;}s:24:\"images/bg-navigation.png\";a:4:{i:0;i:0;i:1;i:0;i:2;i:7;i:3;i:37;}s:26:\"images/bg-content-left.png\";a:4:{i:0;i:40;i:1;i:117;i:2;i:50;i:3;i:352;}s:27:\"images/bg-content-right.png\";a:4:{i:0;i:510;i:1;i:117;i:2;i:50;i:3;i:352;}s:21:\"images/bg-content.png\";a:4:{i:0;i:299;i:1;i:117;i:2;i:7;i:3;i:200;}s:29:\"images/bg-navigation-item.png\";a:4:{i:0;i:32;i:1;i:37;i:2;i:17;i:3;i:12;}s:35:\"images/bg-navigation-item-hover.png\";a:4:{i:0;i:54;i:1;i:37;i:2;i:17;i:3;i:12;}s:25:\"images/gradient-inner.png\";a:4:{i:0;i:646;i:1;i:307;i:2;i:112;i:3;i:42;}s:8:\"logo.png\";a:4:{i:0;i:622;i:1;i:51;i:2;i:64;i:3;i:73;}s:14:\"screenshot.png\";a:4:{i:0;i:0;i:1;i:37;i:2;i:400;i:3;i:240;}}s:12:\"blend_target\";s:7:\"#ffffff\";s:13:\"preview_image\";s:17:\"color/preview.png\";s:11:\"preview_css\";s:17:\"color/preview.css\";s:10:\"base_image\";s:14:\"color/base.png\";}}s:19:\"pathauto_modulelist\";a:2:{i:0;s:4:\"node\";i:1;s:4:\"user\";}s:31:\"pathauto_taxonomy_supportsfeeds\";s:6:\"0/feed\";s:25:\"pathauto_taxonomy_pattern\";s:34:\"category/[vocab-raw]/[catpath-raw]\";s:28:\"pathauto_taxonomy_bulkupdate\";i:0;s:27:\"pathauto_taxonomy_2_pattern\";s:0:\"\";s:27:\"pathauto_taxonomy_1_pattern\";s:0:\"\";s:21:\"pathauto_ignore_words\";s:0:\"\";s:34:\"pathauto_punctuation_double_quotes\";s:1:\"0\";s:21:\"pathauto_indexaliases\";b:0;s:32:\"pathauto_indexaliases_bulkupdate\";b:0;s:29:\"pathauto_max_component_length\";s:3:\"100\";s:19:\"pathauto_max_length\";s:3:\"100\";s:24:\"pathauto_node_bulkupdate\";i:0;s:27:\"pathauto_node_forum_pattern\";s:0:\"\";s:27:\"pathauto_node_image_pattern\";s:0:\"\";s:26:\"pathauto_node_page_pattern\";s:0:\"\";s:21:\"pathauto_node_pattern\";s:0:\"\";s:27:\"pathauto_node_story_pattern\";s:0:\"\";s:18:\"pathauto_separator\";s:1:\"-\";s:22:\"pathauto_update_action\";s:1:\"2\";s:24:\"pathauto_user_bulkupdate\";i:0;s:21:\"pathauto_user_pattern\";s:16:\"users/[user-raw]\";s:27:\"pathauto_user_supportsfeeds\";N;s:16:\"pathauto_verbose\";i:1;s:22:\"pathauto_transliterate\";b:0;s:27:\"pathauto_node_supportsfeeds\";s:4:\"feed\";s:13:\"pathauto_case\";s:1:\"0\";s:24:\"pathauto_max_bulk_update\";s:2:\"50\";s:21:\"pathauto_reduce_ascii\";i:0;s:27:\"pathauto_punctuation_quotes\";s:1:\"0\";s:29:\"pathauto_punctuation_backtick\";s:1:\"0\";s:26:\"pathauto_punctuation_comma\";s:1:\"0\";s:27:\"pathauto_punctuation_period\";s:1:\"0\";s:27:\"pathauto_punctuation_hyphen\";s:1:\"1\";s:31:\"pathauto_punctuation_underscore\";s:1:\"0\";s:26:\"pathauto_punctuation_colon\";s:1:\"0\";s:30:\"pathauto_punctuation_semicolon\";s:1:\"0\";s:25:\"pathauto_punctuation_pipe\";s:1:\"0\";s:31:\"pathauto_punctuation_left_curly\";s:1:\"0\";s:32:\"pathauto_punctuation_left_square\";s:1:\"0\";s:32:\"pathauto_punctuation_right_curly\";s:1:\"0\";s:33:\"pathauto_punctuation_right_square\";s:1:\"0\";s:25:\"pathauto_punctuation_plus\";s:1:\"0\";s:26:\"pathauto_punctuation_equal\";s:1:\"0\";s:29:\"pathauto_punctuation_asterisk\";s:1:\"0\";s:30:\"pathauto_punctuation_ampersand\";s:1:\"0\";s:28:\"pathauto_punctuation_percent\";s:1:\"0\";s:26:\"pathauto_punctuation_caret\";s:1:\"0\";s:27:\"pathauto_punctuation_dollar\";s:1:\"0\";s:25:\"pathauto_punctuation_hash\";s:1:\"2\";s:23:\"pathauto_punctuation_at\";s:1:\"0\";s:32:\"pathauto_punctuation_exclamation\";s:1:\"0\";s:26:\"pathauto_punctuation_tilde\";s:1:\"0\";s:37:\"pathauto_punctuation_left_parenthesis\";s:1:\"0\";s:38:\"pathauto_punctuation_right_parenthesis\";s:1:\"0\";s:34:\"pathauto_punctuation_question_mark\";s:1:\"0\";s:30:\"pathauto_punctuation_less_than\";s:1:\"0\";s:33:\"pathauto_punctuation_greater_than\";s:1:\"0\";s:31:\"pathauto_punctuation_back_slash\";s:1:\"0\";s:19:\"update_access_fixed\";b:1;s:30:\"pathauto_node_property_pattern\";s:0:\"\";s:26:\"pathauto_node_applytofeeds\";s:4:\"feed\";s:30:\"pathauto_taxonomy_applytofeeds\";s:0:\"\";s:27:\"pathauto_node_class_pattern\";s:0:\"\";s:9:\"cron_last\";i:1205431327;s:32:\"pathauto_node_vocabulary_pattern\";s:21:\"neologism/[title-raw]\";s:13:\"user_register\";s:1:\"2\";s:23:\"user_email_verification\";i:1;s:22:\"user_registration_help\";s:0:\"\";s:25:\"user_mail_welcome_subject\";s:38:\"Account details for !username at !site\";s:22:\"user_mail_welcome_body\";s:442:\"!username,\r\n\r\nThank you for registering at !site. You may now log in to !login_uri using the following username and password:\r\n\r\nusername: !username\r\npassword: !password\r\n\r\nYou may also log in by clicking on this link or copying and pasting it in your browser:\r\n\r\n!login_url\r\n\r\nThis is a one-time login, so it can be used only once.\r\n\r\nAfter logging in, you will be redirected to !edit_uri so you can change your password.\r\n\r\n\r\n--  !site team\";s:23:\"user_mail_admin_subject\";s:52:\"An administrator created an account for you at !site\";s:20:\"user_mail_admin_body\";s:468:\"!username,\r\n\r\nA site administrator at !site has created an account for you. You may now log in to !login_uri using the following username and password:\r\n\r\nusername: !username\r\npassword: !password\r\n\r\nYou may also log in by clicking on this link or copying and pasting it in your browser:\r\n\r\n!login_url\r\n\r\nThis is a one-time login, so it can be used only once.\r\n\r\nAfter logging in, you will be redirected to !edit_uri so you can change your password.\r\n\r\n\r\n--  !site team\";s:26:\"user_mail_approval_subject\";s:63:\"Account details for !username at !site (pending admin approval)\";s:23:\"user_mail_approval_body\";s:508:\"!username,\r\n\r\nThank you for registering at !site. Your application for an account is currently pending approval. Once it has been granted, you may log in to !login_uri using the following username and password:\r\n\r\nusername: !username\r\npassword: !password\r\n\r\nYou may also log in by clicking on this link or copying and pasting it in your browser:\r\n\r\n!login_url\r\n\r\nThis is a one-time login, so it can be used only once.\r\n\r\nAfter logging in, you may wish to change your password at !edit_uri\r\n\r\n\r\n--  !site team\";s:22:\"user_mail_pass_subject\";s:52:\"Replacement login information for !username at !site\";s:19:\"user_mail_pass_body\";s:419:\"!username,\r\n\r\nA request to reset the password for your account has been made at !site.\r\n\r\nYou may now log in to !uri_brief by clicking on this link or copying and pasting it in your browser:\r\n\r\n!login_url\r\n\r\nThis is a one-time login, so it can be used only once. It expires after one day and nothing will happen if it\'s not used.\r\n\r\nAfter logging in, you will be redirected to !edit_uri so you can change your password.\";s:13:\"user_pictures\";s:1:\"0\";s:17:\"user_picture_path\";s:8:\"pictures\";s:20:\"user_picture_default\";s:0:\"\";s:23:\"user_picture_dimensions\";s:5:\"85x85\";s:22:\"user_picture_file_size\";s:2:\"30\";s:23:\"user_picture_guidelines\";s:0:\"\";}',0,1205457070,'');
/*!40000 ALTER TABLE `cache` ENABLE KEYS */;
UNLOCK TABLES;

--
-- Table structure for table `cache_content`
--

DROP TABLE IF EXISTS `cache_content`;
CREATE TABLE `cache_content` (
  `cid` varchar(255) NOT NULL default '',
  `data` longblob,
  `expire` int(11) NOT NULL default '0',
  `created` int(11) NOT NULL default '0',
  `headers` text,
  PRIMARY KEY  (`cid`),
  KEY `expire` (`expire`)
) ENGINE=MyISAM DEFAULT CHARSET=utf8;

--
-- Dumping data for table `cache_content`
--

LOCK TABLES `cache_content` WRITE;
/*!40000 ALTER TABLE `cache_content` DISABLE KEYS */;
INSERT INTO `cache_content` VALUES ('content:16:16','a:1:{s:8:\"field_id\";a:1:{i:0;a:1:{s:5:\"value\";s:18:\"My Cars Vocabulary\";}}}',0,1205442384,''),('content:2:2','a:4:{s:16:\"field_vocabulary\";a:1:{i:0;a:1:{s:3:\"nid\";s:1:\"1\";}}s:8:\"field_id\";a:1:{i:0;a:1:{s:5:\"value\";s:8:\"Location\";}}s:16:\"field_subclassof\";a:1:{i:0;a:1:{s:3:\"nid\";s:1:\"0\";}}s:18:\"field_disjointwith\";a:1:{i:0;a:1:{s:3:\"nid\";s:1:\"0\";}}}',0,1205441649,''),('content:3:3','a:4:{s:16:\"field_vocabulary\";a:1:{i:0;a:1:{s:3:\"nid\";s:1:\"1\";}}s:8:\"field_id\";a:1:{i:0;a:1:{s:5:\"value\";s:4:\"Room\";}}s:16:\"field_subclassof\";a:1:{i:0;a:1:{s:3:\"nid\";s:1:\"0\";}}s:18:\"field_disjointwith\";a:1:{i:0;a:1:{s:3:\"nid\";s:1:\"0\";}}}',0,1205441649,''),('content:4:4','a:4:{s:16:\"field_vocabulary\";a:1:{i:0;a:1:{s:3:\"nid\";s:1:\"1\";}}s:8:\"field_id\";a:1:{i:0;a:1:{s:5:\"value\";s:6:\"Player\";}}s:16:\"field_subclassof\";a:1:{i:0;a:1:{s:3:\"nid\";s:1:\"0\";}}s:18:\"field_disjointwith\";a:1:{i:0;a:1:{s:3:\"nid\";s:1:\"5\";}}}',0,1205441649,''),('content:5:5','a:4:{s:16:\"field_vocabulary\";a:1:{i:0;a:1:{s:3:\"nid\";s:1:\"1\";}}s:8:\"field_id\";a:1:{i:0;a:1:{s:5:\"value\";s:4:\"Team\";}}s:16:\"field_subclassof\";a:1:{i:0;a:1:{s:3:\"nid\";s:1:\"0\";}}s:18:\"field_disjointwith\";a:1:{i:0;a:1:{s:3:\"nid\";s:1:\"0\";}}}',0,1205441649,''),('content:7:7','a:4:{s:16:\"field_vocabulary\";a:1:{i:0;a:1:{s:3:\"nid\";s:1:\"1\";}}s:8:\"field_id\";a:1:{i:0;a:1:{s:5:\"value\";s:10:\"Bad player\";}}s:16:\"field_subclassof\";a:1:{i:0;a:1:{s:3:\"nid\";s:1:\"4\";}}s:18:\"field_disjointwith\";a:1:{i:0;a:1:{s:3:\"nid\";s:1:\"9\";}}}',0,1205441649,''),('content:9:9','a:4:{s:16:\"field_vocabulary\";a:1:{i:0;a:1:{s:3:\"nid\";s:1:\"1\";}}s:8:\"field_id\";a:1:{i:0;a:1:{s:5:\"value\";s:11:\"Good player\";}}s:16:\"field_subclassof\";a:1:{i:0;a:1:{s:3:\"nid\";s:1:\"4\";}}s:18:\"field_disjointwith\";a:1:{i:0;a:1:{s:3:\"nid\";s:1:\"7\";}}}',0,1205441649,''),('content:6:6','a:6:{s:16:\"field_vocabulary\";a:1:{i:0;a:1:{s:3:\"nid\";s:1:\"1\";}}s:8:\"field_id\";a:1:{i:0;a:1:{s:5:\"value\";s:10:\"has player\";}}s:12:\"field_domain\";a:1:{i:0;a:1:{s:3:\"nid\";s:1:\"5\";}}s:11:\"field_range\";a:1:{i:0;a:1:{s:3:\"nid\";s:1:\"4\";}}s:13:\"field_inverse\";a:1:{i:0;a:1:{s:3:\"nid\";s:1:\"0\";}}s:19:\"field_subpropertyof\";a:1:{i:0;a:1:{s:3:\"nid\";s:1:\"0\";}}}',0,1205441649,''),('content:8:8','a:6:{s:16:\"field_vocabulary\";a:1:{i:0;a:1:{s:3:\"nid\";s:1:\"1\";}}s:8:\"field_id\";a:1:{i:0;a:1:{s:5:\"value\";s:6:\"annoys\";}}s:12:\"field_domain\";a:1:{i:0;a:1:{s:3:\"nid\";s:1:\"7\";}}s:11:\"field_range\";a:1:{i:0;a:1:{s:3:\"nid\";s:1:\"4\";}}s:13:\"field_inverse\";a:1:{i:0;a:1:{s:3:\"nid\";s:1:\"0\";}}s:19:\"field_subpropertyof\";a:1:{i:0;a:1:{s:3:\"nid\";s:1:\"0\";}}}',0,1205441649,''),('content:10:10','a:6:{s:16:\"field_vocabulary\";a:1:{i:0;a:1:{s:3:\"nid\";s:1:\"1\";}}s:8:\"field_id\";a:1:{i:0;a:1:{s:5:\"value\";s:10:\"challenges\";}}s:12:\"field_domain\";a:1:{i:0;a:1:{s:3:\"nid\";s:1:\"4\";}}s:11:\"field_range\";a:1:{i:0;a:1:{s:3:\"nid\";s:1:\"4\";}}s:13:\"field_inverse\";a:1:{i:0;a:1:{s:3:\"nid\";s:2:\"11\";}}s:19:\"field_subpropertyof\";a:1:{i:0;a:1:{s:3:\"nid\";s:1:\"0\";}}}',0,1205441649,''),('content:11:11','a:6:{s:16:\"field_vocabulary\";a:1:{i:0;a:1:{s:3:\"nid\";s:1:\"1\";}}s:8:\"field_id\";a:1:{i:0;a:1:{s:5:\"value\";s:8:\"boycotts\";}}s:12:\"field_domain\";a:1:{i:0;a:1:{s:3:\"nid\";s:1:\"4\";}}s:11:\"field_range\";a:1:{i:0;a:1:{s:3:\"nid\";s:1:\"4\";}}s:13:\"field_inverse\";a:1:{i:0;a:1:{s:3:\"nid\";s:2:\"10\";}}s:19:\"field_subpropertyof\";a:1:{i:0;a:1:{s:3:\"nid\";s:1:\"0\";}}}',0,1205441649,''),('content:12:12','a:6:{s:16:\"field_vocabulary\";a:1:{i:0;a:1:{s:3:\"nid\";s:1:\"1\";}}s:8:\"field_id\";a:1:{i:0;a:1:{s:5:\"value\";s:11:\"has Captain\";}}s:12:\"field_domain\";a:1:{i:0;a:1:{s:3:\"nid\";s:1:\"5\";}}s:11:\"field_range\";a:1:{i:0;a:1:{s:3:\"nid\";s:1:\"4\";}}s:13:\"field_inverse\";a:1:{i:0;a:1:{s:3:\"nid\";s:1:\"0\";}}s:19:\"field_subpropertyof\";a:1:{i:0;a:1:{s:3:\"nid\";s:1:\"6\";}}}',0,1205456998,''),('content:17:17','a:4:{s:16:\"field_vocabulary\";a:1:{i:0;a:1:{s:3:\"nid\";s:2:\"16\";}}s:8:\"field_id\";a:1:{i:0;a:1:{s:5:\"value\";s:3:\"Car\";}}s:16:\"field_subclassof\";a:1:{i:0;a:1:{s:3:\"nid\";s:1:\"0\";}}s:18:\"field_disjointwith\";a:1:{i:0;a:1:{s:3:\"nid\";s:1:\"0\";}}}',0,1205442379,''),('content:18:18','a:4:{s:16:\"field_vocabulary\";a:1:{i:0;a:1:{s:3:\"nid\";s:2:\"16\";}}s:8:\"field_id\";a:1:{i:0;a:1:{s:5:\"value\";s:6:\"Driver\";}}s:16:\"field_subclassof\";a:1:{i:0;a:1:{s:3:\"nid\";s:1:\"0\";}}s:18:\"field_disjointwith\";a:1:{i:0;a:1:{s:3:\"nid\";s:2:\"17\";}}}',0,1205442379,''),('content:19:19','a:4:{s:16:\"field_vocabulary\";a:1:{i:0;a:1:{s:3:\"nid\";s:2:\"16\";}}s:8:\"field_id\";a:1:{i:0;a:1:{s:5:\"value\";s:7:\"Racecar\";}}s:16:\"field_subclassof\";a:1:{i:0;a:1:{s:3:\"nid\";s:2:\"17\";}}s:18:\"field_disjointwith\";a:1:{i:0;a:1:{s:3:\"nid\";s:1:\"0\";}}}',0,1205442379,''),('content:20:20','a:6:{s:16:\"field_vocabulary\";a:1:{i:0;a:1:{s:3:\"nid\";s:2:\"16\";}}s:8:\"field_id\";a:1:{i:0;a:1:{s:5:\"value\";s:6:\"drives\";}}s:12:\"field_domain\";a:1:{i:0;a:1:{s:3:\"nid\";s:2:\"18\";}}s:11:\"field_range\";a:1:{i:0;a:1:{s:3:\"nid\";s:2:\"17\";}}s:13:\"field_inverse\";a:1:{i:0;a:1:{s:3:\"nid\";s:1:\"0\";}}s:19:\"field_subpropertyof\";a:1:{i:0;a:1:{s:3:\"nid\";s:1:\"0\";}}}',0,1205442379,''),('content_type_info','a:4:{s:11:\"field types\";a:3:{s:13:\"nodereference\";a:3:{s:5:\"label\";s:14:\"Node Reference\";s:6:\"module\";s:13:\"nodereference\";s:10:\"formatters\";a:4:{s:7:\"default\";a:3:{s:5:\"label\";s:12:\"Title (link)\";s:11:\"field types\";a:1:{i:0;s:13:\"nodereference\";}s:6:\"module\";s:13:\"nodereference\";}s:5:\"plain\";a:3:{s:5:\"label\";s:15:\"Title (no link)\";s:11:\"field types\";a:1:{i:0;s:13:\"nodereference\";}s:6:\"module\";s:13:\"nodereference\";}s:4:\"full\";a:3:{s:5:\"label\";s:9:\"Full node\";s:11:\"field types\";a:1:{i:0;s:13:\"nodereference\";}s:6:\"module\";s:13:\"nodereference\";}s:6:\"teaser\";a:3:{s:5:\"label\";s:6:\"Teaser\";s:11:\"field types\";a:1:{i:0;s:13:\"nodereference\";}s:6:\"module\";s:13:\"nodereference\";}}}s:4:\"text\";a:3:{s:5:\"label\";s:4:\"Text\";s:6:\"module\";s:4:\"text\";s:10:\"formatters\";a:3:{s:7:\"default\";a:3:{s:5:\"label\";s:7:\"Default\";s:11:\"field types\";a:1:{i:0;s:4:\"text\";}s:6:\"module\";s:4:\"text\";}s:5:\"plain\";a:3:{s:5:\"label\";s:10:\"Plain text\";s:11:\"field types\";a:1:{i:0;s:4:\"text\";}s:6:\"module\";s:4:\"text\";}s:7:\"trimmed\";a:3:{s:5:\"label\";s:7:\"Trimmed\";s:11:\"field types\";a:1:{i:0;s:4:\"text\";}s:6:\"module\";s:4:\"text\";}}}s:13:\"userreference\";a:3:{s:5:\"label\";s:14:\"User Reference\";s:6:\"module\";s:13:\"userreference\";s:10:\"formatters\";a:2:{s:7:\"default\";a:3:{s:5:\"label\";s:7:\"Default\";s:11:\"field types\";a:1:{i:0;s:13:\"userreference\";}s:6:\"module\";s:13:\"userreference\";}s:5:\"plain\";a:3:{s:5:\"label\";s:10:\"Plain text\";s:11:\"field types\";a:1:{i:0;s:13:\"userreference\";}s:6:\"module\";s:13:\"userreference\";}}}}s:12:\"widget types\";a:9:{s:20:\"nodereference_select\";a:3:{s:5:\"label\";s:11:\"Select List\";s:11:\"field types\";a:1:{i:0;s:13:\"nodereference\";}s:6:\"module\";s:13:\"nodereference\";}s:26:\"nodereference_autocomplete\";a:3:{s:5:\"label\";s:23:\"Autocomplete Text Field\";s:11:\"field types\";a:1:{i:0;s:13:\"nodereference\";}s:6:\"module\";s:13:\"nodereference\";}s:14:\"options_select\";a:3:{s:5:\"label\";s:11:\"Select list\";s:11:\"field types\";a:3:{i:0;s:4:\"text\";i:1;s:14:\"number_integer\";i:2;s:14:\"number_decimal\";}s:6:\"module\";s:13:\"optionwidgets\";}s:15:\"options_buttons\";a:3:{s:5:\"label\";s:25:\"Check boxes/radio buttons\";s:11:\"field types\";a:3:{i:0;s:4:\"text\";i:1;s:14:\"number_integer\";i:2;s:14:\"number_decimal\";}s:6:\"module\";s:13:\"optionwidgets\";}s:13:\"options_onoff\";a:3:{s:5:\"label\";s:22:\"Single on/off checkbox\";s:11:\"field types\";a:3:{i:0;s:4:\"text\";i:1;s:14:\"number_integer\";i:2;s:14:\"number_decimal\";}s:6:\"module\";s:13:\"optionwidgets\";}s:4:\"text\";a:3:{s:5:\"label\";s:10:\"Text Field\";s:11:\"field types\";a:1:{i:0;s:4:\"text\";}s:6:\"module\";s:4:\"text\";}s:20:\"userreference_select\";a:3:{s:5:\"label\";s:11:\"Select List\";s:11:\"field types\";a:1:{i:0;s:13:\"userreference\";}s:6:\"module\";s:13:\"userreference\";}s:26:\"userreference_autocomplete\";a:3:{s:5:\"label\";s:23:\"Autocomplete Text Field\";s:11:\"field types\";a:1:{i:0;s:13:\"userreference\";}s:6:\"module\";s:13:\"userreference\";}s:18:\"multiselect_select\";a:3:{s:5:\"label\";s:16:\"Multiselect List\";s:11:\"field types\";a:1:{i:0;s:13:\"nodereference\";}s:6:\"module\";s:11:\"multiselect\";}}s:6:\"fields\";a:10:{s:8:\"field_id\";a:11:{s:10:\"field_name\";s:8:\"field_id\";s:4:\"type\";s:4:\"text\";s:8:\"required\";s:1:\"1\";s:8:\"multiple\";s:1:\"0\";s:10:\"db_storage\";s:1:\"0\";s:15:\"text_processing\";s:1:\"0\";s:10:\"max_length\";s:0:\"\";s:14:\"allowed_values\";s:0:\"\";s:18:\"allowed_values_php\";s:0:\"\";s:6:\"widget\";a:1:{s:5:\"label\";s:5:\"label\";}s:9:\"type_name\";s:5:\"class\";}s:16:\"field_vocabulary\";a:8:{s:10:\"field_name\";s:16:\"field_vocabulary\";s:4:\"type\";s:13:\"nodereference\";s:8:\"required\";s:1:\"1\";s:8:\"multiple\";s:1:\"0\";s:10:\"db_storage\";s:1:\"0\";s:19:\"referenceable_types\";a:5:{s:10:\"vocabulary\";s:10:\"vocabulary\";s:5:\"class\";i:0;s:4:\"page\";i:0;s:8:\"property\";i:0;s:5:\"story\";i:0;}s:6:\"widget\";a:1:{s:5:\"label\";s:10:\"vocabulary\";}s:9:\"type_name\";s:5:\"class\";}s:16:\"field_subclassof\";a:8:{s:10:\"field_name\";s:16:\"field_subclassof\";s:4:\"type\";s:13:\"nodereference\";s:8:\"required\";s:1:\"0\";s:8:\"multiple\";s:1:\"0\";s:10:\"db_storage\";s:1:\"1\";s:19:\"referenceable_types\";a:5:{s:5:\"class\";s:5:\"class\";s:4:\"page\";i:0;s:8:\"property\";i:0;s:5:\"story\";i:0;s:10:\"vocabulary\";i:0;}s:6:\"widget\";a:1:{s:5:\"label\";s:10:\"subClassOf\";}s:9:\"type_name\";s:5:\"class\";}s:18:\"field_disjointwith\";a:8:{s:10:\"field_name\";s:18:\"field_disjointwith\";s:4:\"type\";s:13:\"nodereference\";s:8:\"required\";s:1:\"0\";s:8:\"multiple\";s:1:\"1\";s:10:\"db_storage\";s:1:\"0\";s:19:\"referenceable_types\";a:4:{s:5:\"class\";s:5:\"class\";s:4:\"page\";i:0;s:8:\"property\";i:0;s:10:\"vocabulary\";i:0;}s:6:\"widget\";a:1:{s:5:\"label\";s:12:\"disjointWith\";}s:9:\"type_name\";s:5:\"class\";}s:11:\"field_range\";a:8:{s:10:\"field_name\";s:11:\"field_range\";s:4:\"type\";s:13:\"nodereference\";s:8:\"required\";s:1:\"0\";s:8:\"multiple\";s:1:\"0\";s:10:\"db_storage\";s:1:\"1\";s:19:\"referenceable_types\";a:5:{s:5:\"class\";s:5:\"class\";s:4:\"page\";i:0;s:8:\"property\";i:0;s:5:\"story\";i:0;s:10:\"vocabulary\";i:0;}s:6:\"widget\";a:1:{s:5:\"label\";s:5:\"range\";}s:9:\"type_name\";s:8:\"property\";}s:12:\"field_domain\";a:8:{s:10:\"field_name\";s:12:\"field_domain\";s:4:\"type\";s:13:\"nodereference\";s:8:\"required\";s:1:\"0\";s:8:\"multiple\";s:1:\"0\";s:10:\"db_storage\";s:1:\"1\";s:19:\"referenceable_types\";a:5:{s:5:\"class\";s:5:\"class\";s:4:\"page\";i:0;s:8:\"property\";i:0;s:5:\"story\";i:0;s:10:\"vocabulary\";i:0;}s:6:\"widget\";a:1:{s:5:\"label\";s:6:\"domain\";}s:9:\"type_name\";s:8:\"property\";}s:13:\"field_inverse\";a:8:{s:10:\"field_name\";s:13:\"field_inverse\";s:4:\"type\";s:13:\"nodereference\";s:8:\"required\";s:1:\"0\";s:8:\"multiple\";s:1:\"0\";s:10:\"db_storage\";s:1:\"1\";s:19:\"referenceable_types\";a:5:{s:8:\"property\";s:8:\"property\";s:5:\"class\";i:0;s:4:\"page\";i:0;s:5:\"story\";i:0;s:10:\"vocabulary\";i:0;}s:6:\"widget\";a:1:{s:5:\"label\";s:7:\"inverse\";}s:9:\"type_name\";s:8:\"property\";}s:19:\"field_subpropertyof\";a:8:{s:10:\"field_name\";s:19:\"field_subpropertyof\";s:4:\"type\";s:13:\"nodereference\";s:8:\"required\";s:1:\"0\";s:8:\"multiple\";s:1:\"0\";s:10:\"db_storage\";s:1:\"1\";s:19:\"referenceable_types\";a:5:{s:8:\"property\";s:8:\"property\";s:5:\"class\";i:0;s:4:\"page\";i:0;s:5:\"story\";i:0;s:10:\"vocabulary\";i:0;}s:6:\"widget\";a:1:{s:5:\"label\";s:13:\"subPropertyOf\";}s:9:\"type_name\";s:8:\"property\";}s:13:\"field_authors\";a:8:{s:10:\"field_name\";s:13:\"field_authors\";s:4:\"type\";s:13:\"userreference\";s:8:\"required\";s:1:\"0\";s:8:\"multiple\";s:1:\"1\";s:10:\"db_storage\";s:1:\"0\";s:19:\"referenceable_roles\";a:1:{i:2;i:0;}s:6:\"widget\";a:1:{s:5:\"label\";s:7:\"authors\";}s:9:\"type_name\";s:10:\"vocabulary\";}s:14:\"field_abstract\";a:11:{s:10:\"field_name\";s:14:\"field_abstract\";s:4:\"type\";s:4:\"text\";s:8:\"required\";s:1:\"0\";s:8:\"multiple\";s:1:\"0\";s:10:\"db_storage\";s:1:\"1\";s:15:\"text_processing\";s:1:\"0\";s:10:\"max_length\";s:0:\"\";s:14:\"allowed_values\";s:0:\"\";s:18:\"allowed_values_php\";s:0:\"\";s:6:\"widget\";a:1:{s:5:\"label\";s:8:\"abstract\";}s:9:\"type_name\";s:10:\"vocabulary\";}}s:13:\"content types\";a:4:{s:5:\"class\";a:16:{s:4:\"type\";s:5:\"class\";s:4:\"name\";s:5:\"Class\";s:6:\"module\";s:4:\"node\";s:11:\"description\";s:0:\"\";s:4:\"help\";s:0:\"\";s:9:\"has_title\";s:1:\"1\";s:11:\"title_label\";s:2:\"id\";s:8:\"has_body\";s:1:\"1\";s:10:\"body_label\";s:7:\"comment\";s:14:\"min_word_count\";s:1:\"0\";s:6:\"custom\";s:1:\"1\";s:8:\"modified\";s:1:\"1\";s:6:\"locked\";s:1:\"0\";s:9:\"orig_type\";s:0:\"\";s:7:\"url_str\";s:5:\"class\";s:6:\"fields\";a:4:{s:16:\"field_vocabulary\";a:9:{s:10:\"field_name\";s:16:\"field_vocabulary\";s:4:\"type\";s:13:\"nodereference\";s:8:\"required\";s:1:\"1\";s:8:\"multiple\";s:1:\"0\";s:10:\"db_storage\";s:1:\"0\";s:19:\"referenceable_types\";a:5:{s:10:\"vocabulary\";s:10:\"vocabulary\";s:5:\"class\";i:0;s:4:\"page\";i:0;s:8:\"property\";i:0;s:5:\"story\";i:0;}s:6:\"widget\";a:6:{s:13:\"default_value\";a:1:{i:0;a:2:{s:3:\"nid\";s:1:\"0\";s:11:\"error_field\";s:22:\"field_vocabulary][nids\";}}s:17:\"default_value_php\";s:0:\"\";s:4:\"type\";s:20:\"nodereference_select\";s:6:\"weight\";s:3:\"-10\";s:5:\"label\";s:10:\"vocabulary\";s:11:\"description\";s:45:\"Specify the vocabulary this class belongs to.\";}s:9:\"type_name\";s:5:\"class\";s:16:\"display_settings\";a:3:{s:5:\"label\";a:1:{s:6:\"format\";s:6:\"inline\";}s:6:\"teaser\";a:1:{s:6:\"format\";s:6:\"hidden\";}s:4:\"full\";a:1:{s:6:\"format\";s:7:\"default\";}}}s:8:\"field_id\";a:12:{s:10:\"field_name\";s:8:\"field_id\";s:4:\"type\";s:4:\"text\";s:8:\"required\";s:1:\"1\";s:8:\"multiple\";s:1:\"0\";s:10:\"db_storage\";s:1:\"0\";s:15:\"text_processing\";s:1:\"0\";s:10:\"max_length\";s:0:\"\";s:14:\"allowed_values\";s:0:\"\";s:18:\"allowed_values_php\";s:0:\"\";s:6:\"widget\";a:7:{s:13:\"default_value\";a:1:{i:0;a:1:{s:5:\"value\";s:0:\"\";}}s:17:\"default_value_php\";s:0:\"\";s:4:\"rows\";s:1:\"1\";s:4:\"type\";s:4:\"text\";s:6:\"weight\";s:2:\"-4\";s:5:\"label\";s:5:\"label\";s:11:\"description\";s:0:\"\";}s:9:\"type_name\";s:5:\"class\";s:16:\"display_settings\";a:3:{s:5:\"label\";a:1:{s:6:\"format\";s:6:\"inline\";}s:6:\"teaser\";a:1:{s:6:\"format\";s:7:\"default\";}s:4:\"full\";a:1:{s:6:\"format\";s:7:\"default\";}}}s:16:\"field_subclassof\";a:9:{s:10:\"field_name\";s:16:\"field_subclassof\";s:4:\"type\";s:13:\"nodereference\";s:8:\"required\";s:1:\"0\";s:8:\"multiple\";s:1:\"0\";s:10:\"db_storage\";s:1:\"1\";s:19:\"referenceable_types\";a:5:{s:5:\"class\";s:5:\"class\";s:4:\"page\";i:0;s:8:\"property\";i:0;s:5:\"story\";i:0;s:10:\"vocabulary\";i:0;}s:6:\"widget\";a:6:{s:13:\"default_value\";a:1:{i:0;a:2:{s:3:\"nid\";s:1:\"0\";s:11:\"error_field\";s:22:\"field_subclassof][nids\";}}s:17:\"default_value_php\";s:0:\"\";s:4:\"type\";s:20:\"nodereference_select\";s:6:\"weight\";s:2:\"-3\";s:5:\"label\";s:10:\"subClassOf\";s:11:\"description\";s:0:\"\";}s:9:\"type_name\";s:5:\"class\";s:16:\"display_settings\";a:3:{s:5:\"label\";a:1:{s:6:\"format\";s:6:\"inline\";}s:6:\"teaser\";a:1:{s:6:\"format\";s:7:\"default\";}s:4:\"full\";a:1:{s:6:\"format\";s:7:\"default\";}}}s:18:\"field_disjointwith\";a:9:{s:10:\"field_name\";s:18:\"field_disjointwith\";s:4:\"type\";s:13:\"nodereference\";s:8:\"required\";s:1:\"0\";s:8:\"multiple\";s:1:\"1\";s:10:\"db_storage\";s:1:\"0\";s:19:\"referenceable_types\";a:4:{s:5:\"class\";s:5:\"class\";s:4:\"page\";i:0;s:8:\"property\";i:0;s:10:\"vocabulary\";i:0;}s:6:\"widget\";a:6:{s:13:\"default_value\";a:1:{i:0;a:2:{s:3:\"nid\";s:1:\"0\";s:11:\"error_field\";s:24:\"field_disjointwith][nids\";}}s:17:\"default_value_php\";s:0:\"\";s:4:\"type\";s:18:\"multiselect_select\";s:6:\"weight\";s:2:\"-2\";s:5:\"label\";s:12:\"disjointWith\";s:11:\"description\";s:0:\"\";}s:9:\"type_name\";s:5:\"class\";s:16:\"display_settings\";a:3:{s:5:\"label\";a:1:{s:6:\"format\";s:6:\"inline\";}s:6:\"teaser\";a:1:{s:6:\"format\";s:7:\"default\";}s:4:\"full\";a:1:{s:6:\"format\";s:7:\"default\";}}}}}s:4:\"page\";a:16:{s:4:\"type\";s:4:\"page\";s:4:\"name\";s:4:\"Page\";s:6:\"module\";s:4:\"node\";s:11:\"description\";s:83:\"If you want to add a static page, like a contact page or an about page, use a page.\";s:4:\"help\";s:0:\"\";s:9:\"has_title\";s:1:\"1\";s:11:\"title_label\";s:5:\"Title\";s:8:\"has_body\";s:1:\"1\";s:10:\"body_label\";s:4:\"Body\";s:14:\"min_word_count\";s:1:\"0\";s:6:\"custom\";s:1:\"1\";s:8:\"modified\";s:1:\"1\";s:6:\"locked\";s:1:\"0\";s:9:\"orig_type\";s:4:\"page\";s:7:\"url_str\";s:4:\"page\";s:6:\"fields\";a:0:{}}s:8:\"property\";a:16:{s:4:\"type\";s:8:\"property\";s:4:\"name\";s:8:\"Property\";s:6:\"module\";s:4:\"node\";s:11:\"description\";s:0:\"\";s:4:\"help\";s:0:\"\";s:9:\"has_title\";s:1:\"1\";s:11:\"title_label\";s:2:\"id\";s:8:\"has_body\";s:1:\"1\";s:10:\"body_label\";s:7:\"comment\";s:14:\"min_word_count\";s:1:\"0\";s:6:\"custom\";s:1:\"1\";s:8:\"modified\";s:1:\"1\";s:6:\"locked\";s:1:\"0\";s:9:\"orig_type\";s:0:\"\";s:7:\"url_str\";s:8:\"property\";s:6:\"fields\";a:6:{s:16:\"field_vocabulary\";a:9:{s:10:\"field_name\";s:16:\"field_vocabulary\";s:4:\"type\";s:13:\"nodereference\";s:8:\"required\";s:1:\"1\";s:8:\"multiple\";s:1:\"0\";s:10:\"db_storage\";s:1:\"0\";s:19:\"referenceable_types\";a:5:{s:10:\"vocabulary\";s:10:\"vocabulary\";s:5:\"class\";i:0;s:4:\"page\";i:0;s:8:\"property\";i:0;s:5:\"story\";i:0;}s:6:\"widget\";a:6:{s:13:\"default_value\";a:1:{i:0;a:2:{s:3:\"nid\";s:1:\"0\";s:11:\"error_field\";s:22:\"field_vocabulary][nids\";}}s:17:\"default_value_php\";s:0:\"\";s:4:\"type\";s:20:\"nodereference_select\";s:6:\"weight\";s:3:\"-10\";s:5:\"label\";s:10:\"vocabulary\";s:11:\"description\";s:45:\"Specify the vocabulary this class belongs to.\";}s:9:\"type_name\";s:8:\"property\";s:16:\"display_settings\";a:3:{s:5:\"label\";a:1:{s:6:\"format\";s:6:\"inline\";}s:6:\"teaser\";a:1:{s:6:\"format\";s:7:\"default\";}s:4:\"full\";a:1:{s:6:\"format\";s:7:\"default\";}}}s:8:\"field_id\";a:12:{s:10:\"field_name\";s:8:\"field_id\";s:4:\"type\";s:4:\"text\";s:8:\"required\";s:1:\"1\";s:8:\"multiple\";s:1:\"0\";s:10:\"db_storage\";s:1:\"0\";s:15:\"text_processing\";s:1:\"0\";s:10:\"max_length\";s:0:\"\";s:14:\"allowed_values\";s:0:\"\";s:18:\"allowed_values_php\";s:0:\"\";s:6:\"widget\";a:7:{s:13:\"default_value\";a:1:{i:0;a:1:{s:5:\"value\";s:0:\"\";}}s:17:\"default_value_php\";s:0:\"\";s:4:\"rows\";s:1:\"1\";s:4:\"type\";s:4:\"text\";s:6:\"weight\";s:2:\"-4\";s:5:\"label\";s:5:\"label\";s:11:\"description\";s:0:\"\";}s:9:\"type_name\";s:8:\"property\";s:16:\"display_settings\";a:3:{s:5:\"label\";a:1:{s:6:\"format\";s:6:\"inline\";}s:6:\"teaser\";a:1:{s:6:\"format\";s:7:\"default\";}s:4:\"full\";a:1:{s:6:\"format\";s:7:\"default\";}}}s:12:\"field_domain\";a:9:{s:10:\"field_name\";s:12:\"field_domain\";s:4:\"type\";s:13:\"nodereference\";s:8:\"required\";s:1:\"0\";s:8:\"multiple\";s:1:\"0\";s:10:\"db_storage\";s:1:\"1\";s:19:\"referenceable_types\";a:5:{s:5:\"class\";s:5:\"class\";s:4:\"page\";i:0;s:8:\"property\";i:0;s:5:\"story\";i:0;s:10:\"vocabulary\";i:0;}s:6:\"widget\";a:6:{s:13:\"default_value\";a:1:{i:0;a:2:{s:3:\"nid\";s:1:\"0\";s:11:\"error_field\";s:18:\"field_domain][nids\";}}s:17:\"default_value_php\";s:0:\"\";s:4:\"type\";s:20:\"nodereference_select\";s:6:\"weight\";s:2:\"-3\";s:5:\"label\";s:6:\"domain\";s:11:\"description\";s:0:\"\";}s:9:\"type_name\";s:8:\"property\";s:16:\"display_settings\";a:3:{s:5:\"label\";a:1:{s:6:\"format\";s:6:\"inline\";}s:6:\"teaser\";a:1:{s:6:\"format\";s:7:\"default\";}s:4:\"full\";a:1:{s:6:\"format\";s:7:\"default\";}}}s:11:\"field_range\";a:9:{s:10:\"field_name\";s:11:\"field_range\";s:4:\"type\";s:13:\"nodereference\";s:8:\"required\";s:1:\"0\";s:8:\"multiple\";s:1:\"0\";s:10:\"db_storage\";s:1:\"1\";s:19:\"referenceable_types\";a:5:{s:5:\"class\";s:5:\"class\";s:4:\"page\";i:0;s:8:\"property\";i:0;s:5:\"story\";i:0;s:10:\"vocabulary\";i:0;}s:6:\"widget\";a:6:{s:13:\"default_value\";a:1:{i:0;a:2:{s:3:\"nid\";s:1:\"0\";s:11:\"error_field\";s:17:\"field_range][nids\";}}s:17:\"default_value_php\";s:0:\"\";s:4:\"type\";s:20:\"nodereference_select\";s:6:\"weight\";s:2:\"-2\";s:5:\"label\";s:5:\"range\";s:11:\"description\";s:0:\"\";}s:9:\"type_name\";s:8:\"property\";s:16:\"display_settings\";a:3:{s:5:\"label\";a:1:{s:6:\"format\";s:6:\"inline\";}s:6:\"teaser\";a:1:{s:6:\"format\";s:7:\"default\";}s:4:\"full\";a:1:{s:6:\"format\";s:7:\"default\";}}}s:13:\"field_inverse\";a:9:{s:10:\"field_name\";s:13:\"field_inverse\";s:4:\"type\";s:13:\"nodereference\";s:8:\"required\";s:1:\"0\";s:8:\"multiple\";s:1:\"0\";s:10:\"db_storage\";s:1:\"1\";s:19:\"referenceable_types\";a:5:{s:8:\"property\";s:8:\"property\";s:5:\"class\";i:0;s:4:\"page\";i:0;s:5:\"story\";i:0;s:10:\"vocabulary\";i:0;}s:6:\"widget\";a:6:{s:13:\"default_value\";a:1:{i:0;a:2:{s:3:\"nid\";s:1:\"0\";s:11:\"error_field\";s:19:\"field_inverse][nids\";}}s:17:\"default_value_php\";s:0:\"\";s:4:\"type\";s:20:\"nodereference_select\";s:6:\"weight\";s:2:\"-1\";s:5:\"label\";s:7:\"inverse\";s:11:\"description\";s:0:\"\";}s:9:\"type_name\";s:8:\"property\";s:16:\"display_settings\";a:3:{s:5:\"label\";a:1:{s:6:\"format\";s:6:\"inline\";}s:6:\"teaser\";a:1:{s:6:\"format\";s:7:\"default\";}s:4:\"full\";a:1:{s:6:\"format\";s:7:\"default\";}}}s:19:\"field_subpropertyof\";a:9:{s:10:\"field_name\";s:19:\"field_subpropertyof\";s:4:\"type\";s:13:\"nodereference\";s:8:\"required\";s:1:\"0\";s:8:\"multiple\";s:1:\"0\";s:10:\"db_storage\";s:1:\"1\";s:19:\"referenceable_types\";a:5:{s:8:\"property\";s:8:\"property\";s:5:\"class\";i:0;s:4:\"page\";i:0;s:5:\"story\";i:0;s:10:\"vocabulary\";i:0;}s:6:\"widget\";a:6:{s:13:\"default_value\";a:1:{i:0;a:2:{s:3:\"nid\";s:1:\"0\";s:11:\"error_field\";s:25:\"field_subpropertyof][nids\";}}s:17:\"default_value_php\";s:0:\"\";s:4:\"type\";s:20:\"nodereference_select\";s:6:\"weight\";s:1:\"0\";s:5:\"label\";s:13:\"subPropertyOf\";s:11:\"description\";s:0:\"\";}s:9:\"type_name\";s:8:\"property\";s:16:\"display_settings\";a:3:{s:5:\"label\";a:1:{s:6:\"format\";s:6:\"inline\";}s:6:\"teaser\";a:1:{s:6:\"format\";s:7:\"default\";}s:4:\"full\";a:1:{s:6:\"format\";s:7:\"default\";}}}}}s:10:\"vocabulary\";a:16:{s:4:\"type\";s:10:\"vocabulary\";s:4:\"name\";s:10:\"Vocabulary\";s:6:\"module\";s:4:\"node\";s:11:\"description\";s:0:\"\";s:4:\"help\";s:0:\"\";s:9:\"has_title\";s:1:\"1\";s:11:\"title_label\";s:2:\"id\";s:8:\"has_body\";s:1:\"1\";s:10:\"body_label\";s:11:\"Description\";s:14:\"min_word_count\";s:1:\"0\";s:6:\"custom\";s:1:\"1\";s:8:\"modified\";s:1:\"1\";s:6:\"locked\";s:1:\"0\";s:9:\"orig_type\";s:0:\"\";s:7:\"url_str\";s:10:\"vocabulary\";s:6:\"fields\";a:3:{s:8:\"field_id\";a:12:{s:10:\"field_name\";s:8:\"field_id\";s:4:\"type\";s:4:\"text\";s:8:\"required\";s:1:\"1\";s:8:\"multiple\";s:1:\"0\";s:10:\"db_storage\";s:1:\"0\";s:15:\"text_processing\";s:1:\"0\";s:10:\"max_length\";s:0:\"\";s:14:\"allowed_values\";s:0:\"\";s:18:\"allowed_values_php\";s:0:\"\";s:6:\"widget\";a:7:{s:13:\"default_value\";a:1:{i:0;a:1:{s:5:\"value\";s:0:\"\";}}s:17:\"default_value_php\";s:0:\"\";s:4:\"rows\";s:1:\"1\";s:4:\"type\";s:4:\"text\";s:6:\"weight\";s:2:\"-4\";s:5:\"label\";s:5:\"title\";s:11:\"description\";s:0:\"\";}s:9:\"type_name\";s:10:\"vocabulary\";s:16:\"display_settings\";a:3:{s:5:\"label\";a:1:{s:6:\"format\";s:6:\"inline\";}s:6:\"teaser\";a:1:{s:6:\"format\";s:7:\"default\";}s:4:\"full\";a:1:{s:6:\"format\";s:7:\"default\";}}}s:13:\"field_authors\";a:9:{s:10:\"field_name\";s:13:\"field_authors\";s:4:\"type\";s:13:\"userreference\";s:8:\"required\";s:1:\"0\";s:8:\"multiple\";s:1:\"1\";s:10:\"db_storage\";s:1:\"0\";s:19:\"referenceable_roles\";a:1:{i:2;i:0;}s:6:\"widget\";a:6:{s:13:\"default_value\";a:1:{i:0;a:2:{s:3:\"uid\";s:0:\"\";s:11:\"error_field\";s:19:\"field_authors][uids\";}}s:17:\"default_value_php\";s:0:\"\";s:4:\"type\";s:20:\"userreference_select\";s:6:\"weight\";s:2:\"-3\";s:5:\"label\";s:7:\"authors\";s:11:\"description\";s:0:\"\";}s:9:\"type_name\";s:10:\"vocabulary\";s:16:\"display_settings\";a:0:{}}s:14:\"field_abstract\";a:12:{s:10:\"field_name\";s:14:\"field_abstract\";s:4:\"type\";s:4:\"text\";s:8:\"required\";s:1:\"0\";s:8:\"multiple\";s:1:\"0\";s:10:\"db_storage\";s:1:\"1\";s:15:\"text_processing\";s:1:\"0\";s:10:\"max_length\";s:0:\"\";s:14:\"allowed_values\";s:0:\"\";s:18:\"allowed_values_php\";s:0:\"\";s:6:\"widget\";a:7:{s:13:\"default_value\";a:1:{i:0;a:1:{s:5:\"value\";s:0:\"\";}}s:17:\"default_value_php\";s:0:\"\";s:4:\"rows\";s:1:\"5\";s:4:\"type\";s:4:\"text\";s:6:\"weight\";s:2:\"-2\";s:5:\"label\";s:8:\"abstract\";s:11:\"description\";s:0:\"\";}s:9:\"type_name\";s:10:\"vocabulary\";s:16:\"display_settings\";a:0:{}}}}}}',0,1205457497,''),('content:1:1','a:3:{s:8:\"field_id\";a:1:{i:0;a:1:{s:5:\"value\";s:21:\"My Bowling Vocabulary\";}}s:13:\"field_authors\";a:3:{i:0;a:1:{s:3:\"uid\";s:1:\"3\";}i:1;a:1:{s:3:\"uid\";s:1:\"4\";}i:2;a:1:{s:3:\"uid\";s:1:\"5\";}}s:14:\"field_abstract\";a:1:{i:0;a:1:{s:5:\"value\";s:23:\"abstract goes here.... \";}}}',0,1205456633,'');
/*!40000 ALTER TABLE `cache_content` ENABLE KEYS */;
UNLOCK TABLES;

--
-- Table structure for table `cache_filter`
--

DROP TABLE IF EXISTS `cache_filter`;
CREATE TABLE `cache_filter` (
  `cid` varchar(255) NOT NULL default '',
  `data` longblob,
  `expire` int(11) NOT NULL default '0',
  `created` int(11) NOT NULL default '0',
  `headers` text,
  PRIMARY KEY  (`cid`),
  KEY `expire` (`expire`)
) ENGINE=MyISAM DEFAULT CHARSET=utf8;

--
-- Dumping data for table `cache_filter`
--

LOCK TABLES `cache_filter` WRITE;
/*!40000 ALTER TABLE `cache_filter` DISABLE KEYS */;
INSERT INTO `cache_filter` VALUES ('1:d41d8cd98f00b204e9800998ecf8427e','',1205528044,1205441644,''),('1:c869a1e1919e9b06b3d9e095c2a5010f','<p>My Bowling Vocabulary is for all the bowling fans!</p>\n',1205528045,1205441645,''),('1:0ff4a390ed2be378bf5044aa6dc1510b','<p>test comment</p>\n',1205528779,1205442379,''),('1:38af7b07e7c6bd8843c31a4c19123061','<p>My Bowling Vocabulary is for all the <strong>bowling fans</strong>! (more HTML free text here)</p>\n',1205543033,1205456633,'');
/*!40000 ALTER TABLE `cache_filter` ENABLE KEYS */;
UNLOCK TABLES;

--
-- Table structure for table `cache_menu`
--

DROP TABLE IF EXISTS `cache_menu`;
CREATE TABLE `cache_menu` (
  `cid` varchar(255) NOT NULL default '',
  `data` longblob,
  `expire` int(11) NOT NULL default '0',
  `created` int(11) NOT NULL default '0',
  `headers` text,
  PRIMARY KEY  (`cid`),
  KEY `expire` (`expire`)
) ENGINE=MyISAM DEFAULT CHARSET=utf8;

--
-- Dumping data for table `cache_menu`
--

LOCK TABLES `cache_menu` WRITE;
/*!40000 ALTER TABLE `cache_menu` DISABLE KEYS */;
INSERT INTO `cache_menu` VALUES ('1:en','a:4:{s:10:\"path index\";a:145:{s:17:\"admin/build/block\";s:2:\"66\";s:22:\"admin/build/block/list\";i:-2;s:27:\"admin/build/block/configure\";i:-3;s:24:\"admin/build/block/delete\";i:-4;s:21:\"admin/build/block/add\";i:-5;s:31:\"admin/build/block/list/minnelli\";i:-6;s:29:\"admin/build/block/list/marvin\";i:-7;s:33:\"admin/build/block/list/pushbutton\";i:-8;s:32:\"admin/build/block/list/chameleon\";i:-9;s:33:\"admin/build/block/list/bluemarine\";i:-10;s:30:\"admin/build/block/list/garland\";i:-11;s:21:\"admin/content/comment\";s:2:\"67\";s:26:\"admin/content/comment/list\";i:-13;s:30:\"admin/content/comment/list/new\";i:-14;s:35:\"admin/content/comment/list/approval\";i:-15;s:30:\"admin/content/comment/settings\";i:-16;s:14:\"comment/delete\";i:-17;s:12:\"comment/edit\";i:-18;s:22:\"admin/settings/filters\";s:2:\"68\";s:27:\"admin/settings/filters/list\";i:-20;s:26:\"admin/settings/filters/add\";i:-21;s:29:\"admin/settings/filters/delete\";i:-22;s:11:\"filter/tips\";s:2:\"54\";s:10:\"admin/help\";s:2:\"59\";s:16:\"admin/help/block\";i:-25;s:16:\"admin/help/color\";i:-26;s:18:\"admin/help/comment\";i:-27;s:18:\"admin/help/content\";i:-28;s:16:\"admin/help/devel\";i:-29;s:17:\"admin/help/filter\";i:-30;s:15:\"admin/help/help\";i:-31;s:15:\"admin/help/menu\";i:-32;s:22:\"admin/help/multiselect\";i:-33;s:15:\"admin/help/node\";i:-34;s:24:\"admin/help/optionwidgets\";i:-35;s:15:\"admin/help/path\";i:-36;s:17:\"admin/help/system\";i:-37;s:15:\"admin/help/user\";i:-38;s:19:\"admin/help/watchdog\";i:-39;s:16:\"admin/build/menu\";s:2:\"69\";s:21:\"admin/build/menu/list\";i:-41;s:25:\"admin/build/menu/item/add\";i:-42;s:26:\"admin/build/menu/item/edit\";i:-43;s:27:\"admin/build/menu/item/reset\";i:-44;s:29:\"admin/build/menu/item/disable\";i:-45;s:28:\"admin/build/menu/item/delete\";i:-46;s:25:\"admin/build/menu/menu/add\";i:-47;s:26:\"admin/build/menu/menu/edit\";i:-48;s:28:\"admin/build/menu/menu/delete\";i:-49;s:25:\"admin/build/menu/settings\";i:-50;s:13:\"admin/content\";s:2:\"60\";s:18:\"admin/content/node\";s:2:\"70\";s:27:\"admin/content/node/overview\";i:-53;s:27:\"admin/content/node-settings\";s:2:\"71\";s:35:\"admin/content/node-settings/rebuild\";i:-55;s:19:\"admin/content/types\";s:2:\"72\";s:24:\"admin/content/types/list\";i:-57;s:23:\"admin/content/types/add\";i:-58;s:4:\"node\";s:2:\"55\";s:8:\"node/add\";s:2:\"61\";s:7:\"rss.xml\";i:-61;s:14:\"node/add/class\";s:2:\"73\";s:13:\"node/add/page\";s:2:\"74\";s:17:\"node/add/property\";s:2:\"75\";s:19:\"node/add/vocabulary\";s:2:\"77\";s:16:\"admin/build/path\";s:2:\"78\";s:21:\"admin/build/path/edit\";i:-67;s:23:\"admin/build/path/delete\";i:-68;s:21:\"admin/build/path/list\";i:-69;s:20:\"admin/build/path/add\";i:-70;s:12:\"system/files\";i:-71;s:5:\"admin\";s:2:\"56\";s:13:\"admin/compact\";i:-73;s:13:\"admin/by-task\";i:-74;s:15:\"admin/by-module\";i:-75;s:14:\"admin/settings\";s:2:\"62\";s:11:\"admin/build\";s:2:\"63\";s:20:\"admin/settings/admin\";s:2:\"79\";s:18:\"admin/build/themes\";s:2:\"80\";s:25:\"admin/build/themes/select\";i:-80;s:27:\"admin/build/themes/settings\";i:-81;s:34:\"admin/build/themes/settings/global\";i:-82;s:35:\"admin/build/themes/settings/garland\";i:-83;s:19:\"admin/build/modules\";s:2:\"81\";s:24:\"admin/build/modules/list\";i:-85;s:32:\"admin/build/modules/list/confirm\";i:-86;s:29:\"admin/build/modules/uninstall\";i:-87;s:37:\"admin/build/modules/uninstall/confirm\";i:-88;s:31:\"admin/settings/site-information\";s:2:\"82\";s:30:\"admin/settings/error-reporting\";s:2:\"83\";s:26:\"admin/settings/performance\";s:2:\"84\";s:26:\"admin/settings/file-system\";s:2:\"85\";s:28:\"admin/settings/image-toolkit\";s:2:\"86\";s:28:\"admin/content/rss-publishing\";s:2:\"87\";s:24:\"admin/settings/date-time\";s:2:\"88\";s:31:\"admin/settings/site-maintenance\";s:2:\"89\";s:25:\"admin/settings/clean-urls\";s:2:\"90\";s:10:\"admin/logs\";s:2:\"64\";s:17:\"admin/logs/status\";s:2:\"91\";s:26:\"admin/logs/status/run-cron\";i:-100;s:21:\"admin/logs/status/php\";i:-101;s:21:\"admin/logs/status/sql\";i:-102;s:4:\"user\";s:3:\"101\";s:17:\"user/autocomplete\";i:-104;s:10:\"user/login\";i:-105;s:13:\"user/register\";i:-106;s:13:\"user/password\";i:-107;s:10:\"user/reset\";i:-108;s:9:\"user/help\";i:-109;s:10:\"admin/user\";s:2:\"65\";s:15:\"admin/user/user\";s:2:\"92\";s:20:\"admin/user/user/list\";i:-112;s:22:\"admin/user/user/create\";i:-113;s:19:\"admin/user/settings\";s:2:\"93\";s:17:\"admin/user/access\";s:2:\"94\";s:16:\"admin/user/roles\";s:2:\"95\";s:21:\"admin/user/roles/edit\";i:-117;s:16:\"admin/user/rules\";s:2:\"96\";s:21:\"admin/user/rules/list\";i:-119;s:20:\"admin/user/rules/add\";i:-120;s:22:\"admin/user/rules/check\";i:-121;s:21:\"admin/user/rules/edit\";i:-122;s:23:\"admin/user/rules/delete\";i:-123;s:6:\"user/1\";i:-124;s:6:\"logout\";s:2:\"57\";s:19:\"admin/logs/watchdog\";s:2:\"97\";s:25:\"admin/logs/page-not-found\";s:2:\"98\";s:24:\"admin/logs/access-denied\";s:2:\"99\";s:16:\"admin/logs/event\";i:-129;s:26:\"admin/content/types/fields\";i:-130;s:26:\"nodereference/autocomplete\";i:-131;s:9:\"neologism\";i:-132;s:17:\"devel/cache/clear\";i:-133;s:37:\"devel/rebuild_node_comment_statistics\";i:-134;s:13:\"devel/queries\";s:2:\"58\";s:19:\"devel/queries/empty\";i:-136;s:15:\"devel/reference\";i:-137;s:15:\"devel/reinstall\";i:-138;s:16:\"devel/menu/reset\";i:-139;s:14:\"devel/variable\";i:-140;s:19:\"devel/variable/edit\";i:-141;s:21:\"devel/variable/delete\";i:-142;s:13:\"devel/session\";i:-143;s:12:\"devel/switch\";i:-144;s:20:\"admin/settings/devel\";s:3:\"100\";}s:5:\"items\";a:149:{i:0;a:5:{s:4:\"path\";s:0:\"\";s:5:\"title\";s:0:\"\";s:4:\"type\";i:1;s:3:\"pid\";i:1;s:8:\"children\";a:2:{i:0;i:1;i:1;i:53;}}i:1;a:7:{s:3:\"pid\";i:0;s:4:\"path\";s:0:\"\";s:5:\"title\";s:10:\"Navigation\";s:6:\"weight\";i:-50;s:6:\"access\";b:1;s:4:\"type\";i:3;s:8:\"children\";a:19:{i:0;i:-17;i:1;i:-18;i:2;i:-61;i:3;i:-71;i:4;i:-131;i:5;i:-132;i:6;i:-133;i:7;i:-134;i:8;i:-137;i:9;i:-138;i:10;i:-139;i:11;i:-140;i:12;i:-143;i:13;i:-144;i:14;i:54;i:15;i:55;i:16;i:56;i:17;i:57;i:18;i:58;}}i:-2;a:6:{s:4:\"path\";s:22:\"admin/build/block/list\";s:5:\"title\";s:4:\"List\";s:4:\"type\";i:640;s:6:\"weight\";i:-10;s:3:\"pid\";s:2:\"66\";s:8:\"children\";a:6:{i:0;i:-6;i:1;i:-7;i:2;i:-8;i:3;i:-9;i:4;i:-10;i:5;i:-11;}}i:-3;a:6:{s:4:\"path\";s:27:\"admin/build/block/configure\";s:5:\"title\";s:15:\"Configure block\";s:6:\"access\";b:1;s:4:\"type\";i:4;s:6:\"weight\";i:0;s:3:\"pid\";s:2:\"66\";}i:-4;a:6:{s:4:\"path\";s:24:\"admin/build/block/delete\";s:5:\"title\";s:12:\"Delete block\";s:6:\"access\";b:1;s:4:\"type\";i:4;s:6:\"weight\";i:0;s:3:\"pid\";s:2:\"66\";}i:-5;a:6:{s:4:\"path\";s:21:\"admin/build/block/add\";s:5:\"title\";s:9:\"Add block\";s:6:\"access\";b:1;s:4:\"type\";i:128;s:6:\"weight\";i:0;s:3:\"pid\";s:2:\"66\";}i:-6;a:6:{s:4:\"path\";s:31:\"admin/build/block/list/minnelli\";s:5:\"title\";s:17:\"minnelli settings\";s:6:\"access\";b:1;s:4:\"type\";i:128;s:6:\"weight\";i:0;s:3:\"pid\";i:-2;}i:-7;a:6:{s:4:\"path\";s:29:\"admin/build/block/list/marvin\";s:5:\"title\";s:15:\"marvin settings\";s:6:\"access\";b:1;s:4:\"type\";i:128;s:6:\"weight\";i:0;s:3:\"pid\";i:-2;}i:-8;a:6:{s:4:\"path\";s:33:\"admin/build/block/list/pushbutton\";s:5:\"title\";s:19:\"pushbutton settings\";s:6:\"access\";b:1;s:4:\"type\";i:128;s:6:\"weight\";i:0;s:3:\"pid\";i:-2;}i:-9;a:6:{s:4:\"path\";s:32:\"admin/build/block/list/chameleon\";s:5:\"title\";s:18:\"chameleon settings\";s:6:\"access\";b:1;s:4:\"type\";i:128;s:6:\"weight\";i:0;s:3:\"pid\";i:-2;}i:-10;a:6:{s:4:\"path\";s:33:\"admin/build/block/list/bluemarine\";s:5:\"title\";s:19:\"bluemarine settings\";s:6:\"access\";b:1;s:4:\"type\";i:128;s:6:\"weight\";i:0;s:3:\"pid\";i:-2;}i:-11;a:6:{s:4:\"path\";s:30:\"admin/build/block/list/garland\";s:5:\"title\";s:16:\"garland settings\";s:6:\"access\";b:1;s:4:\"type\";i:640;s:6:\"weight\";i:-10;s:3:\"pid\";i:-2;}i:-13;a:6:{s:4:\"path\";s:26:\"admin/content/comment/list\";s:5:\"title\";s:4:\"List\";s:4:\"type\";i:640;s:6:\"weight\";i:-10;s:3:\"pid\";s:2:\"67\";s:8:\"children\";a:2:{i:0;i:-14;i:1;i:-15;}}i:-14;a:5:{s:4:\"path\";s:30:\"admin/content/comment/list/new\";s:5:\"title\";s:18:\"Published comments\";s:4:\"type\";i:640;s:6:\"weight\";i:-10;s:3:\"pid\";i:-13;}i:-15;a:6:{s:4:\"path\";s:35:\"admin/content/comment/list/approval\";s:5:\"title\";s:14:\"Approval queue\";s:6:\"access\";b:1;s:4:\"type\";i:128;s:6:\"weight\";i:0;s:3:\"pid\";i:-13;}i:-16;a:6:{s:4:\"path\";s:30:\"admin/content/comment/settings\";s:5:\"title\";s:8:\"Settings\";s:6:\"access\";b:1;s:6:\"weight\";i:10;s:4:\"type\";i:128;s:3:\"pid\";s:2:\"67\";}i:-17;a:6:{s:4:\"path\";s:14:\"comment/delete\";s:5:\"title\";s:14:\"Delete comment\";s:6:\"access\";b:1;s:4:\"type\";i:4;s:6:\"weight\";i:0;s:3:\"pid\";i:1;}i:-18;a:6:{s:4:\"path\";s:12:\"comment/edit\";s:5:\"title\";s:12:\"Edit comment\";s:6:\"access\";b:1;s:4:\"type\";i:4;s:6:\"weight\";i:0;s:3:\"pid\";i:1;}i:-20;a:6:{s:4:\"path\";s:27:\"admin/settings/filters/list\";s:5:\"title\";s:4:\"List\";s:4:\"type\";i:640;s:6:\"access\";b:1;s:6:\"weight\";i:0;s:3:\"pid\";s:2:\"68\";}i:-21;a:6:{s:4:\"path\";s:26:\"admin/settings/filters/add\";s:5:\"title\";s:16:\"Add input format\";s:4:\"type\";i:128;s:6:\"weight\";i:1;s:6:\"access\";b:1;s:3:\"pid\";s:2:\"68\";}i:-22;a:6:{s:4:\"path\";s:29:\"admin/settings/filters/delete\";s:5:\"title\";s:19:\"Delete input format\";s:4:\"type\";i:4;s:6:\"access\";b:1;s:6:\"weight\";i:0;s:3:\"pid\";s:2:\"68\";}i:-25;a:6:{s:4:\"path\";s:16:\"admin/help/block\";s:5:\"title\";s:5:\"block\";s:4:\"type\";i:4;s:6:\"access\";b:1;s:6:\"weight\";i:0;s:3:\"pid\";s:2:\"59\";}i:-26;a:6:{s:4:\"path\";s:16:\"admin/help/color\";s:5:\"title\";s:5:\"color\";s:4:\"type\";i:4;s:6:\"access\";b:1;s:6:\"weight\";i:0;s:3:\"pid\";s:2:\"59\";}i:-27;a:6:{s:4:\"path\";s:18:\"admin/help/comment\";s:5:\"title\";s:7:\"comment\";s:4:\"type\";i:4;s:6:\"access\";b:1;s:6:\"weight\";i:0;s:3:\"pid\";s:2:\"59\";}i:-28;a:6:{s:4:\"path\";s:18:\"admin/help/content\";s:5:\"title\";s:7:\"content\";s:4:\"type\";i:4;s:6:\"access\";b:1;s:6:\"weight\";i:0;s:3:\"pid\";s:2:\"59\";}i:-29;a:6:{s:4:\"path\";s:16:\"admin/help/devel\";s:5:\"title\";s:5:\"devel\";s:4:\"type\";i:4;s:6:\"access\";b:1;s:6:\"weight\";i:0;s:3:\"pid\";s:2:\"59\";}i:-30;a:6:{s:4:\"path\";s:17:\"admin/help/filter\";s:5:\"title\";s:6:\"filter\";s:4:\"type\";i:4;s:6:\"access\";b:1;s:6:\"weight\";i:0;s:3:\"pid\";s:2:\"59\";}i:-31;a:6:{s:4:\"path\";s:15:\"admin/help/help\";s:5:\"title\";s:4:\"help\";s:4:\"type\";i:4;s:6:\"access\";b:1;s:6:\"weight\";i:0;s:3:\"pid\";s:2:\"59\";}i:-32;a:6:{s:4:\"path\";s:15:\"admin/help/menu\";s:5:\"title\";s:4:\"menu\";s:4:\"type\";i:4;s:6:\"access\";b:1;s:6:\"weight\";i:0;s:3:\"pid\";s:2:\"59\";}i:-33;a:6:{s:4:\"path\";s:22:\"admin/help/multiselect\";s:5:\"title\";s:11:\"multiselect\";s:4:\"type\";i:4;s:6:\"access\";b:1;s:6:\"weight\";i:0;s:3:\"pid\";s:2:\"59\";}i:-34;a:6:{s:4:\"path\";s:15:\"admin/help/node\";s:5:\"title\";s:4:\"node\";s:4:\"type\";i:4;s:6:\"access\";b:1;s:6:\"weight\";i:0;s:3:\"pid\";s:2:\"59\";}i:-35;a:6:{s:4:\"path\";s:24:\"admin/help/optionwidgets\";s:5:\"title\";s:13:\"optionwidgets\";s:4:\"type\";i:4;s:6:\"access\";b:1;s:6:\"weight\";i:0;s:3:\"pid\";s:2:\"59\";}i:-36;a:6:{s:4:\"path\";s:15:\"admin/help/path\";s:5:\"title\";s:4:\"path\";s:4:\"type\";i:4;s:6:\"access\";b:1;s:6:\"weight\";i:0;s:3:\"pid\";s:2:\"59\";}i:-37;a:6:{s:4:\"path\";s:17:\"admin/help/system\";s:5:\"title\";s:6:\"system\";s:4:\"type\";i:4;s:6:\"access\";b:1;s:6:\"weight\";i:0;s:3:\"pid\";s:2:\"59\";}i:-38;a:6:{s:4:\"path\";s:15:\"admin/help/user\";s:5:\"title\";s:4:\"user\";s:4:\"type\";i:4;s:6:\"access\";b:1;s:6:\"weight\";i:0;s:3:\"pid\";s:2:\"59\";}i:-39;a:6:{s:4:\"path\";s:19:\"admin/help/watchdog\";s:5:\"title\";s:8:\"watchdog\";s:4:\"type\";i:4;s:6:\"access\";b:1;s:6:\"weight\";i:0;s:3:\"pid\";s:2:\"59\";}i:-41;a:5:{s:4:\"path\";s:21:\"admin/build/menu/list\";s:5:\"title\";s:4:\"List\";s:4:\"type\";i:640;s:6:\"weight\";i:-10;s:3:\"pid\";s:2:\"69\";}i:-42;a:6:{s:4:\"path\";s:25:\"admin/build/menu/item/add\";s:5:\"title\";s:13:\"Add menu item\";s:6:\"access\";b:1;s:4:\"type\";i:128;s:6:\"weight\";i:0;s:3:\"pid\";s:2:\"69\";}i:-43;a:6:{s:4:\"path\";s:26:\"admin/build/menu/item/edit\";s:5:\"title\";s:14:\"Edit menu item\";s:6:\"access\";b:1;s:4:\"type\";i:4;s:6:\"weight\";i:0;s:3:\"pid\";s:2:\"69\";}i:-44;a:6:{s:4:\"path\";s:27:\"admin/build/menu/item/reset\";s:5:\"title\";s:15:\"Reset menu item\";s:6:\"access\";b:1;s:4:\"type\";i:4;s:6:\"weight\";i:0;s:3:\"pid\";s:2:\"69\";}i:-45;a:6:{s:4:\"path\";s:29:\"admin/build/menu/item/disable\";s:5:\"title\";s:17:\"Disable menu item\";s:6:\"access\";b:1;s:4:\"type\";i:4;s:6:\"weight\";i:0;s:3:\"pid\";s:2:\"69\";}i:-46;a:6:{s:4:\"path\";s:28:\"admin/build/menu/item/delete\";s:5:\"title\";s:16:\"Delete menu item\";s:6:\"access\";b:1;s:4:\"type\";i:4;s:6:\"weight\";i:0;s:3:\"pid\";s:2:\"69\";}i:-47;a:6:{s:4:\"path\";s:25:\"admin/build/menu/menu/add\";s:5:\"title\";s:8:\"Add menu\";s:6:\"access\";b:1;s:4:\"type\";i:128;s:6:\"weight\";i:0;s:3:\"pid\";s:2:\"69\";}i:-48;a:6:{s:4:\"path\";s:26:\"admin/build/menu/menu/edit\";s:5:\"title\";s:9:\"Edit menu\";s:6:\"access\";b:1;s:4:\"type\";i:4;s:6:\"weight\";i:0;s:3:\"pid\";s:2:\"69\";}i:-49;a:6:{s:4:\"path\";s:28:\"admin/build/menu/menu/delete\";s:5:\"title\";s:11:\"Delete menu\";s:6:\"access\";b:1;s:4:\"type\";i:4;s:6:\"weight\";i:0;s:3:\"pid\";s:2:\"69\";}i:-50;a:5:{s:4:\"path\";s:25:\"admin/build/menu/settings\";s:5:\"title\";s:8:\"Settings\";s:4:\"type\";i:128;s:6:\"weight\";i:5;s:3:\"pid\";s:2:\"69\";}i:-53;a:5:{s:4:\"path\";s:27:\"admin/content/node/overview\";s:5:\"title\";s:4:\"List\";s:4:\"type\";i:640;s:6:\"weight\";i:-10;s:3:\"pid\";s:2:\"70\";}i:-55;a:6:{s:4:\"path\";s:35:\"admin/content/node-settings/rebuild\";s:5:\"title\";s:19:\"rebuild permissions\";s:6:\"access\";b:1;s:4:\"type\";i:4;s:6:\"weight\";i:0;s:3:\"pid\";s:2:\"71\";}i:-57;a:5:{s:4:\"path\";s:24:\"admin/content/types/list\";s:5:\"title\";s:4:\"List\";s:4:\"type\";i:640;s:6:\"weight\";i:-10;s:3:\"pid\";s:2:\"72\";}i:-58;a:5:{s:4:\"path\";s:23:\"admin/content/types/add\";s:5:\"title\";s:16:\"Add content type\";s:4:\"type\";i:128;s:6:\"weight\";i:0;s:3:\"pid\";s:2:\"72\";}i:-61;a:6:{s:4:\"path\";s:7:\"rss.xml\";s:5:\"title\";s:8:\"RSS feed\";s:6:\"access\";b:1;s:4:\"type\";i:4;s:6:\"weight\";i:0;s:3:\"pid\";i:1;}i:-67;a:6:{s:4:\"path\";s:21:\"admin/build/path/edit\";s:5:\"title\";s:10:\"Edit alias\";s:6:\"access\";b:1;s:4:\"type\";i:4;s:6:\"weight\";i:0;s:3:\"pid\";s:2:\"78\";}i:-68;a:6:{s:4:\"path\";s:23:\"admin/build/path/delete\";s:5:\"title\";s:12:\"Delete alias\";s:6:\"access\";b:1;s:4:\"type\";i:4;s:6:\"weight\";i:0;s:3:\"pid\";s:2:\"78\";}i:-69;a:5:{s:4:\"path\";s:21:\"admin/build/path/list\";s:5:\"title\";s:4:\"List\";s:4:\"type\";i:640;s:6:\"weight\";i:-10;s:3:\"pid\";s:2:\"78\";}i:-70;a:6:{s:4:\"path\";s:20:\"admin/build/path/add\";s:5:\"title\";s:9:\"Add alias\";s:6:\"access\";b:1;s:4:\"type\";i:128;s:6:\"weight\";i:0;s:3:\"pid\";s:2:\"78\";}i:-71;a:6:{s:4:\"path\";s:12:\"system/files\";s:5:\"title\";s:13:\"File download\";s:6:\"access\";b:1;s:4:\"type\";i:4;s:6:\"weight\";i:0;s:3:\"pid\";i:1;}i:-73;a:6:{s:4:\"path\";s:13:\"admin/compact\";s:5:\"title\";s:12:\"Compact mode\";s:6:\"access\";b:1;s:4:\"type\";i:4;s:6:\"weight\";i:0;s:3:\"pid\";s:2:\"56\";}i:-74;a:5:{s:4:\"path\";s:13:\"admin/by-task\";s:5:\"title\";s:7:\"By task\";s:4:\"type\";i:640;s:6:\"weight\";i:0;s:3:\"pid\";s:2:\"56\";}i:-75;a:5:{s:4:\"path\";s:15:\"admin/by-module\";s:5:\"title\";s:9:\"By module\";s:4:\"type\";i:128;s:6:\"weight\";i:2;s:3:\"pid\";s:2:\"56\";}i:-80;a:7:{s:4:\"path\";s:25:\"admin/build/themes/select\";s:5:\"title\";s:4:\"List\";s:11:\"description\";s:25:\"Select the default theme.\";s:6:\"access\";b:1;s:4:\"type\";i:640;s:6:\"weight\";i:-1;s:3:\"pid\";s:2:\"80\";}i:-81;a:7:{s:4:\"path\";s:27:\"admin/build/themes/settings\";s:5:\"title\";s:9:\"Configure\";s:6:\"access\";b:1;s:4:\"type\";i:128;s:6:\"weight\";i:0;s:3:\"pid\";s:2:\"80\";s:8:\"children\";a:2:{i:0;i:-82;i:1;i:-83;}}i:-82;a:6:{s:4:\"path\";s:34:\"admin/build/themes/settings/global\";s:5:\"title\";s:15:\"Global settings\";s:6:\"access\";b:1;s:4:\"type\";i:640;s:6:\"weight\";i:-1;s:3:\"pid\";i:-81;}i:-83;a:6:{s:4:\"path\";s:35:\"admin/build/themes/settings/garland\";s:5:\"title\";s:7:\"garland\";s:6:\"access\";b:1;s:4:\"type\";i:128;s:6:\"weight\";i:0;s:3:\"pid\";i:-81;}i:-85;a:7:{s:4:\"path\";s:24:\"admin/build/modules/list\";s:5:\"title\";s:4:\"List\";s:4:\"type\";i:640;s:6:\"access\";b:1;s:6:\"weight\";i:0;s:3:\"pid\";s:2:\"81\";s:8:\"children\";a:1:{i:0;i:-86;}}i:-86;a:6:{s:4:\"path\";s:32:\"admin/build/modules/list/confirm\";s:5:\"title\";s:4:\"List\";s:4:\"type\";i:4;s:6:\"access\";b:1;s:6:\"weight\";i:0;s:3:\"pid\";i:-85;}i:-87;a:7:{s:4:\"path\";s:29:\"admin/build/modules/uninstall\";s:5:\"title\";s:9:\"Uninstall\";s:4:\"type\";i:128;s:6:\"access\";b:1;s:6:\"weight\";i:0;s:3:\"pid\";s:2:\"81\";s:8:\"children\";a:1:{i:0;i:-88;}}i:-88;a:6:{s:4:\"path\";s:37:\"admin/build/modules/uninstall/confirm\";s:5:\"title\";s:9:\"Uninstall\";s:4:\"type\";i:4;s:6:\"access\";b:1;s:6:\"weight\";i:0;s:3:\"pid\";i:-87;}i:-100;a:5:{s:4:\"path\";s:26:\"admin/logs/status/run-cron\";s:5:\"title\";s:8:\"Run cron\";s:4:\"type\";i:4;s:6:\"weight\";i:0;s:3:\"pid\";s:2:\"91\";}i:-101;a:5:{s:4:\"path\";s:21:\"admin/logs/status/php\";s:5:\"title\";s:3:\"PHP\";s:4:\"type\";i:4;s:6:\"weight\";i:0;s:3:\"pid\";s:2:\"91\";}i:-102;a:5:{s:4:\"path\";s:21:\"admin/logs/status/sql\";s:5:\"title\";s:3:\"SQL\";s:4:\"type\";i:4;s:6:\"weight\";i:0;s:3:\"pid\";s:2:\"91\";}i:-104;a:6:{s:4:\"path\";s:17:\"user/autocomplete\";s:5:\"title\";s:17:\"User autocomplete\";s:6:\"access\";b:1;s:4:\"type\";i:4;s:6:\"weight\";i:0;s:3:\"pid\";s:3:\"101\";}i:-105;a:6:{s:4:\"path\";s:10:\"user/login\";s:5:\"title\";s:6:\"Log in\";s:6:\"access\";b:0;s:4:\"type\";i:640;s:6:\"weight\";i:0;s:3:\"pid\";s:3:\"101\";}i:-106;a:6:{s:4:\"path\";s:13:\"user/register\";s:5:\"title\";s:18:\"Create new account\";s:6:\"access\";b:0;s:4:\"type\";i:128;s:6:\"weight\";i:0;s:3:\"pid\";s:3:\"101\";}i:-107;a:6:{s:4:\"path\";s:13:\"user/password\";s:5:\"title\";s:20:\"Request new password\";s:6:\"access\";b:0;s:4:\"type\";i:128;s:6:\"weight\";i:0;s:3:\"pid\";s:3:\"101\";}i:-108;a:6:{s:4:\"path\";s:10:\"user/reset\";s:5:\"title\";s:14:\"Reset password\";s:6:\"access\";b:1;s:4:\"type\";i:4;s:6:\"weight\";i:0;s:3:\"pid\";s:3:\"101\";}i:-109;a:5:{s:4:\"path\";s:9:\"user/help\";s:5:\"title\";s:4:\"Help\";s:4:\"type\";i:4;s:6:\"weight\";i:0;s:3:\"pid\";s:3:\"101\";}i:-112;a:5:{s:4:\"path\";s:20:\"admin/user/user/list\";s:5:\"title\";s:4:\"List\";s:4:\"type\";i:640;s:6:\"weight\";i:-10;s:3:\"pid\";s:2:\"92\";}i:-113;a:6:{s:4:\"path\";s:22:\"admin/user/user/create\";s:5:\"title\";s:8:\"Add user\";s:6:\"access\";b:1;s:4:\"type\";i:128;s:6:\"weight\";i:0;s:3:\"pid\";s:2:\"92\";}i:-117;a:6:{s:4:\"path\";s:21:\"admin/user/roles/edit\";s:5:\"title\";s:9:\"Edit role\";s:6:\"access\";b:1;s:4:\"type\";i:4;s:6:\"weight\";i:0;s:3:\"pid\";s:2:\"95\";}i:-119;a:6:{s:4:\"path\";s:21:\"admin/user/rules/list\";s:5:\"title\";s:4:\"List\";s:6:\"access\";b:1;s:4:\"type\";i:640;s:6:\"weight\";i:-10;s:3:\"pid\";s:2:\"96\";}i:-120;a:6:{s:4:\"path\";s:20:\"admin/user/rules/add\";s:5:\"title\";s:8:\"Add rule\";s:6:\"access\";b:1;s:4:\"type\";i:128;s:6:\"weight\";i:0;s:3:\"pid\";s:2:\"96\";}i:-121;a:6:{s:4:\"path\";s:22:\"admin/user/rules/check\";s:5:\"title\";s:11:\"Check rules\";s:6:\"access\";b:1;s:4:\"type\";i:128;s:6:\"weight\";i:0;s:3:\"pid\";s:2:\"96\";}i:-122;a:6:{s:4:\"path\";s:21:\"admin/user/rules/edit\";s:5:\"title\";s:9:\"Edit rule\";s:6:\"access\";b:1;s:4:\"type\";i:4;s:6:\"weight\";i:0;s:3:\"pid\";s:2:\"96\";}i:-123;a:6:{s:4:\"path\";s:23:\"admin/user/rules/delete\";s:5:\"title\";s:11:\"Delete rule\";s:6:\"access\";b:1;s:4:\"type\";i:4;s:6:\"weight\";i:0;s:3:\"pid\";s:2:\"96\";}i:-124;a:6:{s:4:\"path\";s:6:\"user/1\";s:5:\"title\";s:10:\"My account\";s:6:\"access\";b:1;s:4:\"type\";i:6;s:6:\"weight\";i:0;s:3:\"pid\";s:3:\"101\";}i:-129;a:5:{s:4:\"path\";s:16:\"admin/logs/event\";s:5:\"title\";s:7:\"Details\";s:4:\"type\";i:4;s:6:\"weight\";i:0;s:3:\"pid\";s:2:\"64\";}i:-130;a:6:{s:4:\"path\";s:26:\"admin/content/types/fields\";s:5:\"title\";s:6:\"Fields\";s:6:\"access\";b:1;s:4:\"type\";i:128;s:6:\"weight\";i:0;s:3:\"pid\";s:2:\"72\";}i:-131;a:6:{s:4:\"path\";s:26:\"nodereference/autocomplete\";s:5:\"title\";s:27:\"node reference autocomplete\";s:6:\"access\";b:1;s:4:\"type\";i:4;s:6:\"weight\";i:0;s:3:\"pid\";i:1;}i:-132;a:7:{s:4:\"path\";s:9:\"neologism\";s:5:\"title\";s:22:\"Neologism Vocabularies\";s:11:\"description\";s:28:\"Show a list of vocabularies.\";s:6:\"access\";b:1;s:4:\"type\";i:128;s:6:\"weight\";i:0;s:3:\"pid\";i:1;}i:-133;a:6:{s:4:\"path\";s:17:\"devel/cache/clear\";s:5:\"title\";s:11:\"Empty cache\";s:6:\"access\";b:1;s:4:\"type\";i:4;s:6:\"weight\";i:0;s:3:\"pid\";i:1;}i:-134;a:6:{s:4:\"path\";s:37:\"devel/rebuild_node_comment_statistics\";s:5:\"title\";s:37:\"Rebuild node_comment_statistics table\";s:6:\"access\";b:1;s:4:\"type\";i:4;s:6:\"weight\";i:0;s:3:\"pid\";i:1;}i:-136;a:6:{s:4:\"path\";s:19:\"devel/queries/empty\";s:5:\"title\";s:22:\"Empty database queries\";s:6:\"access\";b:1;s:4:\"type\";i:4;s:6:\"weight\";i:0;s:3:\"pid\";s:2:\"58\";}i:-137;a:6:{s:4:\"path\";s:15:\"devel/reference\";s:5:\"title\";s:18:\"function reference\";s:6:\"access\";b:1;s:4:\"type\";i:4;s:6:\"weight\";i:0;s:3:\"pid\";i:1;}i:-138;a:6:{s:4:\"path\";s:15:\"devel/reinstall\";s:5:\"title\";s:17:\"Reinstall modules\";s:6:\"access\";b:1;s:4:\"type\";i:4;s:6:\"weight\";i:0;s:3:\"pid\";i:1;}i:-139;a:6:{s:4:\"path\";s:16:\"devel/menu/reset\";s:5:\"title\";s:11:\"Reset menus\";s:6:\"access\";b:1;s:4:\"type\";i:4;s:6:\"weight\";i:0;s:3:\"pid\";i:1;}i:-140;a:7:{s:4:\"path\";s:14:\"devel/variable\";s:5:\"title\";s:15:\"Variable editor\";s:6:\"access\";b:1;s:4:\"type\";i:4;s:6:\"weight\";i:0;s:3:\"pid\";i:1;s:8:\"children\";a:2:{i:0;i:-141;i:1;i:-142;}}i:-141;a:6:{s:4:\"path\";s:19:\"devel/variable/edit\";s:5:\"title\";s:15:\"Variable editor\";s:6:\"access\";b:1;s:4:\"type\";i:4;s:6:\"weight\";i:0;s:3:\"pid\";i:-140;}i:-142;a:6:{s:4:\"path\";s:21:\"devel/variable/delete\";s:5:\"title\";s:15:\"Variable editor\";s:6:\"access\";b:1;s:4:\"type\";i:4;s:6:\"weight\";i:0;s:3:\"pid\";i:-140;}i:-143;a:6:{s:4:\"path\";s:13:\"devel/session\";s:5:\"title\";s:14:\"Session viewer\";s:6:\"access\";b:1;s:4:\"type\";i:4;s:6:\"weight\";i:0;s:3:\"pid\";i:1;}i:-144;a:6:{s:4:\"path\";s:12:\"devel/switch\";s:5:\"title\";s:11:\"Switch user\";s:6:\"access\";b:1;s:4:\"type\";i:4;s:6:\"weight\";i:0;s:3:\"pid\";i:1;}i:53;a:7:{s:4:\"path\";s:0:\"\";s:5:\"title\";s:13:\"Primary links\";s:11:\"description\";s:0:\"\";s:3:\"pid\";s:1:\"0\";s:6:\"weight\";s:1:\"0\";s:4:\"type\";s:3:\"115\";s:8:\"children\";a:2:{i:0;i:101;i:1;i:102;}}i:54;a:6:{s:4:\"path\";s:11:\"filter/tips\";s:5:\"title\";s:12:\"Compose tips\";s:6:\"access\";b:1;s:4:\"type\";i:20;s:6:\"weight\";i:0;s:3:\"pid\";i:1;}i:55;a:7:{s:4:\"path\";s:4:\"node\";s:5:\"title\";s:7:\"Content\";s:6:\"access\";b:1;s:4:\"type\";i:16;s:6:\"weight\";i:0;s:3:\"pid\";i:1;s:8:\"children\";a:1:{i:0;i:61;}}i:56;a:7:{s:4:\"path\";s:5:\"admin\";s:5:\"title\";s:10:\"Administer\";s:6:\"access\";b:1;s:6:\"weight\";i:9;s:4:\"type\";i:22;s:8:\"children\";a:9:{i:0;i:-73;i:1;i:-74;i:2;i:-75;i:3;i:59;i:4;i:60;i:5;i:62;i:6;i:63;i:7;i:64;i:8;i:65;}s:3:\"pid\";i:1;}i:57;a:6:{s:4:\"path\";s:6:\"logout\";s:5:\"title\";s:7:\"Log out\";s:6:\"access\";s:1:\"1\";s:6:\"weight\";i:10;s:4:\"type\";i:22;s:3:\"pid\";i:1;}i:58;a:7:{s:4:\"path\";s:13:\"devel/queries\";s:5:\"title\";s:16:\"Database queries\";s:6:\"access\";b:1;s:4:\"type\";i:22;s:6:\"weight\";i:0;s:8:\"children\";a:1:{i:0;i:-136;}s:3:\"pid\";i:1;}i:59;a:7:{s:4:\"path\";s:10:\"admin/help\";s:5:\"title\";s:4:\"Help\";s:6:\"access\";b:1;s:6:\"weight\";i:9;s:4:\"type\";i:22;s:8:\"children\";a:15:{i:0;i:-25;i:1;i:-26;i:2;i:-27;i:3;i:-28;i:4;i:-29;i:5;i:-30;i:6;i:-31;i:7;i:-32;i:8;i:-33;i:9;i:-34;i:10;i:-35;i:11;i:-36;i:12;i:-37;i:13;i:-38;i:14;i:-39;}s:3:\"pid\";s:2:\"56\";}i:60;a:9:{s:4:\"path\";s:13:\"admin/content\";s:5:\"title\";s:18:\"Content management\";s:11:\"description\";s:27:\"Manage your site\'s content.\";s:8:\"position\";s:4:\"left\";s:6:\"weight\";i:-10;s:6:\"access\";b:1;s:4:\"type\";i:22;s:3:\"pid\";s:2:\"56\";s:8:\"children\";a:5:{i:0;i:67;i:1;i:70;i:2;i:71;i:3;i:72;i:4;i:87;}}i:61;a:7:{s:4:\"path\";s:8:\"node/add\";s:5:\"title\";s:14:\"Create content\";s:6:\"access\";b:1;s:4:\"type\";i:28;s:6:\"weight\";i:1;s:3:\"pid\";s:2:\"55\";s:8:\"children\";a:4:{i:0;i:73;i:1;i:74;i:2;i:75;i:3;i:77;}}i:62;a:9:{s:4:\"path\";s:14:\"admin/settings\";s:5:\"title\";s:18:\"Site configuration\";s:11:\"description\";s:40:\"Adjust basic site configuration options.\";s:8:\"position\";s:5:\"right\";s:6:\"weight\";i:-5;s:6:\"access\";b:1;s:4:\"type\";i:22;s:3:\"pid\";s:2:\"56\";s:8:\"children\";a:11:{i:0;i:68;i:1;i:79;i:2;i:82;i:3;i:83;i:4;i:84;i:5;i:85;i:6;i:86;i:7;i:88;i:8;i:89;i:9;i:90;i:10;i:100;}}i:63;a:9:{s:4:\"path\";s:11:\"admin/build\";s:5:\"title\";s:13:\"Site building\";s:11:\"description\";s:38:\"Control how your site looks and feels.\";s:8:\"position\";s:5:\"right\";s:6:\"weight\";i:-10;s:6:\"access\";b:1;s:4:\"type\";i:22;s:3:\"pid\";s:2:\"56\";s:8:\"children\";a:5:{i:0;i:66;i:1;i:69;i:2;i:78;i:3;i:80;i:4;i:81;}}i:64;a:8:{s:4:\"path\";s:10:\"admin/logs\";s:5:\"title\";s:4:\"Logs\";s:11:\"description\";s:46:\"View system logs and other status information.\";s:6:\"weight\";i:5;s:8:\"position\";s:4:\"left\";s:4:\"type\";i:22;s:8:\"children\";a:5:{i:0;i:-129;i:1;i:91;i:2;i:97;i:3;i:98;i:4;i:99;}s:3:\"pid\";s:2:\"56\";}i:65;a:9:{s:4:\"path\";s:10:\"admin/user\";s:5:\"title\";s:15:\"User management\";s:11:\"description\";s:61:\"Manage your site\'s users, groups and access to site features.\";s:8:\"position\";s:4:\"left\";s:6:\"access\";b:1;s:4:\"type\";i:22;s:6:\"weight\";i:0;s:3:\"pid\";s:2:\"56\";s:8:\"children\";a:5:{i:0;i:92;i:1;i:93;i:2;i:94;i:3;i:95;i:4;i:96;}}i:66;a:8:{s:4:\"path\";s:17:\"admin/build/block\";s:5:\"title\";s:6:\"Blocks\";s:6:\"access\";b:1;s:11:\"description\";s:79:\"Configure what block content appears in your site\'s sidebars and other regions.\";s:4:\"type\";i:22;s:6:\"weight\";i:0;s:8:\"children\";a:4:{i:0;i:-2;i:1;i:-3;i:2;i:-4;i:3;i:-5;}s:3:\"pid\";s:2:\"63\";}i:67;a:8:{s:4:\"path\";s:21:\"admin/content/comment\";s:5:\"title\";s:8:\"Comments\";s:11:\"description\";s:61:\"List and edit site comments and the comment moderation queue.\";s:6:\"access\";b:1;s:4:\"type\";i:22;s:6:\"weight\";i:0;s:8:\"children\";a:2:{i:0;i:-13;i:1;i:-16;}s:3:\"pid\";s:2:\"60\";}i:68;a:8:{s:4:\"path\";s:22:\"admin/settings/filters\";s:5:\"title\";s:13:\"Input formats\";s:11:\"description\";s:142:\"Configure how content input by users is filtered, including allowed HTML tags, PHP code tags. Also allows enabling of module-provided filters.\";s:6:\"access\";b:1;s:4:\"type\";i:22;s:6:\"weight\";i:0;s:8:\"children\";a:3:{i:0;i:-20;i:1;i:-21;i:2;i:-22;}s:3:\"pid\";s:2:\"62\";}i:69;a:8:{s:4:\"path\";s:16:\"admin/build/menu\";s:5:\"title\";s:5:\"Menus\";s:11:\"description\";s:116:\"Control your site\'s navigation menu, primary links and secondary links. as well as rename and reorganize menu items.\";s:6:\"access\";b:1;s:4:\"type\";i:22;s:6:\"weight\";i:0;s:8:\"children\";a:10:{i:0;i:-41;i:1;i:-42;i:2;i:-43;i:3;i:-44;i:4;i:-45;i:5;i:-46;i:6;i:-47;i:7;i:-48;i:8;i:-49;i:9;i:-50;}s:3:\"pid\";s:2:\"63\";}i:70;a:8:{s:4:\"path\";s:18:\"admin/content/node\";s:5:\"title\";s:7:\"Content\";s:11:\"description\";s:43:\"View, edit, and delete your site\'s content.\";s:6:\"access\";b:1;s:4:\"type\";i:22;s:6:\"weight\";i:0;s:8:\"children\";a:1:{i:0;i:-53;}s:3:\"pid\";s:2:\"60\";}i:71;a:8:{s:4:\"path\";s:27:\"admin/content/node-settings\";s:5:\"title\";s:13:\"Post settings\";s:11:\"description\";s:126:\"Control posting behavior, such as teaser length, requiring previews before posting, and the number of posts on the front page.\";s:6:\"access\";b:1;s:4:\"type\";i:22;s:6:\"weight\";i:0;s:8:\"children\";a:1:{i:0;i:-55;}s:3:\"pid\";s:2:\"60\";}i:72;a:8:{s:4:\"path\";s:19:\"admin/content/types\";s:5:\"title\";s:13:\"Content types\";s:11:\"description\";s:82:\"Manage posts by content type, including default status, front page promotion, etc.\";s:6:\"access\";b:1;s:4:\"type\";i:22;s:6:\"weight\";i:0;s:8:\"children\";a:3:{i:0;i:-57;i:1;i:-58;i:2;i:-130;}s:3:\"pid\";s:2:\"60\";}i:73;a:6:{s:4:\"path\";s:14:\"node/add/class\";s:5:\"title\";s:5:\"Class\";s:6:\"access\";b:1;s:4:\"type\";i:22;s:6:\"weight\";i:0;s:3:\"pid\";s:2:\"61\";}i:74;a:6:{s:4:\"path\";s:13:\"node/add/page\";s:5:\"title\";s:4:\"Page\";s:6:\"access\";b:1;s:4:\"type\";i:22;s:6:\"weight\";i:0;s:3:\"pid\";s:2:\"61\";}i:75;a:6:{s:4:\"path\";s:17:\"node/add/property\";s:5:\"title\";s:8:\"Property\";s:6:\"access\";b:1;s:4:\"type\";i:22;s:6:\"weight\";i:0;s:3:\"pid\";s:2:\"61\";}i:77;a:6:{s:4:\"path\";s:19:\"node/add/vocabulary\";s:5:\"title\";s:10:\"Vocabulary\";s:6:\"access\";b:1;s:4:\"type\";i:22;s:6:\"weight\";i:0;s:3:\"pid\";s:2:\"61\";}i:78;a:8:{s:4:\"path\";s:16:\"admin/build/path\";s:5:\"title\";s:11:\"URL aliases\";s:11:\"description\";s:46:\"Change your site\'s URL paths by aliasing them.\";s:6:\"access\";b:1;s:4:\"type\";i:22;s:6:\"weight\";i:0;s:8:\"children\";a:4:{i:0;i:-67;i:1;i:-68;i:2;i:-69;i:3;i:-70;}s:3:\"pid\";s:2:\"63\";}i:79;a:9:{s:4:\"path\";s:20:\"admin/settings/admin\";s:5:\"title\";s:20:\"Administration theme\";s:11:\"description\";s:55:\"Settings for how your administrative pages should look.\";s:8:\"position\";s:4:\"left\";s:14:\"block callback\";s:27:\"system_admin_theme_settings\";s:6:\"access\";b:1;s:4:\"type\";i:22;s:6:\"weight\";i:0;s:3:\"pid\";s:2:\"62\";}i:80;a:8:{s:4:\"path\";s:18:\"admin/build/themes\";s:5:\"title\";s:6:\"Themes\";s:11:\"description\";s:57:\"Change which theme your site uses or allows users to set.\";s:6:\"access\";b:1;s:4:\"type\";i:22;s:6:\"weight\";i:0;s:8:\"children\";a:2:{i:0;i:-80;i:1;i:-81;}s:3:\"pid\";s:2:\"63\";}i:81;a:8:{s:4:\"path\";s:19:\"admin/build/modules\";s:5:\"title\";s:7:\"Modules\";s:11:\"description\";s:47:\"Enable or disable add-on modules for your site.\";s:6:\"access\";b:1;s:4:\"type\";i:22;s:6:\"weight\";i:0;s:8:\"children\";a:2:{i:0;i:-85;i:1;i:-87;}s:3:\"pid\";s:2:\"63\";}i:82;a:6:{s:4:\"path\";s:31:\"admin/settings/site-information\";s:5:\"title\";s:16:\"Site information\";s:11:\"description\";s:107:\"Change basic site information, such as the site name, slogan, e-mail address, mission, front page and more.\";s:4:\"type\";i:22;s:6:\"weight\";i:0;s:3:\"pid\";s:2:\"62\";}i:83;a:6:{s:4:\"path\";s:30:\"admin/settings/error-reporting\";s:5:\"title\";s:15:\"Error reporting\";s:11:\"description\";s:93:\"Control how Drupal deals with errors including 403/404 errors as well as PHP error reporting.\";s:4:\"type\";i:22;s:6:\"weight\";i:0;s:3:\"pid\";s:2:\"62\";}i:84;a:6:{s:4:\"path\";s:26:\"admin/settings/performance\";s:5:\"title\";s:11:\"Performance\";s:11:\"description\";s:91:\"Enable or disable page caching for anonymous users, and enable or disable CSS preprocessor.\";s:4:\"type\";i:22;s:6:\"weight\";i:0;s:3:\"pid\";s:2:\"62\";}i:85;a:6:{s:4:\"path\";s:26:\"admin/settings/file-system\";s:5:\"title\";s:11:\"File system\";s:11:\"description\";s:68:\"Tell Drupal where to store uploaded files and how they are accessed.\";s:4:\"type\";i:22;s:6:\"weight\";i:0;s:3:\"pid\";s:2:\"62\";}i:86;a:6:{s:4:\"path\";s:28:\"admin/settings/image-toolkit\";s:5:\"title\";s:13:\"Image toolkit\";s:11:\"description\";s:74:\"Choose which image toolkit to use if you have installed optional toolkits.\";s:4:\"type\";i:22;s:6:\"weight\";i:0;s:3:\"pid\";s:2:\"62\";}i:87;a:6:{s:4:\"path\";s:28:\"admin/content/rss-publishing\";s:5:\"title\";s:14:\"RSS publishing\";s:11:\"description\";s:92:\"Configure the number of items per feed and whether feeds should be titles/teasers/full-text.\";s:4:\"type\";i:22;s:6:\"weight\";i:0;s:3:\"pid\";s:2:\"60\";}i:88;a:6:{s:4:\"path\";s:24:\"admin/settings/date-time\";s:5:\"title\";s:13:\"Date and time\";s:11:\"description\";s:89:\"Settings for how Drupal displays date and time, as well as the system\'s default timezone.\";s:4:\"type\";i:22;s:6:\"weight\";i:0;s:3:\"pid\";s:2:\"62\";}i:89;a:6:{s:4:\"path\";s:31:\"admin/settings/site-maintenance\";s:5:\"title\";s:16:\"Site maintenance\";s:11:\"description\";s:63:\"Take the site off-line for maintenance or bring it back online.\";s:4:\"type\";i:22;s:6:\"weight\";i:0;s:3:\"pid\";s:2:\"62\";}i:90;a:6:{s:4:\"path\";s:25:\"admin/settings/clean-urls\";s:5:\"title\";s:10:\"Clean URLs\";s:11:\"description\";s:43:\"Enable or disable clean URLs for your site.\";s:4:\"type\";i:22;s:6:\"weight\";i:0;s:3:\"pid\";s:2:\"62\";}i:91;a:8:{s:4:\"path\";s:17:\"admin/logs/status\";s:5:\"title\";s:13:\"Status report\";s:11:\"description\";s:74:\"Get a status report about your site\'s operation and any detected problems.\";s:6:\"weight\";i:10;s:6:\"access\";b:1;s:4:\"type\";i:22;s:8:\"children\";a:3:{i:0;i:-100;i:1;i:-101;i:2;i:-102;}s:3:\"pid\";s:2:\"64\";}i:92;a:8:{s:4:\"path\";s:15:\"admin/user/user\";s:5:\"title\";s:5:\"Users\";s:11:\"description\";s:26:\"List, add, and edit users.\";s:6:\"access\";b:1;s:4:\"type\";i:22;s:6:\"weight\";i:0;s:8:\"children\";a:2:{i:0;i:-112;i:1;i:-113;}s:3:\"pid\";s:2:\"65\";}i:93;a:6:{s:4:\"path\";s:19:\"admin/user/settings\";s:5:\"title\";s:13:\"User settings\";s:11:\"description\";s:101:\"Configure default behavior of users, including registration requirements, e-mails, and user pictures.\";s:4:\"type\";i:22;s:6:\"weight\";i:0;s:3:\"pid\";s:2:\"65\";}i:94;a:7:{s:4:\"path\";s:17:\"admin/user/access\";s:5:\"title\";s:14:\"Access control\";s:11:\"description\";s:64:\"Determine access to features by selecting permissions for roles.\";s:6:\"access\";b:1;s:4:\"type\";i:22;s:6:\"weight\";i:0;s:3:\"pid\";s:2:\"65\";}i:95;a:8:{s:4:\"path\";s:16:\"admin/user/roles\";s:5:\"title\";s:5:\"Roles\";s:11:\"description\";s:30:\"List, edit, or add user roles.\";s:6:\"access\";b:1;s:4:\"type\";i:22;s:6:\"weight\";i:0;s:8:\"children\";a:1:{i:0;i:-117;}s:3:\"pid\";s:2:\"65\";}i:96;a:8:{s:4:\"path\";s:16:\"admin/user/rules\";s:5:\"title\";s:12:\"Access rules\";s:11:\"description\";s:80:\"List and create rules to disallow usernames, e-mail addresses, and IP addresses.\";s:6:\"access\";b:1;s:4:\"type\";i:22;s:6:\"weight\";i:0;s:8:\"children\";a:5:{i:0;i:-119;i:1;i:-120;i:2;i:-121;i:3;i:-122;i:4;i:-123;}s:3:\"pid\";s:2:\"65\";}i:97;a:6:{s:4:\"path\";s:19:\"admin/logs/watchdog\";s:5:\"title\";s:18:\"Recent log entries\";s:11:\"description\";s:43:\"View events that have recently been logged.\";s:6:\"weight\";i:-1;s:4:\"type\";i:22;s:3:\"pid\";s:2:\"64\";}i:98;a:6:{s:4:\"path\";s:25:\"admin/logs/page-not-found\";s:5:\"title\";s:27:\"Top \'page not found\' errors\";s:11:\"description\";s:36:\"View \'page not found\' errors (404s).\";s:4:\"type\";i:22;s:6:\"weight\";i:0;s:3:\"pid\";s:2:\"64\";}i:99;a:6:{s:4:\"path\";s:24:\"admin/logs/access-denied\";s:5:\"title\";s:26:\"Top \'access denied\' errors\";s:11:\"description\";s:35:\"View \'access denied\' errors (403s).\";s:4:\"type\";i:22;s:6:\"weight\";i:0;s:3:\"pid\";s:2:\"64\";}i:100;a:6:{s:4:\"path\";s:20:\"admin/settings/devel\";s:5:\"title\";s:5:\"Devel\";s:6:\"access\";b:1;s:4:\"type\";i:22;s:6:\"weight\";i:0;s:3:\"pid\";s:2:\"62\";}i:101;a:8:{s:4:\"path\";s:4:\"user\";s:5:\"title\";s:5:\"Login\";s:6:\"access\";b:0;s:4:\"type\";s:3:\"118\";s:6:\"weight\";s:1:\"0\";s:11:\"description\";s:0:\"\";s:3:\"pid\";s:2:\"53\";s:8:\"children\";a:7:{i:0;i:-104;i:1;i:-105;i:2;i:-106;i:3;i:-107;i:4;i:-108;i:5;i:-109;i:6;i:-124;}}i:102;a:7:{s:4:\"path\";s:9:\"neologism\";s:5:\"title\";s:9:\"Neologism\";s:11:\"description\";s:0:\"\";s:6:\"access\";b:1;s:4:\"type\";s:3:\"112\";s:6:\"weight\";s:2:\"-1\";s:3:\"pid\";s:2:\"53\";}}s:9:\"callbacks\";a:131:{s:17:\"admin/build/block\";a:2:{s:8:\"callback\";s:15:\"drupal_get_form\";s:18:\"callback arguments\";a:1:{i:0;s:19:\"block_admin_display\";}}s:27:\"admin/build/block/configure\";a:2:{s:8:\"callback\";s:15:\"drupal_get_form\";s:18:\"callback arguments\";a:1:{i:0;s:21:\"block_admin_configure\";}}s:24:\"admin/build/block/delete\";a:2:{s:8:\"callback\";s:15:\"drupal_get_form\";s:18:\"callback arguments\";a:1:{i:0;s:16:\"block_box_delete\";}}s:21:\"admin/build/block/add\";a:2:{s:8:\"callback\";s:15:\"drupal_get_form\";s:18:\"callback arguments\";a:1:{i:0;s:14:\"block_box_form\";}}s:31:\"admin/build/block/list/minnelli\";a:2:{s:8:\"callback\";s:15:\"drupal_get_form\";s:18:\"callback arguments\";a:2:{i:0;s:19:\"block_admin_display\";i:1;s:8:\"minnelli\";}}s:29:\"admin/build/block/list/marvin\";a:2:{s:8:\"callback\";s:15:\"drupal_get_form\";s:18:\"callback arguments\";a:2:{i:0;s:19:\"block_admin_display\";i:1;s:6:\"marvin\";}}s:33:\"admin/build/block/list/pushbutton\";a:2:{s:8:\"callback\";s:15:\"drupal_get_form\";s:18:\"callback arguments\";a:2:{i:0;s:19:\"block_admin_display\";i:1;s:10:\"pushbutton\";}}s:32:\"admin/build/block/list/chameleon\";a:2:{s:8:\"callback\";s:15:\"drupal_get_form\";s:18:\"callback arguments\";a:2:{i:0;s:19:\"block_admin_display\";i:1;s:9:\"chameleon\";}}s:33:\"admin/build/block/list/bluemarine\";a:2:{s:8:\"callback\";s:15:\"drupal_get_form\";s:18:\"callback arguments\";a:2:{i:0;s:19:\"block_admin_display\";i:1;s:10:\"bluemarine\";}}s:30:\"admin/build/block/list/garland\";a:2:{s:8:\"callback\";s:15:\"drupal_get_form\";s:18:\"callback arguments\";a:2:{i:0;s:19:\"block_admin_display\";i:1;s:7:\"garland\";}}s:21:\"admin/content/comment\";a:1:{s:8:\"callback\";s:13:\"comment_admin\";}s:35:\"admin/content/comment/list/approval\";a:2:{s:8:\"callback\";s:13:\"comment_admin\";s:18:\"callback arguments\";a:1:{i:0;s:8:\"approval\";}}s:30:\"admin/content/comment/settings\";a:2:{s:8:\"callback\";s:15:\"drupal_get_form\";s:18:\"callback arguments\";a:1:{i:0;s:22:\"comment_admin_settings\";}}s:14:\"comment/delete\";a:1:{s:8:\"callback\";s:14:\"comment_delete\";}s:12:\"comment/edit\";a:1:{s:8:\"callback\";s:12:\"comment_edit\";}s:22:\"admin/settings/filters\";a:2:{s:8:\"callback\";s:15:\"drupal_get_form\";s:18:\"callback arguments\";a:1:{i:0;s:21:\"filter_admin_overview\";}}s:27:\"admin/settings/filters/list\";a:1:{s:8:\"callback\";s:21:\"filter_admin_overview\";}s:26:\"admin/settings/filters/add\";a:2:{s:8:\"callback\";s:15:\"drupal_get_form\";s:18:\"callback arguments\";a:1:{i:0;s:24:\"filter_admin_format_form\";}}s:29:\"admin/settings/filters/delete\";a:2:{s:8:\"callback\";s:15:\"drupal_get_form\";s:18:\"callback arguments\";a:1:{i:0;s:19:\"filter_admin_delete\";}}s:11:\"filter/tips\";a:1:{s:8:\"callback\";s:16:\"filter_tips_long\";}s:10:\"admin/help\";a:1:{s:8:\"callback\";s:9:\"help_main\";}s:16:\"admin/help/block\";a:1:{s:8:\"callback\";s:9:\"help_page\";}s:16:\"admin/help/color\";a:1:{s:8:\"callback\";s:9:\"help_page\";}s:18:\"admin/help/comment\";a:1:{s:8:\"callback\";s:9:\"help_page\";}s:18:\"admin/help/content\";a:1:{s:8:\"callback\";s:9:\"help_page\";}s:16:\"admin/help/devel\";a:1:{s:8:\"callback\";s:9:\"help_page\";}s:17:\"admin/help/filter\";a:1:{s:8:\"callback\";s:9:\"help_page\";}s:15:\"admin/help/help\";a:1:{s:8:\"callback\";s:9:\"help_page\";}s:15:\"admin/help/menu\";a:1:{s:8:\"callback\";s:9:\"help_page\";}s:22:\"admin/help/multiselect\";a:1:{s:8:\"callback\";s:9:\"help_page\";}s:15:\"admin/help/node\";a:1:{s:8:\"callback\";s:9:\"help_page\";}s:24:\"admin/help/optionwidgets\";a:1:{s:8:\"callback\";s:9:\"help_page\";}s:15:\"admin/help/path\";a:1:{s:8:\"callback\";s:9:\"help_page\";}s:17:\"admin/help/system\";a:1:{s:8:\"callback\";s:9:\"help_page\";}s:15:\"admin/help/user\";a:1:{s:8:\"callback\";s:9:\"help_page\";}s:19:\"admin/help/watchdog\";a:1:{s:8:\"callback\";s:9:\"help_page\";}s:16:\"admin/build/menu\";a:1:{s:8:\"callback\";s:13:\"menu_overview\";}s:25:\"admin/build/menu/item/add\";a:2:{s:8:\"callback\";s:15:\"drupal_get_form\";s:18:\"callback arguments\";a:2:{i:0;s:19:\"menu_edit_item_form\";i:1;s:3:\"add\";}}s:26:\"admin/build/menu/item/edit\";a:2:{s:8:\"callback\";s:15:\"drupal_get_form\";s:18:\"callback arguments\";a:2:{i:0;s:19:\"menu_edit_item_form\";i:1;s:4:\"edit\";}}s:27:\"admin/build/menu/item/reset\";a:2:{s:8:\"callback\";s:15:\"drupal_get_form\";s:18:\"callback arguments\";a:1:{i:0;s:15:\"menu_reset_item\";}}s:29:\"admin/build/menu/item/disable\";a:2:{s:8:\"callback\";s:15:\"drupal_get_form\";s:18:\"callback arguments\";a:1:{i:0;s:25:\"menu_confirm_disable_item\";}}s:28:\"admin/build/menu/item/delete\";a:2:{s:8:\"callback\";s:15:\"drupal_get_form\";s:18:\"callback arguments\";a:1:{i:0;s:21:\"menu_item_delete_form\";}}s:25:\"admin/build/menu/menu/add\";a:2:{s:8:\"callback\";s:15:\"drupal_get_form\";s:18:\"callback arguments\";a:2:{i:0;s:19:\"menu_edit_menu_form\";i:1;s:3:\"add\";}}s:26:\"admin/build/menu/menu/edit\";a:2:{s:8:\"callback\";s:15:\"drupal_get_form\";s:18:\"callback arguments\";a:2:{i:0;s:19:\"menu_edit_menu_form\";i:1;s:4:\"edit\";}}s:28:\"admin/build/menu/menu/delete\";a:2:{s:8:\"callback\";s:15:\"drupal_get_form\";s:18:\"callback arguments\";a:1:{i:0;s:21:\"menu_item_delete_form\";}}s:25:\"admin/build/menu/settings\";a:2:{s:8:\"callback\";s:15:\"drupal_get_form\";s:18:\"callback arguments\";a:1:{i:0;s:14:\"menu_configure\";}}s:13:\"admin/content\";a:1:{s:8:\"callback\";s:28:\"system_admin_menu_block_page\";}s:18:\"admin/content/node\";a:1:{s:8:\"callback\";s:18:\"node_admin_content\";}s:27:\"admin/content/node-settings\";a:2:{s:8:\"callback\";s:15:\"drupal_get_form\";s:18:\"callback arguments\";a:1:{i:0;s:14:\"node_configure\";}}s:35:\"admin/content/node-settings/rebuild\";a:2:{s:8:\"callback\";s:15:\"drupal_get_form\";s:18:\"callback arguments\";a:1:{i:0;s:30:\"node_configure_rebuild_confirm\";}}s:19:\"admin/content/types\";a:1:{s:8:\"callback\";s:19:\"node_overview_types\";}s:23:\"admin/content/types/add\";a:2:{s:8:\"callback\";s:15:\"drupal_get_form\";s:18:\"callback arguments\";a:1:{i:0;s:14:\"node_type_form\";}}s:4:\"node\";a:1:{s:8:\"callback\";s:17:\"node_page_default\";}s:8:\"node/add\";a:1:{s:8:\"callback\";s:8:\"node_add\";}s:7:\"rss.xml\";a:1:{s:8:\"callback\";s:9:\"node_feed\";}s:16:\"admin/build/path\";a:1:{s:8:\"callback\";s:10:\"path_admin\";}s:21:\"admin/build/path/edit\";a:2:{s:8:\"callback\";s:15:\"drupal_get_form\";s:18:\"callback arguments\";a:1:{i:0;s:15:\"path_admin_edit\";}}s:23:\"admin/build/path/delete\";a:2:{s:8:\"callback\";s:15:\"drupal_get_form\";s:18:\"callback arguments\";a:1:{i:0;s:25:\"path_admin_delete_confirm\";}}s:20:\"admin/build/path/add\";a:2:{s:8:\"callback\";s:15:\"drupal_get_form\";s:18:\"callback arguments\";a:1:{i:0;s:15:\"path_admin_edit\";}}s:12:\"system/files\";a:1:{s:8:\"callback\";s:13:\"file_download\";}s:5:\"admin\";a:1:{s:8:\"callback\";s:22:\"system_main_admin_page\";}s:13:\"admin/compact\";a:1:{s:8:\"callback\";s:25:\"system_admin_compact_page\";}s:13:\"admin/by-task\";a:1:{s:8:\"callback\";s:22:\"system_main_admin_page\";}s:15:\"admin/by-module\";a:1:{s:8:\"callback\";s:22:\"system_admin_by_module\";}s:14:\"admin/settings\";a:1:{s:8:\"callback\";s:24:\"system_settings_overview\";}s:11:\"admin/build\";a:1:{s:8:\"callback\";s:28:\"system_admin_menu_block_page\";}s:20:\"admin/settings/admin\";a:2:{s:8:\"callback\";s:15:\"drupal_get_form\";s:18:\"callback arguments\";a:1:{i:0;s:27:\"system_admin_theme_settings\";}}s:18:\"admin/build/themes\";a:2:{s:8:\"callback\";s:15:\"drupal_get_form\";s:18:\"callback arguments\";a:1:{i:0;s:13:\"system_themes\";}}s:25:\"admin/build/themes/select\";a:2:{s:8:\"callback\";s:15:\"drupal_get_form\";s:18:\"callback arguments\";a:1:{i:0;s:13:\"system_themes\";}}s:27:\"admin/build/themes/settings\";a:2:{s:8:\"callback\";s:15:\"drupal_get_form\";s:18:\"callback arguments\";a:1:{i:0;s:21:\"system_theme_settings\";}}s:34:\"admin/build/themes/settings/global\";a:2:{s:8:\"callback\";s:15:\"drupal_get_form\";s:18:\"callback arguments\";a:1:{i:0;s:21:\"system_theme_settings\";}}s:35:\"admin/build/themes/settings/garland\";a:2:{s:8:\"callback\";s:15:\"drupal_get_form\";s:18:\"callback arguments\";a:2:{i:0;s:21:\"system_theme_settings\";i:1;s:7:\"garland\";}}s:19:\"admin/build/modules\";a:2:{s:8:\"callback\";s:15:\"drupal_get_form\";s:18:\"callback arguments\";a:1:{i:0;s:14:\"system_modules\";}}s:32:\"admin/build/modules/list/confirm\";a:2:{s:8:\"callback\";s:15:\"drupal_get_form\";s:18:\"callback arguments\";a:1:{i:0;s:14:\"system_modules\";}}s:29:\"admin/build/modules/uninstall\";a:2:{s:8:\"callback\";s:15:\"drupal_get_form\";s:18:\"callback arguments\";a:1:{i:0;s:24:\"system_modules_uninstall\";}}s:37:\"admin/build/modules/uninstall/confirm\";a:2:{s:8:\"callback\";s:15:\"drupal_get_form\";s:18:\"callback arguments\";a:1:{i:0;s:24:\"system_modules_uninstall\";}}s:31:\"admin/settings/site-information\";a:2:{s:8:\"callback\";s:15:\"drupal_get_form\";s:18:\"callback arguments\";a:1:{i:0;s:32:\"system_site_information_settings\";}}s:30:\"admin/settings/error-reporting\";a:2:{s:8:\"callback\";s:15:\"drupal_get_form\";s:18:\"callback arguments\";a:1:{i:0;s:31:\"system_error_reporting_settings\";}}s:26:\"admin/settings/performance\";a:2:{s:8:\"callback\";s:15:\"drupal_get_form\";s:18:\"callback arguments\";a:1:{i:0;s:27:\"system_performance_settings\";}}s:26:\"admin/settings/file-system\";a:2:{s:8:\"callback\";s:15:\"drupal_get_form\";s:18:\"callback arguments\";a:1:{i:0;s:27:\"system_file_system_settings\";}}s:28:\"admin/settings/image-toolkit\";a:2:{s:8:\"callback\";s:15:\"drupal_get_form\";s:18:\"callback arguments\";a:1:{i:0;s:29:\"system_image_toolkit_settings\";}}s:28:\"admin/content/rss-publishing\";a:2:{s:8:\"callback\";s:15:\"drupal_get_form\";s:18:\"callback arguments\";a:1:{i:0;s:25:\"system_rss_feeds_settings\";}}s:24:\"admin/settings/date-time\";a:2:{s:8:\"callback\";s:15:\"drupal_get_form\";s:18:\"callback arguments\";a:1:{i:0;s:25:\"system_date_time_settings\";}}s:31:\"admin/settings/site-maintenance\";a:2:{s:8:\"callback\";s:15:\"drupal_get_form\";s:18:\"callback arguments\";a:1:{i:0;s:32:\"system_site_maintenance_settings\";}}s:25:\"admin/settings/clean-urls\";a:2:{s:8:\"callback\";s:15:\"drupal_get_form\";s:18:\"callback arguments\";a:1:{i:0;s:25:\"system_clean_url_settings\";}}s:10:\"admin/logs\";a:1:{s:8:\"callback\";s:28:\"system_admin_menu_block_page\";}s:17:\"admin/logs/status\";a:1:{s:8:\"callback\";s:13:\"system_status\";}s:26:\"admin/logs/status/run-cron\";a:1:{s:8:\"callback\";s:15:\"system_run_cron\";}s:21:\"admin/logs/status/php\";a:1:{s:8:\"callback\";s:10:\"system_php\";}s:21:\"admin/logs/status/sql\";a:1:{s:8:\"callback\";s:10:\"system_sql\";}s:4:\"user\";a:2:{s:8:\"callback\";s:15:\"drupal_get_form\";s:18:\"callback arguments\";a:1:{i:0;s:10:\"user_login\";}}s:17:\"user/autocomplete\";a:1:{s:8:\"callback\";s:17:\"user_autocomplete\";}s:10:\"user/login\";a:2:{s:8:\"callback\";s:15:\"drupal_get_form\";s:18:\"callback arguments\";a:1:{i:0;s:10:\"user_login\";}}s:13:\"user/register\";a:2:{s:8:\"callback\";s:15:\"drupal_get_form\";s:18:\"callback arguments\";a:1:{i:0;s:13:\"user_register\";}}s:13:\"user/password\";a:2:{s:8:\"callback\";s:15:\"drupal_get_form\";s:18:\"callback arguments\";a:1:{i:0;s:9:\"user_pass\";}}s:10:\"user/reset\";a:2:{s:8:\"callback\";s:15:\"drupal_get_form\";s:18:\"callback arguments\";a:1:{i:0;s:15:\"user_pass_reset\";}}s:9:\"user/help\";a:1:{s:8:\"callback\";s:14:\"user_help_page\";}s:10:\"admin/user\";a:1:{s:8:\"callback\";s:28:\"system_admin_menu_block_page\";}s:15:\"admin/user/user\";a:2:{s:8:\"callback\";s:10:\"user_admin\";s:18:\"callback arguments\";a:1:{i:0;s:4:\"list\";}}s:22:\"admin/user/user/create\";a:2:{s:8:\"callback\";s:10:\"user_admin\";s:18:\"callback arguments\";a:1:{i:0;s:6:\"create\";}}s:19:\"admin/user/settings\";a:2:{s:8:\"callback\";s:15:\"drupal_get_form\";s:18:\"callback arguments\";a:1:{i:0;s:19:\"user_admin_settings\";}}s:17:\"admin/user/access\";a:2:{s:8:\"callback\";s:15:\"drupal_get_form\";s:18:\"callback arguments\";a:1:{i:0;s:15:\"user_admin_perm\";}}s:16:\"admin/user/roles\";a:2:{s:8:\"callback\";s:15:\"drupal_get_form\";s:18:\"callback arguments\";a:1:{i:0;s:19:\"user_admin_new_role\";}}s:21:\"admin/user/roles/edit\";a:2:{s:8:\"callback\";s:15:\"drupal_get_form\";s:18:\"callback arguments\";a:1:{i:0;s:15:\"user_admin_role\";}}s:16:\"admin/user/rules\";a:1:{s:8:\"callback\";s:17:\"user_admin_access\";}s:20:\"admin/user/rules/add\";a:1:{s:8:\"callback\";s:21:\"user_admin_access_add\";}s:22:\"admin/user/rules/check\";a:1:{s:8:\"callback\";s:23:\"user_admin_access_check\";}s:21:\"admin/user/rules/edit\";a:1:{s:8:\"callback\";s:22:\"user_admin_access_edit\";}s:23:\"admin/user/rules/delete\";a:2:{s:8:\"callback\";s:15:\"drupal_get_form\";s:18:\"callback arguments\";a:1:{i:0;s:32:\"user_admin_access_delete_confirm\";}}s:6:\"user/1\";a:2:{s:8:\"callback\";s:9:\"user_view\";s:18:\"callback arguments\";a:1:{i:0;s:4:\"user\";}}s:6:\"logout\";a:1:{s:8:\"callback\";s:11:\"user_logout\";}s:19:\"admin/logs/watchdog\";a:1:{s:8:\"callback\";s:17:\"watchdog_overview\";}s:25:\"admin/logs/page-not-found\";a:2:{s:8:\"callback\";s:12:\"watchdog_top\";s:18:\"callback arguments\";a:1:{i:0;s:14:\"page not found\";}}s:24:\"admin/logs/access-denied\";a:2:{s:8:\"callback\";s:12:\"watchdog_top\";s:18:\"callback arguments\";a:1:{i:0;s:13:\"access denied\";}}s:16:\"admin/logs/event\";a:1:{s:8:\"callback\";s:14:\"watchdog_event\";}s:26:\"admin/content/types/fields\";a:1:{s:8:\"callback\";s:26:\"_content_admin_type_fields\";}s:26:\"nodereference/autocomplete\";a:1:{s:8:\"callback\";s:26:\"nodereference_autocomplete\";}s:9:\"neologism\";a:1:{s:8:\"callback\";s:20:\"neologism_view_index\";}s:17:\"devel/cache/clear\";a:1:{s:8:\"callback\";s:17:\"devel_cache_clear\";}s:37:\"devel/rebuild_node_comment_statistics\";a:1:{s:8:\"callback\";s:42:\"devel_rebuild_node_comment_statistics_page\";}s:13:\"devel/queries\";a:1:{s:8:\"callback\";s:13:\"devel_queries\";}s:19:\"devel/queries/empty\";a:1:{s:8:\"callback\";s:19:\"devel_queries_empty\";}s:15:\"devel/reference\";a:1:{s:8:\"callback\";s:24:\"devel_function_reference\";}s:15:\"devel/reinstall\";a:1:{s:8:\"callback\";s:15:\"devel_reinstall\";}s:16:\"devel/menu/reset\";a:2:{s:8:\"callback\";s:15:\"drupal_get_form\";s:18:\"callback arguments\";s:21:\"devel_menu_reset_form\";}s:14:\"devel/variable\";a:1:{s:8:\"callback\";s:19:\"devel_variable_page\";}s:19:\"devel/variable/edit\";a:2:{s:8:\"callback\";s:15:\"drupal_get_form\";s:18:\"callback arguments\";a:1:{i:0;s:19:\"devel_variable_edit\";}}s:21:\"devel/variable/delete\";a:2:{s:8:\"callback\";s:15:\"drupal_get_form\";s:18:\"callback arguments\";a:1:{i:0;s:21:\"devel_variable_delete\";}}s:13:\"devel/session\";a:1:{s:8:\"callback\";s:13:\"devel_session\";}s:12:\"devel/switch\";a:1:{s:8:\"callback\";s:17:\"devel_switch_user\";}s:20:\"admin/settings/devel\";a:2:{s:8:\"callback\";s:15:\"drupal_get_form\";s:18:\"callback arguments\";a:1:{i:0;s:20:\"devel_admin_settings\";}}}s:7:\"visible\";a:48:{i:73;a:5:{s:5:\"title\";s:5:\"Class\";s:4:\"path\";s:14:\"node/add/class\";s:8:\"children\";a:0:{}s:4:\"type\";i:22;s:3:\"pid\";i:61;}i:74;a:5:{s:5:\"title\";s:4:\"Page\";s:4:\"path\";s:13:\"node/add/page\";s:8:\"children\";a:0:{}s:4:\"type\";i:22;s:3:\"pid\";i:61;}i:75;a:5:{s:5:\"title\";s:8:\"Property\";s:4:\"path\";s:17:\"node/add/property\";s:8:\"children\";a:0:{}s:4:\"type\";i:22;s:3:\"pid\";i:61;}i:77;a:5:{s:5:\"title\";s:10:\"Vocabulary\";s:4:\"path\";s:19:\"node/add/vocabulary\";s:8:\"children\";a:0:{}s:4:\"type\";i:22;s:3:\"pid\";i:61;}i:61;a:5:{s:5:\"title\";s:14:\"Create content\";s:4:\"path\";s:8:\"node/add\";s:8:\"children\";a:4:{i:0;i:73;i:1;i:74;i:2;i:75;i:3;i:77;}s:4:\"type\";i:28;s:3:\"pid\";i:1;}i:58;a:5:{s:5:\"title\";s:16:\"Database queries\";s:4:\"path\";s:13:\"devel/queries\";s:8:\"children\";a:0:{}s:4:\"type\";i:22;s:3:\"pid\";i:1;}i:67;a:5:{s:5:\"title\";s:8:\"Comments\";s:4:\"path\";s:21:\"admin/content/comment\";s:8:\"children\";a:0:{}s:4:\"type\";i:22;s:3:\"pid\";i:60;}i:70;a:5:{s:5:\"title\";s:7:\"Content\";s:4:\"path\";s:18:\"admin/content/node\";s:8:\"children\";a:0:{}s:4:\"type\";i:22;s:3:\"pid\";i:60;}i:72;a:5:{s:5:\"title\";s:13:\"Content types\";s:4:\"path\";s:19:\"admin/content/types\";s:8:\"children\";a:0:{}s:4:\"type\";i:22;s:3:\"pid\";i:60;}i:71;a:5:{s:5:\"title\";s:13:\"Post settings\";s:4:\"path\";s:27:\"admin/content/node-settings\";s:8:\"children\";a:0:{}s:4:\"type\";i:22;s:3:\"pid\";i:60;}i:87;a:5:{s:5:\"title\";s:14:\"RSS publishing\";s:4:\"path\";s:28:\"admin/content/rss-publishing\";s:8:\"children\";a:0:{}s:4:\"type\";i:22;s:3:\"pid\";i:60;}i:60;a:5:{s:5:\"title\";s:18:\"Content management\";s:4:\"path\";s:13:\"admin/content\";s:8:\"children\";a:5:{i:0;i:67;i:1;i:70;i:2;i:72;i:3;i:71;i:4;i:87;}s:4:\"type\";i:22;s:3:\"pid\";i:56;}i:66;a:5:{s:5:\"title\";s:6:\"Blocks\";s:4:\"path\";s:17:\"admin/build/block\";s:8:\"children\";a:0:{}s:4:\"type\";i:22;s:3:\"pid\";i:63;}i:69;a:5:{s:5:\"title\";s:5:\"Menus\";s:4:\"path\";s:16:\"admin/build/menu\";s:8:\"children\";a:0:{}s:4:\"type\";i:22;s:3:\"pid\";i:63;}i:81;a:5:{s:5:\"title\";s:7:\"Modules\";s:4:\"path\";s:19:\"admin/build/modules\";s:8:\"children\";a:0:{}s:4:\"type\";i:22;s:3:\"pid\";i:63;}i:80;a:5:{s:5:\"title\";s:6:\"Themes\";s:4:\"path\";s:18:\"admin/build/themes\";s:8:\"children\";a:0:{}s:4:\"type\";i:22;s:3:\"pid\";i:63;}i:78;a:5:{s:5:\"title\";s:11:\"URL aliases\";s:4:\"path\";s:16:\"admin/build/path\";s:8:\"children\";a:0:{}s:4:\"type\";i:22;s:3:\"pid\";i:63;}i:63;a:5:{s:5:\"title\";s:13:\"Site building\";s:4:\"path\";s:11:\"admin/build\";s:8:\"children\";a:5:{i:0;i:66;i:1;i:69;i:2;i:81;i:3;i:80;i:4;i:78;}s:4:\"type\";i:22;s:3:\"pid\";i:56;}i:79;a:5:{s:5:\"title\";s:20:\"Administration theme\";s:4:\"path\";s:20:\"admin/settings/admin\";s:8:\"children\";a:0:{}s:4:\"type\";i:22;s:3:\"pid\";i:62;}i:90;a:5:{s:5:\"title\";s:10:\"Clean URLs\";s:4:\"path\";s:25:\"admin/settings/clean-urls\";s:8:\"children\";a:0:{}s:4:\"type\";i:22;s:3:\"pid\";i:62;}i:88;a:5:{s:5:\"title\";s:13:\"Date and time\";s:4:\"path\";s:24:\"admin/settings/date-time\";s:8:\"children\";a:0:{}s:4:\"type\";i:22;s:3:\"pid\";i:62;}i:100;a:5:{s:5:\"title\";s:5:\"Devel\";s:4:\"path\";s:20:\"admin/settings/devel\";s:8:\"children\";a:0:{}s:4:\"type\";i:22;s:3:\"pid\";i:62;}i:83;a:5:{s:5:\"title\";s:15:\"Error reporting\";s:4:\"path\";s:30:\"admin/settings/error-reporting\";s:8:\"children\";a:0:{}s:4:\"type\";i:22;s:3:\"pid\";i:62;}i:85;a:5:{s:5:\"title\";s:11:\"File system\";s:4:\"path\";s:26:\"admin/settings/file-system\";s:8:\"children\";a:0:{}s:4:\"type\";i:22;s:3:\"pid\";i:62;}i:86;a:5:{s:5:\"title\";s:13:\"Image toolkit\";s:4:\"path\";s:28:\"admin/settings/image-toolkit\";s:8:\"children\";a:0:{}s:4:\"type\";i:22;s:3:\"pid\";i:62;}i:68;a:5:{s:5:\"title\";s:13:\"Input formats\";s:4:\"path\";s:22:\"admin/settings/filters\";s:8:\"children\";a:0:{}s:4:\"type\";i:22;s:3:\"pid\";i:62;}i:84;a:5:{s:5:\"title\";s:11:\"Performance\";s:4:\"path\";s:26:\"admin/settings/performance\";s:8:\"children\";a:0:{}s:4:\"type\";i:22;s:3:\"pid\";i:62;}i:82;a:5:{s:5:\"title\";s:16:\"Site information\";s:4:\"path\";s:31:\"admin/settings/site-information\";s:8:\"children\";a:0:{}s:4:\"type\";i:22;s:3:\"pid\";i:62;}i:89;a:5:{s:5:\"title\";s:16:\"Site maintenance\";s:4:\"path\";s:31:\"admin/settings/site-maintenance\";s:8:\"children\";a:0:{}s:4:\"type\";i:22;s:3:\"pid\";i:62;}i:62;a:5:{s:5:\"title\";s:18:\"Site configuration\";s:4:\"path\";s:14:\"admin/settings\";s:8:\"children\";a:11:{i:0;i:79;i:1;i:90;i:2;i:88;i:3;i:100;i:4;i:83;i:5;i:85;i:6;i:86;i:7;i:68;i:8;i:84;i:9;i:82;i:10;i:89;}s:4:\"type\";i:22;s:3:\"pid\";i:56;}i:94;a:5:{s:5:\"title\";s:14:\"Access control\";s:4:\"path\";s:17:\"admin/user/access\";s:8:\"children\";a:0:{}s:4:\"type\";i:22;s:3:\"pid\";i:65;}i:96;a:5:{s:5:\"title\";s:12:\"Access rules\";s:4:\"path\";s:16:\"admin/user/rules\";s:8:\"children\";a:0:{}s:4:\"type\";i:22;s:3:\"pid\";i:65;}i:95;a:5:{s:5:\"title\";s:5:\"Roles\";s:4:\"path\";s:16:\"admin/user/roles\";s:8:\"children\";a:0:{}s:4:\"type\";i:22;s:3:\"pid\";i:65;}i:92;a:5:{s:5:\"title\";s:5:\"Users\";s:4:\"path\";s:15:\"admin/user/user\";s:8:\"children\";a:0:{}s:4:\"type\";i:22;s:3:\"pid\";i:65;}i:93;a:5:{s:5:\"title\";s:13:\"User settings\";s:4:\"path\";s:19:\"admin/user/settings\";s:8:\"children\";a:0:{}s:4:\"type\";i:22;s:3:\"pid\";i:65;}i:65;a:5:{s:5:\"title\";s:15:\"User management\";s:4:\"path\";s:10:\"admin/user\";s:8:\"children\";a:5:{i:0;i:94;i:1;i:96;i:2;i:95;i:3;i:92;i:4;i:93;}s:4:\"type\";i:22;s:3:\"pid\";i:56;}i:97;a:5:{s:5:\"title\";s:18:\"Recent log entries\";s:4:\"path\";s:19:\"admin/logs/watchdog\";s:8:\"children\";a:0:{}s:4:\"type\";i:22;s:3:\"pid\";i:64;}i:99;a:5:{s:5:\"title\";s:26:\"Top \'access denied\' errors\";s:4:\"path\";s:24:\"admin/logs/access-denied\";s:8:\"children\";a:0:{}s:4:\"type\";i:22;s:3:\"pid\";i:64;}i:98;a:5:{s:5:\"title\";s:27:\"Top \'page not found\' errors\";s:4:\"path\";s:25:\"admin/logs/page-not-found\";s:8:\"children\";a:0:{}s:4:\"type\";i:22;s:3:\"pid\";i:64;}i:91;a:5:{s:5:\"title\";s:13:\"Status report\";s:4:\"path\";s:17:\"admin/logs/status\";s:8:\"children\";a:0:{}s:4:\"type\";i:22;s:3:\"pid\";i:64;}i:64;a:5:{s:5:\"title\";s:4:\"Logs\";s:4:\"path\";s:10:\"admin/logs\";s:8:\"children\";a:4:{i:0;i:97;i:1;i:99;i:2;i:98;i:3;i:91;}s:4:\"type\";i:22;s:3:\"pid\";i:56;}i:59;a:5:{s:5:\"title\";s:4:\"Help\";s:4:\"path\";s:10:\"admin/help\";s:8:\"children\";a:0:{}s:4:\"type\";i:22;s:3:\"pid\";i:56;}i:56;a:5:{s:5:\"title\";s:10:\"Administer\";s:4:\"path\";s:5:\"admin\";s:8:\"children\";a:6:{i:0;i:60;i:1;i:63;i:2;i:62;i:3;i:65;i:4;i:64;i:5;i:59;}s:4:\"type\";i:22;s:3:\"pid\";i:1;}i:57;a:5:{s:5:\"title\";s:7:\"Log out\";s:4:\"path\";s:6:\"logout\";s:8:\"children\";a:0:{}s:4:\"type\";i:22;s:3:\"pid\";i:1;}i:1;a:5:{s:5:\"title\";s:10:\"Navigation\";s:4:\"path\";s:0:\"\";s:8:\"children\";a:4:{i:0;i:61;i:1;i:58;i:2;i:56;i:3;i:57;}s:4:\"type\";i:3;s:3:\"pid\";i:0;}i:-124;a:5:{s:5:\"title\";s:10:\"My account\";s:4:\"path\";s:6:\"user/1\";s:8:\"children\";a:0:{}s:4:\"type\";i:6;s:3:\"pid\";i:53;}i:53;a:5:{s:5:\"title\";s:13:\"Primary links\";s:4:\"path\";s:0:\"\";s:8:\"children\";a:1:{i:0;i:-124;}s:4:\"type\";s:3:\"115\";s:3:\"pid\";i:0;}i:0;a:4:{s:5:\"title\";s:0:\"\";s:4:\"path\";s:0:\"\";s:8:\"children\";a:2:{i:0;i:1;i:1;i:53;}s:4:\"type\";i:1;}}}',1205543470,1205457070,''),('0:en','a:4:{s:10:\"path index\";a:144:{s:17:\"admin/build/block\";s:2:\"66\";s:22:\"admin/build/block/list\";i:-2;s:27:\"admin/build/block/configure\";i:-3;s:24:\"admin/build/block/delete\";i:-4;s:21:\"admin/build/block/add\";i:-5;s:31:\"admin/build/block/list/minnelli\";i:-6;s:29:\"admin/build/block/list/marvin\";i:-7;s:33:\"admin/build/block/list/pushbutton\";i:-8;s:32:\"admin/build/block/list/chameleon\";i:-9;s:33:\"admin/build/block/list/bluemarine\";i:-10;s:30:\"admin/build/block/list/garland\";i:-11;s:21:\"admin/content/comment\";s:2:\"67\";s:26:\"admin/content/comment/list\";i:-13;s:30:\"admin/content/comment/list/new\";i:-14;s:35:\"admin/content/comment/list/approval\";i:-15;s:30:\"admin/content/comment/settings\";i:-16;s:14:\"comment/delete\";i:-17;s:12:\"comment/edit\";i:-18;s:22:\"admin/settings/filters\";s:2:\"68\";s:27:\"admin/settings/filters/list\";i:-20;s:26:\"admin/settings/filters/add\";i:-21;s:29:\"admin/settings/filters/delete\";i:-22;s:11:\"filter/tips\";s:2:\"54\";s:10:\"admin/help\";s:2:\"59\";s:16:\"admin/help/block\";i:-25;s:16:\"admin/help/color\";i:-26;s:18:\"admin/help/comment\";i:-27;s:18:\"admin/help/content\";i:-28;s:16:\"admin/help/devel\";i:-29;s:17:\"admin/help/filter\";i:-30;s:15:\"admin/help/help\";i:-31;s:15:\"admin/help/menu\";i:-32;s:22:\"admin/help/multiselect\";i:-33;s:15:\"admin/help/node\";i:-34;s:24:\"admin/help/optionwidgets\";i:-35;s:15:\"admin/help/path\";i:-36;s:17:\"admin/help/system\";i:-37;s:15:\"admin/help/user\";i:-38;s:19:\"admin/help/watchdog\";i:-39;s:16:\"admin/build/menu\";s:2:\"69\";s:21:\"admin/build/menu/list\";i:-41;s:25:\"admin/build/menu/item/add\";i:-42;s:26:\"admin/build/menu/item/edit\";i:-43;s:27:\"admin/build/menu/item/reset\";i:-44;s:29:\"admin/build/menu/item/disable\";i:-45;s:28:\"admin/build/menu/item/delete\";i:-46;s:25:\"admin/build/menu/menu/add\";i:-47;s:26:\"admin/build/menu/menu/edit\";i:-48;s:28:\"admin/build/menu/menu/delete\";i:-49;s:25:\"admin/build/menu/settings\";i:-50;s:13:\"admin/content\";s:2:\"60\";s:18:\"admin/content/node\";s:2:\"70\";s:27:\"admin/content/node/overview\";i:-53;s:27:\"admin/content/node-settings\";s:2:\"71\";s:35:\"admin/content/node-settings/rebuild\";i:-55;s:19:\"admin/content/types\";s:2:\"72\";s:24:\"admin/content/types/list\";i:-57;s:23:\"admin/content/types/add\";i:-58;s:4:\"node\";s:2:\"55\";s:8:\"node/add\";s:2:\"61\";s:7:\"rss.xml\";i:-61;s:14:\"node/add/class\";s:2:\"73\";s:13:\"node/add/page\";s:2:\"74\";s:17:\"node/add/property\";s:2:\"75\";s:19:\"node/add/vocabulary\";s:2:\"77\";s:16:\"admin/build/path\";s:2:\"78\";s:21:\"admin/build/path/edit\";i:-67;s:23:\"admin/build/path/delete\";i:-68;s:21:\"admin/build/path/list\";i:-69;s:20:\"admin/build/path/add\";i:-70;s:12:\"system/files\";i:-71;s:5:\"admin\";s:2:\"56\";s:13:\"admin/compact\";i:-73;s:13:\"admin/by-task\";i:-74;s:15:\"admin/by-module\";i:-75;s:14:\"admin/settings\";s:2:\"62\";s:11:\"admin/build\";s:2:\"63\";s:20:\"admin/settings/admin\";s:2:\"79\";s:18:\"admin/build/themes\";s:2:\"80\";s:25:\"admin/build/themes/select\";i:-80;s:27:\"admin/build/themes/settings\";i:-81;s:34:\"admin/build/themes/settings/global\";i:-82;s:35:\"admin/build/themes/settings/garland\";i:-83;s:19:\"admin/build/modules\";s:2:\"81\";s:24:\"admin/build/modules/list\";i:-85;s:32:\"admin/build/modules/list/confirm\";i:-86;s:29:\"admin/build/modules/uninstall\";i:-87;s:37:\"admin/build/modules/uninstall/confirm\";i:-88;s:31:\"admin/settings/site-information\";s:2:\"82\";s:30:\"admin/settings/error-reporting\";s:2:\"83\";s:26:\"admin/settings/performance\";s:2:\"84\";s:26:\"admin/settings/file-system\";s:2:\"85\";s:28:\"admin/settings/image-toolkit\";s:2:\"86\";s:28:\"admin/content/rss-publishing\";s:2:\"87\";s:24:\"admin/settings/date-time\";s:2:\"88\";s:31:\"admin/settings/site-maintenance\";s:2:\"89\";s:25:\"admin/settings/clean-urls\";s:2:\"90\";s:10:\"admin/logs\";s:2:\"64\";s:17:\"admin/logs/status\";s:2:\"91\";s:26:\"admin/logs/status/run-cron\";i:-100;s:21:\"admin/logs/status/php\";i:-101;s:21:\"admin/logs/status/sql\";i:-102;s:4:\"user\";s:3:\"101\";s:17:\"user/autocomplete\";i:-104;s:10:\"user/login\";i:-105;s:13:\"user/register\";i:-106;s:13:\"user/password\";i:-107;s:10:\"user/reset\";i:-108;s:9:\"user/help\";i:-109;s:10:\"admin/user\";s:2:\"65\";s:15:\"admin/user/user\";s:2:\"92\";s:20:\"admin/user/user/list\";i:-112;s:22:\"admin/user/user/create\";i:-113;s:19:\"admin/user/settings\";s:2:\"93\";s:17:\"admin/user/access\";s:2:\"94\";s:16:\"admin/user/roles\";s:2:\"95\";s:21:\"admin/user/roles/edit\";i:-117;s:16:\"admin/user/rules\";s:2:\"96\";s:21:\"admin/user/rules/list\";i:-119;s:20:\"admin/user/rules/add\";i:-120;s:22:\"admin/user/rules/check\";i:-121;s:21:\"admin/user/rules/edit\";i:-122;s:23:\"admin/user/rules/delete\";i:-123;s:6:\"logout\";s:2:\"57\";s:19:\"admin/logs/watchdog\";s:2:\"97\";s:25:\"admin/logs/page-not-found\";s:2:\"98\";s:24:\"admin/logs/access-denied\";s:2:\"99\";s:16:\"admin/logs/event\";i:-128;s:26:\"admin/content/types/fields\";i:-129;s:26:\"nodereference/autocomplete\";i:-130;s:9:\"neologism\";i:-131;s:17:\"devel/cache/clear\";i:-132;s:37:\"devel/rebuild_node_comment_statistics\";i:-133;s:13:\"devel/queries\";s:2:\"58\";s:19:\"devel/queries/empty\";i:-135;s:15:\"devel/reference\";i:-136;s:15:\"devel/reinstall\";i:-137;s:16:\"devel/menu/reset\";i:-138;s:14:\"devel/variable\";i:-139;s:19:\"devel/variable/edit\";i:-140;s:21:\"devel/variable/delete\";i:-141;s:13:\"devel/session\";i:-142;s:12:\"devel/switch\";i:-143;s:20:\"admin/settings/devel\";s:3:\"100\";}s:5:\"items\";a:148:{i:0;a:5:{s:4:\"path\";s:0:\"\";s:5:\"title\";s:0:\"\";s:4:\"type\";i:1;s:3:\"pid\";i:1;s:8:\"children\";a:2:{i:0;i:1;i:1;i:53;}}i:1;a:7:{s:3:\"pid\";i:0;s:4:\"path\";s:0:\"\";s:5:\"title\";s:10:\"Navigation\";s:6:\"weight\";i:-50;s:6:\"access\";b:1;s:4:\"type\";i:3;s:8:\"children\";a:19:{i:0;i:-17;i:1;i:-18;i:2;i:-61;i:3;i:-71;i:4;i:-130;i:5;i:-131;i:6;i:-132;i:7;i:-133;i:8;i:-136;i:9;i:-137;i:10;i:-138;i:11;i:-139;i:12;i:-142;i:13;i:-143;i:14;i:54;i:15;i:55;i:16;i:56;i:17;i:57;i:18;i:58;}}i:-2;a:6:{s:4:\"path\";s:22:\"admin/build/block/list\";s:5:\"title\";s:4:\"List\";s:4:\"type\";i:640;s:6:\"weight\";i:-10;s:3:\"pid\";s:2:\"66\";s:8:\"children\";a:6:{i:0;i:-6;i:1;i:-7;i:2;i:-8;i:3;i:-9;i:4;i:-10;i:5;i:-11;}}i:-3;a:6:{s:4:\"path\";s:27:\"admin/build/block/configure\";s:5:\"title\";s:15:\"Configure block\";s:6:\"access\";b:0;s:4:\"type\";i:4;s:6:\"weight\";i:0;s:3:\"pid\";s:2:\"66\";}i:-4;a:6:{s:4:\"path\";s:24:\"admin/build/block/delete\";s:5:\"title\";s:12:\"Delete block\";s:6:\"access\";b:0;s:4:\"type\";i:4;s:6:\"weight\";i:0;s:3:\"pid\";s:2:\"66\";}i:-5;a:6:{s:4:\"path\";s:21:\"admin/build/block/add\";s:5:\"title\";s:9:\"Add block\";s:6:\"access\";b:0;s:4:\"type\";i:128;s:6:\"weight\";i:0;s:3:\"pid\";s:2:\"66\";}i:-6;a:6:{s:4:\"path\";s:31:\"admin/build/block/list/minnelli\";s:5:\"title\";s:17:\"minnelli settings\";s:6:\"access\";b:0;s:4:\"type\";i:128;s:6:\"weight\";i:0;s:3:\"pid\";i:-2;}i:-7;a:6:{s:4:\"path\";s:29:\"admin/build/block/list/marvin\";s:5:\"title\";s:15:\"marvin settings\";s:6:\"access\";b:0;s:4:\"type\";i:128;s:6:\"weight\";i:0;s:3:\"pid\";i:-2;}i:-8;a:6:{s:4:\"path\";s:33:\"admin/build/block/list/pushbutton\";s:5:\"title\";s:19:\"pushbutton settings\";s:6:\"access\";b:0;s:4:\"type\";i:128;s:6:\"weight\";i:0;s:3:\"pid\";i:-2;}i:-9;a:6:{s:4:\"path\";s:32:\"admin/build/block/list/chameleon\";s:5:\"title\";s:18:\"chameleon settings\";s:6:\"access\";b:0;s:4:\"type\";i:128;s:6:\"weight\";i:0;s:3:\"pid\";i:-2;}i:-10;a:6:{s:4:\"path\";s:33:\"admin/build/block/list/bluemarine\";s:5:\"title\";s:19:\"bluemarine settings\";s:6:\"access\";b:0;s:4:\"type\";i:128;s:6:\"weight\";i:0;s:3:\"pid\";i:-2;}i:-11;a:6:{s:4:\"path\";s:30:\"admin/build/block/list/garland\";s:5:\"title\";s:16:\"garland settings\";s:6:\"access\";b:0;s:4:\"type\";i:640;s:6:\"weight\";i:-10;s:3:\"pid\";i:-2;}i:-13;a:6:{s:4:\"path\";s:26:\"admin/content/comment/list\";s:5:\"title\";s:4:\"List\";s:4:\"type\";i:640;s:6:\"weight\";i:-10;s:3:\"pid\";s:2:\"67\";s:8:\"children\";a:2:{i:0;i:-14;i:1;i:-15;}}i:-14;a:5:{s:4:\"path\";s:30:\"admin/content/comment/list/new\";s:5:\"title\";s:18:\"Published comments\";s:4:\"type\";i:640;s:6:\"weight\";i:-10;s:3:\"pid\";i:-13;}i:-15;a:6:{s:4:\"path\";s:35:\"admin/content/comment/list/approval\";s:5:\"title\";s:14:\"Approval queue\";s:6:\"access\";b:0;s:4:\"type\";i:128;s:6:\"weight\";i:0;s:3:\"pid\";i:-13;}i:-16;a:6:{s:4:\"path\";s:30:\"admin/content/comment/settings\";s:5:\"title\";s:8:\"Settings\";s:6:\"access\";b:0;s:6:\"weight\";i:10;s:4:\"type\";i:128;s:3:\"pid\";s:2:\"67\";}i:-17;a:6:{s:4:\"path\";s:14:\"comment/delete\";s:5:\"title\";s:14:\"Delete comment\";s:6:\"access\";b:0;s:4:\"type\";i:4;s:6:\"weight\";i:0;s:3:\"pid\";i:1;}i:-18;a:6:{s:4:\"path\";s:12:\"comment/edit\";s:5:\"title\";s:12:\"Edit comment\";s:6:\"access\";b:0;s:4:\"type\";i:4;s:6:\"weight\";i:0;s:3:\"pid\";i:1;}i:-20;a:6:{s:4:\"path\";s:27:\"admin/settings/filters/list\";s:5:\"title\";s:4:\"List\";s:4:\"type\";i:640;s:6:\"access\";b:0;s:6:\"weight\";i:0;s:3:\"pid\";s:2:\"68\";}i:-21;a:6:{s:4:\"path\";s:26:\"admin/settings/filters/add\";s:5:\"title\";s:16:\"Add input format\";s:4:\"type\";i:128;s:6:\"weight\";i:1;s:6:\"access\";b:0;s:3:\"pid\";s:2:\"68\";}i:-22;a:6:{s:4:\"path\";s:29:\"admin/settings/filters/delete\";s:5:\"title\";s:19:\"Delete input format\";s:4:\"type\";i:4;s:6:\"access\";b:0;s:6:\"weight\";i:0;s:3:\"pid\";s:2:\"68\";}i:-25;a:6:{s:4:\"path\";s:16:\"admin/help/block\";s:5:\"title\";s:5:\"block\";s:4:\"type\";i:4;s:6:\"access\";b:0;s:6:\"weight\";i:0;s:3:\"pid\";s:2:\"59\";}i:-26;a:6:{s:4:\"path\";s:16:\"admin/help/color\";s:5:\"title\";s:5:\"color\";s:4:\"type\";i:4;s:6:\"access\";b:0;s:6:\"weight\";i:0;s:3:\"pid\";s:2:\"59\";}i:-27;a:6:{s:4:\"path\";s:18:\"admin/help/comment\";s:5:\"title\";s:7:\"comment\";s:4:\"type\";i:4;s:6:\"access\";b:0;s:6:\"weight\";i:0;s:3:\"pid\";s:2:\"59\";}i:-28;a:6:{s:4:\"path\";s:18:\"admin/help/content\";s:5:\"title\";s:7:\"content\";s:4:\"type\";i:4;s:6:\"access\";b:0;s:6:\"weight\";i:0;s:3:\"pid\";s:2:\"59\";}i:-29;a:6:{s:4:\"path\";s:16:\"admin/help/devel\";s:5:\"title\";s:5:\"devel\";s:4:\"type\";i:4;s:6:\"access\";b:0;s:6:\"weight\";i:0;s:3:\"pid\";s:2:\"59\";}i:-30;a:6:{s:4:\"path\";s:17:\"admin/help/filter\";s:5:\"title\";s:6:\"filter\";s:4:\"type\";i:4;s:6:\"access\";b:0;s:6:\"weight\";i:0;s:3:\"pid\";s:2:\"59\";}i:-31;a:6:{s:4:\"path\";s:15:\"admin/help/help\";s:5:\"title\";s:4:\"help\";s:4:\"type\";i:4;s:6:\"access\";b:0;s:6:\"weight\";i:0;s:3:\"pid\";s:2:\"59\";}i:-32;a:6:{s:4:\"path\";s:15:\"admin/help/menu\";s:5:\"title\";s:4:\"menu\";s:4:\"type\";i:4;s:6:\"access\";b:0;s:6:\"weight\";i:0;s:3:\"pid\";s:2:\"59\";}i:-33;a:6:{s:4:\"path\";s:22:\"admin/help/multiselect\";s:5:\"title\";s:11:\"multiselect\";s:4:\"type\";i:4;s:6:\"access\";b:0;s:6:\"weight\";i:0;s:3:\"pid\";s:2:\"59\";}i:-34;a:6:{s:4:\"path\";s:15:\"admin/help/node\";s:5:\"title\";s:4:\"node\";s:4:\"type\";i:4;s:6:\"access\";b:0;s:6:\"weight\";i:0;s:3:\"pid\";s:2:\"59\";}i:-35;a:6:{s:4:\"path\";s:24:\"admin/help/optionwidgets\";s:5:\"title\";s:13:\"optionwidgets\";s:4:\"type\";i:4;s:6:\"access\";b:0;s:6:\"weight\";i:0;s:3:\"pid\";s:2:\"59\";}i:-36;a:6:{s:4:\"path\";s:15:\"admin/help/path\";s:5:\"title\";s:4:\"path\";s:4:\"type\";i:4;s:6:\"access\";b:0;s:6:\"weight\";i:0;s:3:\"pid\";s:2:\"59\";}i:-37;a:6:{s:4:\"path\";s:17:\"admin/help/system\";s:5:\"title\";s:6:\"system\";s:4:\"type\";i:4;s:6:\"access\";b:0;s:6:\"weight\";i:0;s:3:\"pid\";s:2:\"59\";}i:-38;a:6:{s:4:\"path\";s:15:\"admin/help/user\";s:5:\"title\";s:4:\"user\";s:4:\"type\";i:4;s:6:\"access\";b:0;s:6:\"weight\";i:0;s:3:\"pid\";s:2:\"59\";}i:-39;a:6:{s:4:\"path\";s:19:\"admin/help/watchdog\";s:5:\"title\";s:8:\"watchdog\";s:4:\"type\";i:4;s:6:\"access\";b:0;s:6:\"weight\";i:0;s:3:\"pid\";s:2:\"59\";}i:-41;a:5:{s:4:\"path\";s:21:\"admin/build/menu/list\";s:5:\"title\";s:4:\"List\";s:4:\"type\";i:640;s:6:\"weight\";i:-10;s:3:\"pid\";s:2:\"69\";}i:-42;a:6:{s:4:\"path\";s:25:\"admin/build/menu/item/add\";s:5:\"title\";s:13:\"Add menu item\";s:6:\"access\";b:0;s:4:\"type\";i:128;s:6:\"weight\";i:0;s:3:\"pid\";s:2:\"69\";}i:-43;a:6:{s:4:\"path\";s:26:\"admin/build/menu/item/edit\";s:5:\"title\";s:14:\"Edit menu item\";s:6:\"access\";b:0;s:4:\"type\";i:4;s:6:\"weight\";i:0;s:3:\"pid\";s:2:\"69\";}i:-44;a:6:{s:4:\"path\";s:27:\"admin/build/menu/item/reset\";s:5:\"title\";s:15:\"Reset menu item\";s:6:\"access\";b:0;s:4:\"type\";i:4;s:6:\"weight\";i:0;s:3:\"pid\";s:2:\"69\";}i:-45;a:6:{s:4:\"path\";s:29:\"admin/build/menu/item/disable\";s:5:\"title\";s:17:\"Disable menu item\";s:6:\"access\";b:0;s:4:\"type\";i:4;s:6:\"weight\";i:0;s:3:\"pid\";s:2:\"69\";}i:-46;a:6:{s:4:\"path\";s:28:\"admin/build/menu/item/delete\";s:5:\"title\";s:16:\"Delete menu item\";s:6:\"access\";b:0;s:4:\"type\";i:4;s:6:\"weight\";i:0;s:3:\"pid\";s:2:\"69\";}i:-47;a:6:{s:4:\"path\";s:25:\"admin/build/menu/menu/add\";s:5:\"title\";s:8:\"Add menu\";s:6:\"access\";b:0;s:4:\"type\";i:128;s:6:\"weight\";i:0;s:3:\"pid\";s:2:\"69\";}i:-48;a:6:{s:4:\"path\";s:26:\"admin/build/menu/menu/edit\";s:5:\"title\";s:9:\"Edit menu\";s:6:\"access\";b:0;s:4:\"type\";i:4;s:6:\"weight\";i:0;s:3:\"pid\";s:2:\"69\";}i:-49;a:6:{s:4:\"path\";s:28:\"admin/build/menu/menu/delete\";s:5:\"title\";s:11:\"Delete menu\";s:6:\"access\";b:0;s:4:\"type\";i:4;s:6:\"weight\";i:0;s:3:\"pid\";s:2:\"69\";}i:-50;a:5:{s:4:\"path\";s:25:\"admin/build/menu/settings\";s:5:\"title\";s:8:\"Settings\";s:4:\"type\";i:128;s:6:\"weight\";i:5;s:3:\"pid\";s:2:\"69\";}i:-53;a:5:{s:4:\"path\";s:27:\"admin/content/node/overview\";s:5:\"title\";s:4:\"List\";s:4:\"type\";i:640;s:6:\"weight\";i:-10;s:3:\"pid\";s:2:\"70\";}i:-55;a:6:{s:4:\"path\";s:35:\"admin/content/node-settings/rebuild\";s:5:\"title\";s:19:\"rebuild permissions\";s:6:\"access\";b:0;s:4:\"type\";i:4;s:6:\"weight\";i:0;s:3:\"pid\";s:2:\"71\";}i:-57;a:5:{s:4:\"path\";s:24:\"admin/content/types/list\";s:5:\"title\";s:4:\"List\";s:4:\"type\";i:640;s:6:\"weight\";i:-10;s:3:\"pid\";s:2:\"72\";}i:-58;a:5:{s:4:\"path\";s:23:\"admin/content/types/add\";s:5:\"title\";s:16:\"Add content type\";s:4:\"type\";i:128;s:6:\"weight\";i:0;s:3:\"pid\";s:2:\"72\";}i:-61;a:6:{s:4:\"path\";s:7:\"rss.xml\";s:5:\"title\";s:8:\"RSS feed\";s:6:\"access\";b:1;s:4:\"type\";i:4;s:6:\"weight\";i:0;s:3:\"pid\";i:1;}i:-67;a:6:{s:4:\"path\";s:21:\"admin/build/path/edit\";s:5:\"title\";s:10:\"Edit alias\";s:6:\"access\";b:0;s:4:\"type\";i:4;s:6:\"weight\";i:0;s:3:\"pid\";s:2:\"78\";}i:-68;a:6:{s:4:\"path\";s:23:\"admin/build/path/delete\";s:5:\"title\";s:12:\"Delete alias\";s:6:\"access\";b:0;s:4:\"type\";i:4;s:6:\"weight\";i:0;s:3:\"pid\";s:2:\"78\";}i:-69;a:5:{s:4:\"path\";s:21:\"admin/build/path/list\";s:5:\"title\";s:4:\"List\";s:4:\"type\";i:640;s:6:\"weight\";i:-10;s:3:\"pid\";s:2:\"78\";}i:-70;a:6:{s:4:\"path\";s:20:\"admin/build/path/add\";s:5:\"title\";s:9:\"Add alias\";s:6:\"access\";b:0;s:4:\"type\";i:128;s:6:\"weight\";i:0;s:3:\"pid\";s:2:\"78\";}i:-71;a:6:{s:4:\"path\";s:12:\"system/files\";s:5:\"title\";s:13:\"File download\";s:6:\"access\";b:1;s:4:\"type\";i:4;s:6:\"weight\";i:0;s:3:\"pid\";i:1;}i:-73;a:6:{s:4:\"path\";s:13:\"admin/compact\";s:5:\"title\";s:12:\"Compact mode\";s:6:\"access\";b:0;s:4:\"type\";i:4;s:6:\"weight\";i:0;s:3:\"pid\";s:2:\"56\";}i:-74;a:5:{s:4:\"path\";s:13:\"admin/by-task\";s:5:\"title\";s:7:\"By task\";s:4:\"type\";i:640;s:6:\"weight\";i:0;s:3:\"pid\";s:2:\"56\";}i:-75;a:5:{s:4:\"path\";s:15:\"admin/by-module\";s:5:\"title\";s:9:\"By module\";s:4:\"type\";i:128;s:6:\"weight\";i:2;s:3:\"pid\";s:2:\"56\";}i:-80;a:7:{s:4:\"path\";s:25:\"admin/build/themes/select\";s:5:\"title\";s:4:\"List\";s:11:\"description\";s:25:\"Select the default theme.\";s:6:\"access\";b:0;s:4:\"type\";i:640;s:6:\"weight\";i:-1;s:3:\"pid\";s:2:\"80\";}i:-81;a:7:{s:4:\"path\";s:27:\"admin/build/themes/settings\";s:5:\"title\";s:9:\"Configure\";s:6:\"access\";b:0;s:4:\"type\";i:128;s:6:\"weight\";i:0;s:3:\"pid\";s:2:\"80\";s:8:\"children\";a:2:{i:0;i:-82;i:1;i:-83;}}i:-82;a:6:{s:4:\"path\";s:34:\"admin/build/themes/settings/global\";s:5:\"title\";s:15:\"Global settings\";s:6:\"access\";b:0;s:4:\"type\";i:640;s:6:\"weight\";i:-1;s:3:\"pid\";i:-81;}i:-83;a:6:{s:4:\"path\";s:35:\"admin/build/themes/settings/garland\";s:5:\"title\";s:7:\"garland\";s:6:\"access\";b:0;s:4:\"type\";i:128;s:6:\"weight\";i:0;s:3:\"pid\";i:-81;}i:-85;a:7:{s:4:\"path\";s:24:\"admin/build/modules/list\";s:5:\"title\";s:4:\"List\";s:4:\"type\";i:640;s:6:\"access\";b:0;s:6:\"weight\";i:0;s:3:\"pid\";s:2:\"81\";s:8:\"children\";a:1:{i:0;i:-86;}}i:-86;a:6:{s:4:\"path\";s:32:\"admin/build/modules/list/confirm\";s:5:\"title\";s:4:\"List\";s:4:\"type\";i:4;s:6:\"access\";b:0;s:6:\"weight\";i:0;s:3:\"pid\";i:-85;}i:-87;a:7:{s:4:\"path\";s:29:\"admin/build/modules/uninstall\";s:5:\"title\";s:9:\"Uninstall\";s:4:\"type\";i:128;s:6:\"access\";b:0;s:6:\"weight\";i:0;s:3:\"pid\";s:2:\"81\";s:8:\"children\";a:1:{i:0;i:-88;}}i:-88;a:6:{s:4:\"path\";s:37:\"admin/build/modules/uninstall/confirm\";s:5:\"title\";s:9:\"Uninstall\";s:4:\"type\";i:4;s:6:\"access\";b:0;s:6:\"weight\";i:0;s:3:\"pid\";i:-87;}i:-100;a:5:{s:4:\"path\";s:26:\"admin/logs/status/run-cron\";s:5:\"title\";s:8:\"Run cron\";s:4:\"type\";i:4;s:6:\"weight\";i:0;s:3:\"pid\";s:2:\"91\";}i:-101;a:5:{s:4:\"path\";s:21:\"admin/logs/status/php\";s:5:\"title\";s:3:\"PHP\";s:4:\"type\";i:4;s:6:\"weight\";i:0;s:3:\"pid\";s:2:\"91\";}i:-102;a:5:{s:4:\"path\";s:21:\"admin/logs/status/sql\";s:5:\"title\";s:3:\"SQL\";s:4:\"type\";i:4;s:6:\"weight\";i:0;s:3:\"pid\";s:2:\"91\";}i:-104;a:6:{s:4:\"path\";s:17:\"user/autocomplete\";s:5:\"title\";s:17:\"User autocomplete\";s:6:\"access\";b:0;s:4:\"type\";i:4;s:6:\"weight\";i:0;s:3:\"pid\";s:3:\"101\";}i:-105;a:6:{s:4:\"path\";s:10:\"user/login\";s:5:\"title\";s:6:\"Log in\";s:6:\"access\";b:1;s:4:\"type\";i:640;s:6:\"weight\";i:0;s:3:\"pid\";s:3:\"101\";}i:-106;a:6:{s:4:\"path\";s:13:\"user/register\";s:5:\"title\";s:18:\"Create new account\";s:6:\"access\";b:1;s:4:\"type\";i:128;s:6:\"weight\";i:0;s:3:\"pid\";s:3:\"101\";}i:-107;a:6:{s:4:\"path\";s:13:\"user/password\";s:5:\"title\";s:20:\"Request new password\";s:6:\"access\";b:1;s:4:\"type\";i:128;s:6:\"weight\";i:0;s:3:\"pid\";s:3:\"101\";}i:-108;a:6:{s:4:\"path\";s:10:\"user/reset\";s:5:\"title\";s:14:\"Reset password\";s:6:\"access\";b:1;s:4:\"type\";i:4;s:6:\"weight\";i:0;s:3:\"pid\";s:3:\"101\";}i:-109;a:5:{s:4:\"path\";s:9:\"user/help\";s:5:\"title\";s:4:\"Help\";s:4:\"type\";i:4;s:6:\"weight\";i:0;s:3:\"pid\";s:3:\"101\";}i:-112;a:5:{s:4:\"path\";s:20:\"admin/user/user/list\";s:5:\"title\";s:4:\"List\";s:4:\"type\";i:640;s:6:\"weight\";i:-10;s:3:\"pid\";s:2:\"92\";}i:-113;a:6:{s:4:\"path\";s:22:\"admin/user/user/create\";s:5:\"title\";s:8:\"Add user\";s:6:\"access\";b:0;s:4:\"type\";i:128;s:6:\"weight\";i:0;s:3:\"pid\";s:2:\"92\";}i:-117;a:6:{s:4:\"path\";s:21:\"admin/user/roles/edit\";s:5:\"title\";s:9:\"Edit role\";s:6:\"access\";b:0;s:4:\"type\";i:4;s:6:\"weight\";i:0;s:3:\"pid\";s:2:\"95\";}i:-119;a:6:{s:4:\"path\";s:21:\"admin/user/rules/list\";s:5:\"title\";s:4:\"List\";s:6:\"access\";b:0;s:4:\"type\";i:640;s:6:\"weight\";i:-10;s:3:\"pid\";s:2:\"96\";}i:-120;a:6:{s:4:\"path\";s:20:\"admin/user/rules/add\";s:5:\"title\";s:8:\"Add rule\";s:6:\"access\";b:0;s:4:\"type\";i:128;s:6:\"weight\";i:0;s:3:\"pid\";s:2:\"96\";}i:-121;a:6:{s:4:\"path\";s:22:\"admin/user/rules/check\";s:5:\"title\";s:11:\"Check rules\";s:6:\"access\";b:0;s:4:\"type\";i:128;s:6:\"weight\";i:0;s:3:\"pid\";s:2:\"96\";}i:-122;a:6:{s:4:\"path\";s:21:\"admin/user/rules/edit\";s:5:\"title\";s:9:\"Edit rule\";s:6:\"access\";b:0;s:4:\"type\";i:4;s:6:\"weight\";i:0;s:3:\"pid\";s:2:\"96\";}i:-123;a:6:{s:4:\"path\";s:23:\"admin/user/rules/delete\";s:5:\"title\";s:11:\"Delete rule\";s:6:\"access\";b:0;s:4:\"type\";i:4;s:6:\"weight\";i:0;s:3:\"pid\";s:2:\"96\";}i:-128;a:5:{s:4:\"path\";s:16:\"admin/logs/event\";s:5:\"title\";s:7:\"Details\";s:4:\"type\";i:4;s:6:\"weight\";i:0;s:3:\"pid\";s:2:\"64\";}i:-129;a:6:{s:4:\"path\";s:26:\"admin/content/types/fields\";s:5:\"title\";s:6:\"Fields\";s:6:\"access\";b:0;s:4:\"type\";i:128;s:6:\"weight\";i:0;s:3:\"pid\";s:2:\"72\";}i:-130;a:6:{s:4:\"path\";s:26:\"nodereference/autocomplete\";s:5:\"title\";s:27:\"node reference autocomplete\";s:6:\"access\";b:1;s:4:\"type\";i:4;s:6:\"weight\";i:0;s:3:\"pid\";i:1;}i:-131;a:7:{s:4:\"path\";s:9:\"neologism\";s:5:\"title\";s:22:\"Neologism Vocabularies\";s:11:\"description\";s:28:\"Show a list of vocabularies.\";s:6:\"access\";b:1;s:4:\"type\";i:128;s:6:\"weight\";i:0;s:3:\"pid\";i:1;}i:-132;a:6:{s:4:\"path\";s:17:\"devel/cache/clear\";s:5:\"title\";s:11:\"Empty cache\";s:6:\"access\";b:0;s:4:\"type\";i:4;s:6:\"weight\";i:0;s:3:\"pid\";i:1;}i:-133;a:6:{s:4:\"path\";s:37:\"devel/rebuild_node_comment_statistics\";s:5:\"title\";s:37:\"Rebuild node_comment_statistics table\";s:6:\"access\";b:0;s:4:\"type\";i:4;s:6:\"weight\";i:0;s:3:\"pid\";i:1;}i:-135;a:6:{s:4:\"path\";s:19:\"devel/queries/empty\";s:5:\"title\";s:22:\"Empty database queries\";s:6:\"access\";b:0;s:4:\"type\";i:4;s:6:\"weight\";i:0;s:3:\"pid\";s:2:\"58\";}i:-136;a:6:{s:4:\"path\";s:15:\"devel/reference\";s:5:\"title\";s:18:\"function reference\";s:6:\"access\";b:0;s:4:\"type\";i:4;s:6:\"weight\";i:0;s:3:\"pid\";i:1;}i:-137;a:6:{s:4:\"path\";s:15:\"devel/reinstall\";s:5:\"title\";s:17:\"Reinstall modules\";s:6:\"access\";b:0;s:4:\"type\";i:4;s:6:\"weight\";i:0;s:3:\"pid\";i:1;}i:-138;a:6:{s:4:\"path\";s:16:\"devel/menu/reset\";s:5:\"title\";s:11:\"Reset menus\";s:6:\"access\";b:0;s:4:\"type\";i:4;s:6:\"weight\";i:0;s:3:\"pid\";i:1;}i:-139;a:7:{s:4:\"path\";s:14:\"devel/variable\";s:5:\"title\";s:15:\"Variable editor\";s:6:\"access\";b:0;s:4:\"type\";i:4;s:6:\"weight\";i:0;s:3:\"pid\";i:1;s:8:\"children\";a:2:{i:0;i:-140;i:1;i:-141;}}i:-140;a:6:{s:4:\"path\";s:19:\"devel/variable/edit\";s:5:\"title\";s:15:\"Variable editor\";s:6:\"access\";b:0;s:4:\"type\";i:4;s:6:\"weight\";i:0;s:3:\"pid\";i:-139;}i:-141;a:6:{s:4:\"path\";s:21:\"devel/variable/delete\";s:5:\"title\";s:15:\"Variable editor\";s:6:\"access\";b:0;s:4:\"type\";i:4;s:6:\"weight\";i:0;s:3:\"pid\";i:-139;}i:-142;a:6:{s:4:\"path\";s:13:\"devel/session\";s:5:\"title\";s:14:\"Session viewer\";s:6:\"access\";b:0;s:4:\"type\";i:4;s:6:\"weight\";i:0;s:3:\"pid\";i:1;}i:-143;a:6:{s:4:\"path\";s:12:\"devel/switch\";s:5:\"title\";s:11:\"Switch user\";s:6:\"access\";b:0;s:4:\"type\";i:4;s:6:\"weight\";i:0;s:3:\"pid\";i:1;}i:53;a:7:{s:4:\"path\";s:0:\"\";s:5:\"title\";s:13:\"Primary links\";s:11:\"description\";s:0:\"\";s:3:\"pid\";s:1:\"0\";s:6:\"weight\";s:1:\"0\";s:4:\"type\";s:3:\"115\";s:8:\"children\";a:2:{i:0;i:101;i:1;i:102;}}i:54;a:6:{s:4:\"path\";s:11:\"filter/tips\";s:5:\"title\";s:12:\"Compose tips\";s:6:\"access\";b:1;s:4:\"type\";i:20;s:6:\"weight\";i:0;s:3:\"pid\";i:1;}i:55;a:7:{s:4:\"path\";s:4:\"node\";s:5:\"title\";s:7:\"Content\";s:6:\"access\";b:1;s:4:\"type\";i:16;s:6:\"weight\";i:0;s:3:\"pid\";i:1;s:8:\"children\";a:1:{i:0;i:61;}}i:56;a:7:{s:4:\"path\";s:5:\"admin\";s:5:\"title\";s:10:\"Administer\";s:6:\"access\";b:0;s:6:\"weight\";i:9;s:4:\"type\";i:22;s:8:\"children\";a:9:{i:0;i:-73;i:1;i:-74;i:2;i:-75;i:3;i:59;i:4;i:60;i:5;i:62;i:6;i:63;i:7;i:64;i:8;i:65;}s:3:\"pid\";i:1;}i:57;a:6:{s:4:\"path\";s:6:\"logout\";s:5:\"title\";s:7:\"Log out\";s:6:\"access\";i:0;s:6:\"weight\";i:10;s:4:\"type\";i:22;s:3:\"pid\";i:1;}i:58;a:7:{s:4:\"path\";s:13:\"devel/queries\";s:5:\"title\";s:16:\"Database queries\";s:6:\"access\";b:0;s:4:\"type\";i:22;s:6:\"weight\";i:0;s:8:\"children\";a:1:{i:0;i:-135;}s:3:\"pid\";i:1;}i:59;a:7:{s:4:\"path\";s:10:\"admin/help\";s:5:\"title\";s:4:\"Help\";s:6:\"access\";b:0;s:6:\"weight\";i:9;s:4:\"type\";i:22;s:8:\"children\";a:15:{i:0;i:-25;i:1;i:-26;i:2;i:-27;i:3;i:-28;i:4;i:-29;i:5;i:-30;i:6;i:-31;i:7;i:-32;i:8;i:-33;i:9;i:-34;i:10;i:-35;i:11;i:-36;i:12;i:-37;i:13;i:-38;i:14;i:-39;}s:3:\"pid\";s:2:\"56\";}i:60;a:9:{s:4:\"path\";s:13:\"admin/content\";s:5:\"title\";s:18:\"Content management\";s:11:\"description\";s:27:\"Manage your site\'s content.\";s:8:\"position\";s:4:\"left\";s:6:\"weight\";i:-10;s:6:\"access\";b:0;s:4:\"type\";i:22;s:3:\"pid\";s:2:\"56\";s:8:\"children\";a:5:{i:0;i:67;i:1;i:70;i:2;i:71;i:3;i:72;i:4;i:87;}}i:61;a:7:{s:4:\"path\";s:8:\"node/add\";s:5:\"title\";s:14:\"Create content\";s:6:\"access\";b:1;s:4:\"type\";i:28;s:6:\"weight\";i:1;s:3:\"pid\";s:2:\"55\";s:8:\"children\";a:4:{i:0;i:73;i:1;i:74;i:2;i:75;i:3;i:77;}}i:62;a:9:{s:4:\"path\";s:14:\"admin/settings\";s:5:\"title\";s:18:\"Site configuration\";s:11:\"description\";s:40:\"Adjust basic site configuration options.\";s:8:\"position\";s:5:\"right\";s:6:\"weight\";i:-5;s:6:\"access\";b:0;s:4:\"type\";i:22;s:3:\"pid\";s:2:\"56\";s:8:\"children\";a:11:{i:0;i:68;i:1;i:79;i:2;i:82;i:3;i:83;i:4;i:84;i:5;i:85;i:6;i:86;i:7;i:88;i:8;i:89;i:9;i:90;i:10;i:100;}}i:63;a:9:{s:4:\"path\";s:11:\"admin/build\";s:5:\"title\";s:13:\"Site building\";s:11:\"description\";s:38:\"Control how your site looks and feels.\";s:8:\"position\";s:5:\"right\";s:6:\"weight\";i:-10;s:6:\"access\";b:0;s:4:\"type\";i:22;s:3:\"pid\";s:2:\"56\";s:8:\"children\";a:5:{i:0;i:66;i:1;i:69;i:2;i:78;i:3;i:80;i:4;i:81;}}i:64;a:8:{s:4:\"path\";s:10:\"admin/logs\";s:5:\"title\";s:4:\"Logs\";s:11:\"description\";s:46:\"View system logs and other status information.\";s:6:\"weight\";i:5;s:8:\"position\";s:4:\"left\";s:4:\"type\";i:22;s:8:\"children\";a:5:{i:0;i:-128;i:1;i:91;i:2;i:97;i:3;i:98;i:4;i:99;}s:3:\"pid\";s:2:\"56\";}i:65;a:9:{s:4:\"path\";s:10:\"admin/user\";s:5:\"title\";s:15:\"User management\";s:11:\"description\";s:61:\"Manage your site\'s users, groups and access to site features.\";s:8:\"position\";s:4:\"left\";s:6:\"access\";b:0;s:4:\"type\";i:22;s:6:\"weight\";i:0;s:3:\"pid\";s:2:\"56\";s:8:\"children\";a:5:{i:0;i:92;i:1;i:93;i:2;i:94;i:3;i:95;i:4;i:96;}}i:66;a:8:{s:4:\"path\";s:17:\"admin/build/block\";s:5:\"title\";s:6:\"Blocks\";s:6:\"access\";b:0;s:11:\"description\";s:79:\"Configure what block content appears in your site\'s sidebars and other regions.\";s:4:\"type\";i:22;s:6:\"weight\";i:0;s:8:\"children\";a:4:{i:0;i:-2;i:1;i:-3;i:2;i:-4;i:3;i:-5;}s:3:\"pid\";s:2:\"63\";}i:67;a:8:{s:4:\"path\";s:21:\"admin/content/comment\";s:5:\"title\";s:8:\"Comments\";s:11:\"description\";s:61:\"List and edit site comments and the comment moderation queue.\";s:6:\"access\";b:0;s:4:\"type\";i:22;s:6:\"weight\";i:0;s:8:\"children\";a:2:{i:0;i:-13;i:1;i:-16;}s:3:\"pid\";s:2:\"60\";}i:68;a:8:{s:4:\"path\";s:22:\"admin/settings/filters\";s:5:\"title\";s:13:\"Input formats\";s:11:\"description\";s:142:\"Configure how content input by users is filtered, including allowed HTML tags, PHP code tags. Also allows enabling of module-provided filters.\";s:6:\"access\";b:0;s:4:\"type\";i:22;s:6:\"weight\";i:0;s:8:\"children\";a:3:{i:0;i:-20;i:1;i:-21;i:2;i:-22;}s:3:\"pid\";s:2:\"62\";}i:69;a:8:{s:4:\"path\";s:16:\"admin/build/menu\";s:5:\"title\";s:5:\"Menus\";s:11:\"description\";s:116:\"Control your site\'s navigation menu, primary links and secondary links. as well as rename and reorganize menu items.\";s:6:\"access\";b:0;s:4:\"type\";i:22;s:6:\"weight\";i:0;s:8:\"children\";a:10:{i:0;i:-41;i:1;i:-42;i:2;i:-43;i:3;i:-44;i:4;i:-45;i:5;i:-46;i:6;i:-47;i:7;i:-48;i:8;i:-49;i:9;i:-50;}s:3:\"pid\";s:2:\"63\";}i:70;a:8:{s:4:\"path\";s:18:\"admin/content/node\";s:5:\"title\";s:7:\"Content\";s:11:\"description\";s:43:\"View, edit, and delete your site\'s content.\";s:6:\"access\";b:0;s:4:\"type\";i:22;s:6:\"weight\";i:0;s:8:\"children\";a:1:{i:0;i:-53;}s:3:\"pid\";s:2:\"60\";}i:71;a:8:{s:4:\"path\";s:27:\"admin/content/node-settings\";s:5:\"title\";s:13:\"Post settings\";s:11:\"description\";s:126:\"Control posting behavior, such as teaser length, requiring previews before posting, and the number of posts on the front page.\";s:6:\"access\";b:0;s:4:\"type\";i:22;s:6:\"weight\";i:0;s:8:\"children\";a:1:{i:0;i:-55;}s:3:\"pid\";s:2:\"60\";}i:72;a:8:{s:4:\"path\";s:19:\"admin/content/types\";s:5:\"title\";s:13:\"Content types\";s:11:\"description\";s:82:\"Manage posts by content type, including default status, front page promotion, etc.\";s:6:\"access\";b:0;s:4:\"type\";i:22;s:6:\"weight\";i:0;s:8:\"children\";a:3:{i:0;i:-57;i:1;i:-58;i:2;i:-129;}s:3:\"pid\";s:2:\"60\";}i:73;a:6:{s:4:\"path\";s:14:\"node/add/class\";s:5:\"title\";s:5:\"Class\";s:6:\"access\";b:0;s:4:\"type\";i:22;s:6:\"weight\";i:0;s:3:\"pid\";s:2:\"61\";}i:74;a:6:{s:4:\"path\";s:13:\"node/add/page\";s:5:\"title\";s:4:\"Page\";s:6:\"access\";b:0;s:4:\"type\";i:22;s:6:\"weight\";i:0;s:3:\"pid\";s:2:\"61\";}i:75;a:6:{s:4:\"path\";s:17:\"node/add/property\";s:5:\"title\";s:8:\"Property\";s:6:\"access\";b:0;s:4:\"type\";i:22;s:6:\"weight\";i:0;s:3:\"pid\";s:2:\"61\";}i:77;a:6:{s:4:\"path\";s:19:\"node/add/vocabulary\";s:5:\"title\";s:10:\"Vocabulary\";s:6:\"access\";b:0;s:4:\"type\";i:22;s:6:\"weight\";i:0;s:3:\"pid\";s:2:\"61\";}i:78;a:8:{s:4:\"path\";s:16:\"admin/build/path\";s:5:\"title\";s:11:\"URL aliases\";s:11:\"description\";s:46:\"Change your site\'s URL paths by aliasing them.\";s:6:\"access\";b:0;s:4:\"type\";i:22;s:6:\"weight\";i:0;s:8:\"children\";a:4:{i:0;i:-67;i:1;i:-68;i:2;i:-69;i:3;i:-70;}s:3:\"pid\";s:2:\"63\";}i:79;a:9:{s:4:\"path\";s:20:\"admin/settings/admin\";s:5:\"title\";s:20:\"Administration theme\";s:11:\"description\";s:55:\"Settings for how your administrative pages should look.\";s:8:\"position\";s:4:\"left\";s:14:\"block callback\";s:27:\"system_admin_theme_settings\";s:6:\"access\";b:0;s:4:\"type\";i:22;s:6:\"weight\";i:0;s:3:\"pid\";s:2:\"62\";}i:80;a:8:{s:4:\"path\";s:18:\"admin/build/themes\";s:5:\"title\";s:6:\"Themes\";s:11:\"description\";s:57:\"Change which theme your site uses or allows users to set.\";s:6:\"access\";b:0;s:4:\"type\";i:22;s:6:\"weight\";i:0;s:8:\"children\";a:2:{i:0;i:-80;i:1;i:-81;}s:3:\"pid\";s:2:\"63\";}i:81;a:8:{s:4:\"path\";s:19:\"admin/build/modules\";s:5:\"title\";s:7:\"Modules\";s:11:\"description\";s:47:\"Enable or disable add-on modules for your site.\";s:6:\"access\";b:0;s:4:\"type\";i:22;s:6:\"weight\";i:0;s:8:\"children\";a:2:{i:0;i:-85;i:1;i:-87;}s:3:\"pid\";s:2:\"63\";}i:82;a:6:{s:4:\"path\";s:31:\"admin/settings/site-information\";s:5:\"title\";s:16:\"Site information\";s:11:\"description\";s:107:\"Change basic site information, such as the site name, slogan, e-mail address, mission, front page and more.\";s:4:\"type\";i:22;s:6:\"weight\";i:0;s:3:\"pid\";s:2:\"62\";}i:83;a:6:{s:4:\"path\";s:30:\"admin/settings/error-reporting\";s:5:\"title\";s:15:\"Error reporting\";s:11:\"description\";s:93:\"Control how Drupal deals with errors including 403/404 errors as well as PHP error reporting.\";s:4:\"type\";i:22;s:6:\"weight\";i:0;s:3:\"pid\";s:2:\"62\";}i:84;a:6:{s:4:\"path\";s:26:\"admin/settings/performance\";s:5:\"title\";s:11:\"Performance\";s:11:\"description\";s:91:\"Enable or disable page caching for anonymous users, and enable or disable CSS preprocessor.\";s:4:\"type\";i:22;s:6:\"weight\";i:0;s:3:\"pid\";s:2:\"62\";}i:85;a:6:{s:4:\"path\";s:26:\"admin/settings/file-system\";s:5:\"title\";s:11:\"File system\";s:11:\"description\";s:68:\"Tell Drupal where to store uploaded files and how they are accessed.\";s:4:\"type\";i:22;s:6:\"weight\";i:0;s:3:\"pid\";s:2:\"62\";}i:86;a:6:{s:4:\"path\";s:28:\"admin/settings/image-toolkit\";s:5:\"title\";s:13:\"Image toolkit\";s:11:\"description\";s:74:\"Choose which image toolkit to use if you have installed optional toolkits.\";s:4:\"type\";i:22;s:6:\"weight\";i:0;s:3:\"pid\";s:2:\"62\";}i:87;a:6:{s:4:\"path\";s:28:\"admin/content/rss-publishing\";s:5:\"title\";s:14:\"RSS publishing\";s:11:\"description\";s:92:\"Configure the number of items per feed and whether feeds should be titles/teasers/full-text.\";s:4:\"type\";i:22;s:6:\"weight\";i:0;s:3:\"pid\";s:2:\"60\";}i:88;a:6:{s:4:\"path\";s:24:\"admin/settings/date-time\";s:5:\"title\";s:13:\"Date and time\";s:11:\"description\";s:89:\"Settings for how Drupal displays date and time, as well as the system\'s default timezone.\";s:4:\"type\";i:22;s:6:\"weight\";i:0;s:3:\"pid\";s:2:\"62\";}i:89;a:6:{s:4:\"path\";s:31:\"admin/settings/site-maintenance\";s:5:\"title\";s:16:\"Site maintenance\";s:11:\"description\";s:63:\"Take the site off-line for maintenance or bring it back online.\";s:4:\"type\";i:22;s:6:\"weight\";i:0;s:3:\"pid\";s:2:\"62\";}i:90;a:6:{s:4:\"path\";s:25:\"admin/settings/clean-urls\";s:5:\"title\";s:10:\"Clean URLs\";s:11:\"description\";s:43:\"Enable or disable clean URLs for your site.\";s:4:\"type\";i:22;s:6:\"weight\";i:0;s:3:\"pid\";s:2:\"62\";}i:91;a:8:{s:4:\"path\";s:17:\"admin/logs/status\";s:5:\"title\";s:13:\"Status report\";s:11:\"description\";s:74:\"Get a status report about your site\'s operation and any detected problems.\";s:6:\"weight\";i:10;s:6:\"access\";b:0;s:4:\"type\";i:22;s:8:\"children\";a:3:{i:0;i:-100;i:1;i:-101;i:2;i:-102;}s:3:\"pid\";s:2:\"64\";}i:92;a:8:{s:4:\"path\";s:15:\"admin/user/user\";s:5:\"title\";s:5:\"Users\";s:11:\"description\";s:26:\"List, add, and edit users.\";s:6:\"access\";b:0;s:4:\"type\";i:22;s:6:\"weight\";i:0;s:8:\"children\";a:2:{i:0;i:-112;i:1;i:-113;}s:3:\"pid\";s:2:\"65\";}i:93;a:6:{s:4:\"path\";s:19:\"admin/user/settings\";s:5:\"title\";s:13:\"User settings\";s:11:\"description\";s:101:\"Configure default behavior of users, including registration requirements, e-mails, and user pictures.\";s:4:\"type\";i:22;s:6:\"weight\";i:0;s:3:\"pid\";s:2:\"65\";}i:94;a:7:{s:4:\"path\";s:17:\"admin/user/access\";s:5:\"title\";s:14:\"Access control\";s:11:\"description\";s:64:\"Determine access to features by selecting permissions for roles.\";s:6:\"access\";b:0;s:4:\"type\";i:22;s:6:\"weight\";i:0;s:3:\"pid\";s:2:\"65\";}i:95;a:8:{s:4:\"path\";s:16:\"admin/user/roles\";s:5:\"title\";s:5:\"Roles\";s:11:\"description\";s:30:\"List, edit, or add user roles.\";s:6:\"access\";b:0;s:4:\"type\";i:22;s:6:\"weight\";i:0;s:8:\"children\";a:1:{i:0;i:-117;}s:3:\"pid\";s:2:\"65\";}i:96;a:8:{s:4:\"path\";s:16:\"admin/user/rules\";s:5:\"title\";s:12:\"Access rules\";s:11:\"description\";s:80:\"List and create rules to disallow usernames, e-mail addresses, and IP addresses.\";s:6:\"access\";b:0;s:4:\"type\";i:22;s:6:\"weight\";i:0;s:8:\"children\";a:5:{i:0;i:-119;i:1;i:-120;i:2;i:-121;i:3;i:-122;i:4;i:-123;}s:3:\"pid\";s:2:\"65\";}i:97;a:6:{s:4:\"path\";s:19:\"admin/logs/watchdog\";s:5:\"title\";s:18:\"Recent log entries\";s:11:\"description\";s:43:\"View events that have recently been logged.\";s:6:\"weight\";i:-1;s:4:\"type\";i:22;s:3:\"pid\";s:2:\"64\";}i:98;a:6:{s:4:\"path\";s:25:\"admin/logs/page-not-found\";s:5:\"title\";s:27:\"Top \'page not found\' errors\";s:11:\"description\";s:36:\"View \'page not found\' errors (404s).\";s:4:\"type\";i:22;s:6:\"weight\";i:0;s:3:\"pid\";s:2:\"64\";}i:99;a:6:{s:4:\"path\";s:24:\"admin/logs/access-denied\";s:5:\"title\";s:26:\"Top \'access denied\' errors\";s:11:\"description\";s:35:\"View \'access denied\' errors (403s).\";s:4:\"type\";i:22;s:6:\"weight\";i:0;s:3:\"pid\";s:2:\"64\";}i:100;a:6:{s:4:\"path\";s:20:\"admin/settings/devel\";s:5:\"title\";s:5:\"Devel\";s:6:\"access\";b:0;s:4:\"type\";i:22;s:6:\"weight\";i:0;s:3:\"pid\";s:2:\"62\";}i:101;a:8:{s:4:\"path\";s:4:\"user\";s:5:\"title\";s:5:\"Login\";s:6:\"access\";b:1;s:4:\"type\";s:3:\"118\";s:6:\"weight\";s:1:\"0\";s:11:\"description\";s:0:\"\";s:3:\"pid\";s:2:\"53\";s:8:\"children\";a:6:{i:0;i:-104;i:1;i:-105;i:2;i:-106;i:3;i:-107;i:4;i:-108;i:5;i:-109;}}i:102;a:7:{s:4:\"path\";s:9:\"neologism\";s:5:\"title\";s:9:\"Neologism\";s:11:\"description\";s:0:\"\";s:6:\"access\";b:1;s:4:\"type\";s:3:\"112\";s:6:\"weight\";s:2:\"-1\";s:3:\"pid\";s:2:\"53\";}}s:9:\"callbacks\";a:130:{s:17:\"admin/build/block\";a:2:{s:8:\"callback\";s:15:\"drupal_get_form\";s:18:\"callback arguments\";a:1:{i:0;s:19:\"block_admin_display\";}}s:27:\"admin/build/block/configure\";a:2:{s:8:\"callback\";s:15:\"drupal_get_form\";s:18:\"callback arguments\";a:1:{i:0;s:21:\"block_admin_configure\";}}s:24:\"admin/build/block/delete\";a:2:{s:8:\"callback\";s:15:\"drupal_get_form\";s:18:\"callback arguments\";a:1:{i:0;s:16:\"block_box_delete\";}}s:21:\"admin/build/block/add\";a:2:{s:8:\"callback\";s:15:\"drupal_get_form\";s:18:\"callback arguments\";a:1:{i:0;s:14:\"block_box_form\";}}s:31:\"admin/build/block/list/minnelli\";a:2:{s:8:\"callback\";s:15:\"drupal_get_form\";s:18:\"callback arguments\";a:2:{i:0;s:19:\"block_admin_display\";i:1;s:8:\"minnelli\";}}s:29:\"admin/build/block/list/marvin\";a:2:{s:8:\"callback\";s:15:\"drupal_get_form\";s:18:\"callback arguments\";a:2:{i:0;s:19:\"block_admin_display\";i:1;s:6:\"marvin\";}}s:33:\"admin/build/block/list/pushbutton\";a:2:{s:8:\"callback\";s:15:\"drupal_get_form\";s:18:\"callback arguments\";a:2:{i:0;s:19:\"block_admin_display\";i:1;s:10:\"pushbutton\";}}s:32:\"admin/build/block/list/chameleon\";a:2:{s:8:\"callback\";s:15:\"drupal_get_form\";s:18:\"callback arguments\";a:2:{i:0;s:19:\"block_admin_display\";i:1;s:9:\"chameleon\";}}s:33:\"admin/build/block/list/bluemarine\";a:2:{s:8:\"callback\";s:15:\"drupal_get_form\";s:18:\"callback arguments\";a:2:{i:0;s:19:\"block_admin_display\";i:1;s:10:\"bluemarine\";}}s:30:\"admin/build/block/list/garland\";a:2:{s:8:\"callback\";s:15:\"drupal_get_form\";s:18:\"callback arguments\";a:2:{i:0;s:19:\"block_admin_display\";i:1;s:7:\"garland\";}}s:21:\"admin/content/comment\";a:1:{s:8:\"callback\";s:13:\"comment_admin\";}s:35:\"admin/content/comment/list/approval\";a:2:{s:8:\"callback\";s:13:\"comment_admin\";s:18:\"callback arguments\";a:1:{i:0;s:8:\"approval\";}}s:30:\"admin/content/comment/settings\";a:2:{s:8:\"callback\";s:15:\"drupal_get_form\";s:18:\"callback arguments\";a:1:{i:0;s:22:\"comment_admin_settings\";}}s:14:\"comment/delete\";a:1:{s:8:\"callback\";s:14:\"comment_delete\";}s:12:\"comment/edit\";a:1:{s:8:\"callback\";s:12:\"comment_edit\";}s:22:\"admin/settings/filters\";a:2:{s:8:\"callback\";s:15:\"drupal_get_form\";s:18:\"callback arguments\";a:1:{i:0;s:21:\"filter_admin_overview\";}}s:27:\"admin/settings/filters/list\";a:1:{s:8:\"callback\";s:21:\"filter_admin_overview\";}s:26:\"admin/settings/filters/add\";a:2:{s:8:\"callback\";s:15:\"drupal_get_form\";s:18:\"callback arguments\";a:1:{i:0;s:24:\"filter_admin_format_form\";}}s:29:\"admin/settings/filters/delete\";a:2:{s:8:\"callback\";s:15:\"drupal_get_form\";s:18:\"callback arguments\";a:1:{i:0;s:19:\"filter_admin_delete\";}}s:11:\"filter/tips\";a:1:{s:8:\"callback\";s:16:\"filter_tips_long\";}s:10:\"admin/help\";a:1:{s:8:\"callback\";s:9:\"help_main\";}s:16:\"admin/help/block\";a:1:{s:8:\"callback\";s:9:\"help_page\";}s:16:\"admin/help/color\";a:1:{s:8:\"callback\";s:9:\"help_page\";}s:18:\"admin/help/comment\";a:1:{s:8:\"callback\";s:9:\"help_page\";}s:18:\"admin/help/content\";a:1:{s:8:\"callback\";s:9:\"help_page\";}s:16:\"admin/help/devel\";a:1:{s:8:\"callback\";s:9:\"help_page\";}s:17:\"admin/help/filter\";a:1:{s:8:\"callback\";s:9:\"help_page\";}s:15:\"admin/help/help\";a:1:{s:8:\"callback\";s:9:\"help_page\";}s:15:\"admin/help/menu\";a:1:{s:8:\"callback\";s:9:\"help_page\";}s:22:\"admin/help/multiselect\";a:1:{s:8:\"callback\";s:9:\"help_page\";}s:15:\"admin/help/node\";a:1:{s:8:\"callback\";s:9:\"help_page\";}s:24:\"admin/help/optionwidgets\";a:1:{s:8:\"callback\";s:9:\"help_page\";}s:15:\"admin/help/path\";a:1:{s:8:\"callback\";s:9:\"help_page\";}s:17:\"admin/help/system\";a:1:{s:8:\"callback\";s:9:\"help_page\";}s:15:\"admin/help/user\";a:1:{s:8:\"callback\";s:9:\"help_page\";}s:19:\"admin/help/watchdog\";a:1:{s:8:\"callback\";s:9:\"help_page\";}s:16:\"admin/build/menu\";a:1:{s:8:\"callback\";s:13:\"menu_overview\";}s:25:\"admin/build/menu/item/add\";a:2:{s:8:\"callback\";s:15:\"drupal_get_form\";s:18:\"callback arguments\";a:2:{i:0;s:19:\"menu_edit_item_form\";i:1;s:3:\"add\";}}s:26:\"admin/build/menu/item/edit\";a:2:{s:8:\"callback\";s:15:\"drupal_get_form\";s:18:\"callback arguments\";a:2:{i:0;s:19:\"menu_edit_item_form\";i:1;s:4:\"edit\";}}s:27:\"admin/build/menu/item/reset\";a:2:{s:8:\"callback\";s:15:\"drupal_get_form\";s:18:\"callback arguments\";a:1:{i:0;s:15:\"menu_reset_item\";}}s:29:\"admin/build/menu/item/disable\";a:2:{s:8:\"callback\";s:15:\"drupal_get_form\";s:18:\"callback arguments\";a:1:{i:0;s:25:\"menu_confirm_disable_item\";}}s:28:\"admin/build/menu/item/delete\";a:2:{s:8:\"callback\";s:15:\"drupal_get_form\";s:18:\"callback arguments\";a:1:{i:0;s:21:\"menu_item_delete_form\";}}s:25:\"admin/build/menu/menu/add\";a:2:{s:8:\"callback\";s:15:\"drupal_get_form\";s:18:\"callback arguments\";a:2:{i:0;s:19:\"menu_edit_menu_form\";i:1;s:3:\"add\";}}s:26:\"admin/build/menu/menu/edit\";a:2:{s:8:\"callback\";s:15:\"drupal_get_form\";s:18:\"callback arguments\";a:2:{i:0;s:19:\"menu_edit_menu_form\";i:1;s:4:\"edit\";}}s:28:\"admin/build/menu/menu/delete\";a:2:{s:8:\"callback\";s:15:\"drupal_get_form\";s:18:\"callback arguments\";a:1:{i:0;s:21:\"menu_item_delete_form\";}}s:25:\"admin/build/menu/settings\";a:2:{s:8:\"callback\";s:15:\"drupal_get_form\";s:18:\"callback arguments\";a:1:{i:0;s:14:\"menu_configure\";}}s:13:\"admin/content\";a:1:{s:8:\"callback\";s:28:\"system_admin_menu_block_page\";}s:18:\"admin/content/node\";a:1:{s:8:\"callback\";s:18:\"node_admin_content\";}s:27:\"admin/content/node-settings\";a:2:{s:8:\"callback\";s:15:\"drupal_get_form\";s:18:\"callback arguments\";a:1:{i:0;s:14:\"node_configure\";}}s:35:\"admin/content/node-settings/rebuild\";a:2:{s:8:\"callback\";s:15:\"drupal_get_form\";s:18:\"callback arguments\";a:1:{i:0;s:30:\"node_configure_rebuild_confirm\";}}s:19:\"admin/content/types\";a:1:{s:8:\"callback\";s:19:\"node_overview_types\";}s:23:\"admin/content/types/add\";a:2:{s:8:\"callback\";s:15:\"drupal_get_form\";s:18:\"callback arguments\";a:1:{i:0;s:14:\"node_type_form\";}}s:4:\"node\";a:1:{s:8:\"callback\";s:17:\"node_page_default\";}s:8:\"node/add\";a:1:{s:8:\"callback\";s:8:\"node_add\";}s:7:\"rss.xml\";a:1:{s:8:\"callback\";s:9:\"node_feed\";}s:16:\"admin/build/path\";a:1:{s:8:\"callback\";s:10:\"path_admin\";}s:21:\"admin/build/path/edit\";a:2:{s:8:\"callback\";s:15:\"drupal_get_form\";s:18:\"callback arguments\";a:1:{i:0;s:15:\"path_admin_edit\";}}s:23:\"admin/build/path/delete\";a:2:{s:8:\"callback\";s:15:\"drupal_get_form\";s:18:\"callback arguments\";a:1:{i:0;s:25:\"path_admin_delete_confirm\";}}s:20:\"admin/build/path/add\";a:2:{s:8:\"callback\";s:15:\"drupal_get_form\";s:18:\"callback arguments\";a:1:{i:0;s:15:\"path_admin_edit\";}}s:12:\"system/files\";a:1:{s:8:\"callback\";s:13:\"file_download\";}s:5:\"admin\";a:1:{s:8:\"callback\";s:22:\"system_main_admin_page\";}s:13:\"admin/compact\";a:1:{s:8:\"callback\";s:25:\"system_admin_compact_page\";}s:13:\"admin/by-task\";a:1:{s:8:\"callback\";s:22:\"system_main_admin_page\";}s:15:\"admin/by-module\";a:1:{s:8:\"callback\";s:22:\"system_admin_by_module\";}s:14:\"admin/settings\";a:1:{s:8:\"callback\";s:24:\"system_settings_overview\";}s:11:\"admin/build\";a:1:{s:8:\"callback\";s:28:\"system_admin_menu_block_page\";}s:20:\"admin/settings/admin\";a:2:{s:8:\"callback\";s:15:\"drupal_get_form\";s:18:\"callback arguments\";a:1:{i:0;s:27:\"system_admin_theme_settings\";}}s:18:\"admin/build/themes\";a:2:{s:8:\"callback\";s:15:\"drupal_get_form\";s:18:\"callback arguments\";a:1:{i:0;s:13:\"system_themes\";}}s:25:\"admin/build/themes/select\";a:2:{s:8:\"callback\";s:15:\"drupal_get_form\";s:18:\"callback arguments\";a:1:{i:0;s:13:\"system_themes\";}}s:27:\"admin/build/themes/settings\";a:2:{s:8:\"callback\";s:15:\"drupal_get_form\";s:18:\"callback arguments\";a:1:{i:0;s:21:\"system_theme_settings\";}}s:34:\"admin/build/themes/settings/global\";a:2:{s:8:\"callback\";s:15:\"drupal_get_form\";s:18:\"callback arguments\";a:1:{i:0;s:21:\"system_theme_settings\";}}s:35:\"admin/build/themes/settings/garland\";a:2:{s:8:\"callback\";s:15:\"drupal_get_form\";s:18:\"callback arguments\";a:2:{i:0;s:21:\"system_theme_settings\";i:1;s:7:\"garland\";}}s:19:\"admin/build/modules\";a:2:{s:8:\"callback\";s:15:\"drupal_get_form\";s:18:\"callback arguments\";a:1:{i:0;s:14:\"system_modules\";}}s:32:\"admin/build/modules/list/confirm\";a:2:{s:8:\"callback\";s:15:\"drupal_get_form\";s:18:\"callback arguments\";a:1:{i:0;s:14:\"system_modules\";}}s:29:\"admin/build/modules/uninstall\";a:2:{s:8:\"callback\";s:15:\"drupal_get_form\";s:18:\"callback arguments\";a:1:{i:0;s:24:\"system_modules_uninstall\";}}s:37:\"admin/build/modules/uninstall/confirm\";a:2:{s:8:\"callback\";s:15:\"drupal_get_form\";s:18:\"callback arguments\";a:1:{i:0;s:24:\"system_modules_uninstall\";}}s:31:\"admin/settings/site-information\";a:2:{s:8:\"callback\";s:15:\"drupal_get_form\";s:18:\"callback arguments\";a:1:{i:0;s:32:\"system_site_information_settings\";}}s:30:\"admin/settings/error-reporting\";a:2:{s:8:\"callback\";s:15:\"drupal_get_form\";s:18:\"callback arguments\";a:1:{i:0;s:31:\"system_error_reporting_settings\";}}s:26:\"admin/settings/performance\";a:2:{s:8:\"callback\";s:15:\"drupal_get_form\";s:18:\"callback arguments\";a:1:{i:0;s:27:\"system_performance_settings\";}}s:26:\"admin/settings/file-system\";a:2:{s:8:\"callback\";s:15:\"drupal_get_form\";s:18:\"callback arguments\";a:1:{i:0;s:27:\"system_file_system_settings\";}}s:28:\"admin/settings/image-toolkit\";a:2:{s:8:\"callback\";s:15:\"drupal_get_form\";s:18:\"callback arguments\";a:1:{i:0;s:29:\"system_image_toolkit_settings\";}}s:28:\"admin/content/rss-publishing\";a:2:{s:8:\"callback\";s:15:\"drupal_get_form\";s:18:\"callback arguments\";a:1:{i:0;s:25:\"system_rss_feeds_settings\";}}s:24:\"admin/settings/date-time\";a:2:{s:8:\"callback\";s:15:\"drupal_get_form\";s:18:\"callback arguments\";a:1:{i:0;s:25:\"system_date_time_settings\";}}s:31:\"admin/settings/site-maintenance\";a:2:{s:8:\"callback\";s:15:\"drupal_get_form\";s:18:\"callback arguments\";a:1:{i:0;s:32:\"system_site_maintenance_settings\";}}s:25:\"admin/settings/clean-urls\";a:2:{s:8:\"callback\";s:15:\"drupal_get_form\";s:18:\"callback arguments\";a:1:{i:0;s:25:\"system_clean_url_settings\";}}s:10:\"admin/logs\";a:1:{s:8:\"callback\";s:28:\"system_admin_menu_block_page\";}s:17:\"admin/logs/status\";a:1:{s:8:\"callback\";s:13:\"system_status\";}s:26:\"admin/logs/status/run-cron\";a:1:{s:8:\"callback\";s:15:\"system_run_cron\";}s:21:\"admin/logs/status/php\";a:1:{s:8:\"callback\";s:10:\"system_php\";}s:21:\"admin/logs/status/sql\";a:1:{s:8:\"callback\";s:10:\"system_sql\";}s:4:\"user\";a:2:{s:8:\"callback\";s:15:\"drupal_get_form\";s:18:\"callback arguments\";a:1:{i:0;s:10:\"user_login\";}}s:17:\"user/autocomplete\";a:1:{s:8:\"callback\";s:17:\"user_autocomplete\";}s:10:\"user/login\";a:2:{s:8:\"callback\";s:15:\"drupal_get_form\";s:18:\"callback arguments\";a:1:{i:0;s:10:\"user_login\";}}s:13:\"user/register\";a:2:{s:8:\"callback\";s:15:\"drupal_get_form\";s:18:\"callback arguments\";a:1:{i:0;s:13:\"user_register\";}}s:13:\"user/password\";a:2:{s:8:\"callback\";s:15:\"drupal_get_form\";s:18:\"callback arguments\";a:1:{i:0;s:9:\"user_pass\";}}s:10:\"user/reset\";a:2:{s:8:\"callback\";s:15:\"drupal_get_form\";s:18:\"callback arguments\";a:1:{i:0;s:15:\"user_pass_reset\";}}s:9:\"user/help\";a:1:{s:8:\"callback\";s:14:\"user_help_page\";}s:10:\"admin/user\";a:1:{s:8:\"callback\";s:28:\"system_admin_menu_block_page\";}s:15:\"admin/user/user\";a:2:{s:8:\"callback\";s:10:\"user_admin\";s:18:\"callback arguments\";a:1:{i:0;s:4:\"list\";}}s:22:\"admin/user/user/create\";a:2:{s:8:\"callback\";s:10:\"user_admin\";s:18:\"callback arguments\";a:1:{i:0;s:6:\"create\";}}s:19:\"admin/user/settings\";a:2:{s:8:\"callback\";s:15:\"drupal_get_form\";s:18:\"callback arguments\";a:1:{i:0;s:19:\"user_admin_settings\";}}s:17:\"admin/user/access\";a:2:{s:8:\"callback\";s:15:\"drupal_get_form\";s:18:\"callback arguments\";a:1:{i:0;s:15:\"user_admin_perm\";}}s:16:\"admin/user/roles\";a:2:{s:8:\"callback\";s:15:\"drupal_get_form\";s:18:\"callback arguments\";a:1:{i:0;s:19:\"user_admin_new_role\";}}s:21:\"admin/user/roles/edit\";a:2:{s:8:\"callback\";s:15:\"drupal_get_form\";s:18:\"callback arguments\";a:1:{i:0;s:15:\"user_admin_role\";}}s:16:\"admin/user/rules\";a:1:{s:8:\"callback\";s:17:\"user_admin_access\";}s:20:\"admin/user/rules/add\";a:1:{s:8:\"callback\";s:21:\"user_admin_access_add\";}s:22:\"admin/user/rules/check\";a:1:{s:8:\"callback\";s:23:\"user_admin_access_check\";}s:21:\"admin/user/rules/edit\";a:1:{s:8:\"callback\";s:22:\"user_admin_access_edit\";}s:23:\"admin/user/rules/delete\";a:2:{s:8:\"callback\";s:15:\"drupal_get_form\";s:18:\"callback arguments\";a:1:{i:0;s:32:\"user_admin_access_delete_confirm\";}}s:6:\"logout\";a:1:{s:8:\"callback\";s:11:\"user_logout\";}s:19:\"admin/logs/watchdog\";a:1:{s:8:\"callback\";s:17:\"watchdog_overview\";}s:25:\"admin/logs/page-not-found\";a:2:{s:8:\"callback\";s:12:\"watchdog_top\";s:18:\"callback arguments\";a:1:{i:0;s:14:\"page not found\";}}s:24:\"admin/logs/access-denied\";a:2:{s:8:\"callback\";s:12:\"watchdog_top\";s:18:\"callback arguments\";a:1:{i:0;s:13:\"access denied\";}}s:16:\"admin/logs/event\";a:1:{s:8:\"callback\";s:14:\"watchdog_event\";}s:26:\"admin/content/types/fields\";a:1:{s:8:\"callback\";s:26:\"_content_admin_type_fields\";}s:26:\"nodereference/autocomplete\";a:1:{s:8:\"callback\";s:26:\"nodereference_autocomplete\";}s:9:\"neologism\";a:1:{s:8:\"callback\";s:20:\"neologism_view_index\";}s:17:\"devel/cache/clear\";a:1:{s:8:\"callback\";s:17:\"devel_cache_clear\";}s:37:\"devel/rebuild_node_comment_statistics\";a:1:{s:8:\"callback\";s:42:\"devel_rebuild_node_comment_statistics_page\";}s:13:\"devel/queries\";a:1:{s:8:\"callback\";s:13:\"devel_queries\";}s:19:\"devel/queries/empty\";a:1:{s:8:\"callback\";s:19:\"devel_queries_empty\";}s:15:\"devel/reference\";a:1:{s:8:\"callback\";s:24:\"devel_function_reference\";}s:15:\"devel/reinstall\";a:1:{s:8:\"callback\";s:15:\"devel_reinstall\";}s:16:\"devel/menu/reset\";a:2:{s:8:\"callback\";s:15:\"drupal_get_form\";s:18:\"callback arguments\";s:21:\"devel_menu_reset_form\";}s:14:\"devel/variable\";a:1:{s:8:\"callback\";s:19:\"devel_variable_page\";}s:19:\"devel/variable/edit\";a:2:{s:8:\"callback\";s:15:\"drupal_get_form\";s:18:\"callback arguments\";a:1:{i:0;s:19:\"devel_variable_edit\";}}s:21:\"devel/variable/delete\";a:2:{s:8:\"callback\";s:15:\"drupal_get_form\";s:18:\"callback arguments\";a:1:{i:0;s:21:\"devel_variable_delete\";}}s:13:\"devel/session\";a:1:{s:8:\"callback\";s:13:\"devel_session\";}s:12:\"devel/switch\";a:1:{s:8:\"callback\";s:17:\"devel_switch_user\";}s:20:\"admin/settings/devel\";a:2:{s:8:\"callback\";s:15:\"drupal_get_form\";s:18:\"callback arguments\";a:1:{i:0;s:20:\"devel_admin_settings\";}}}s:7:\"visible\";a:4:{i:1;a:5:{s:5:\"title\";s:10:\"Navigation\";s:4:\"path\";s:0:\"\";s:8:\"children\";a:0:{}s:4:\"type\";i:3;s:3:\"pid\";i:0;}i:101;a:5:{s:5:\"title\";s:5:\"Login\";s:4:\"path\";s:4:\"user\";s:8:\"children\";a:0:{}s:4:\"type\";s:3:\"118\";s:3:\"pid\";i:53;}i:53;a:5:{s:5:\"title\";s:13:\"Primary links\";s:4:\"path\";s:0:\"\";s:8:\"children\";a:1:{i:0;i:101;}s:4:\"type\";s:3:\"115\";s:3:\"pid\";i:0;}i:0;a:4:{s:5:\"title\";s:0:\"\";s:4:\"path\";s:0:\"\";s:8:\"children\";a:2:{i:0;i:1;i:1;i:53;}s:4:\"type\";i:1;}}}',1205543592,1205457192,''),('2:en','a:4:{s:10:\"path index\";a:145:{s:17:\"admin/build/block\";s:2:\"66\";s:22:\"admin/build/block/list\";i:-2;s:27:\"admin/build/block/configure\";i:-3;s:24:\"admin/build/block/delete\";i:-4;s:21:\"admin/build/block/add\";i:-5;s:31:\"admin/build/block/list/minnelli\";i:-6;s:29:\"admin/build/block/list/marvin\";i:-7;s:33:\"admin/build/block/list/pushbutton\";i:-8;s:32:\"admin/build/block/list/chameleon\";i:-9;s:33:\"admin/build/block/list/bluemarine\";i:-10;s:30:\"admin/build/block/list/garland\";i:-11;s:21:\"admin/content/comment\";s:2:\"67\";s:26:\"admin/content/comment/list\";i:-13;s:30:\"admin/content/comment/list/new\";i:-14;s:35:\"admin/content/comment/list/approval\";i:-15;s:30:\"admin/content/comment/settings\";i:-16;s:14:\"comment/delete\";i:-17;s:12:\"comment/edit\";i:-18;s:22:\"admin/settings/filters\";s:2:\"68\";s:27:\"admin/settings/filters/list\";i:-20;s:26:\"admin/settings/filters/add\";i:-21;s:29:\"admin/settings/filters/delete\";i:-22;s:11:\"filter/tips\";s:2:\"54\";s:10:\"admin/help\";s:2:\"59\";s:16:\"admin/help/block\";i:-25;s:16:\"admin/help/color\";i:-26;s:18:\"admin/help/comment\";i:-27;s:18:\"admin/help/content\";i:-28;s:16:\"admin/help/devel\";i:-29;s:17:\"admin/help/filter\";i:-30;s:15:\"admin/help/help\";i:-31;s:15:\"admin/help/menu\";i:-32;s:22:\"admin/help/multiselect\";i:-33;s:15:\"admin/help/node\";i:-34;s:24:\"admin/help/optionwidgets\";i:-35;s:15:\"admin/help/path\";i:-36;s:17:\"admin/help/system\";i:-37;s:15:\"admin/help/user\";i:-38;s:19:\"admin/help/watchdog\";i:-39;s:16:\"admin/build/menu\";s:2:\"69\";s:21:\"admin/build/menu/list\";i:-41;s:25:\"admin/build/menu/item/add\";i:-42;s:26:\"admin/build/menu/item/edit\";i:-43;s:27:\"admin/build/menu/item/reset\";i:-44;s:29:\"admin/build/menu/item/disable\";i:-45;s:28:\"admin/build/menu/item/delete\";i:-46;s:25:\"admin/build/menu/menu/add\";i:-47;s:26:\"admin/build/menu/menu/edit\";i:-48;s:28:\"admin/build/menu/menu/delete\";i:-49;s:25:\"admin/build/menu/settings\";i:-50;s:13:\"admin/content\";s:2:\"60\";s:18:\"admin/content/node\";s:2:\"70\";s:27:\"admin/content/node/overview\";i:-53;s:27:\"admin/content/node-settings\";s:2:\"71\";s:35:\"admin/content/node-settings/rebuild\";i:-55;s:19:\"admin/content/types\";s:2:\"72\";s:24:\"admin/content/types/list\";i:-57;s:23:\"admin/content/types/add\";i:-58;s:4:\"node\";s:2:\"55\";s:8:\"node/add\";s:2:\"61\";s:7:\"rss.xml\";i:-61;s:14:\"node/add/class\";s:2:\"73\";s:13:\"node/add/page\";s:2:\"74\";s:17:\"node/add/property\";s:2:\"75\";s:19:\"node/add/vocabulary\";s:2:\"77\";s:16:\"admin/build/path\";s:2:\"78\";s:21:\"admin/build/path/edit\";i:-67;s:23:\"admin/build/path/delete\";i:-68;s:21:\"admin/build/path/list\";i:-69;s:20:\"admin/build/path/add\";i:-70;s:12:\"system/files\";i:-71;s:5:\"admin\";s:2:\"56\";s:13:\"admin/compact\";i:-73;s:13:\"admin/by-task\";i:-74;s:15:\"admin/by-module\";i:-75;s:14:\"admin/settings\";s:2:\"62\";s:11:\"admin/build\";s:2:\"63\";s:20:\"admin/settings/admin\";s:2:\"79\";s:18:\"admin/build/themes\";s:2:\"80\";s:25:\"admin/build/themes/select\";i:-80;s:27:\"admin/build/themes/settings\";i:-81;s:34:\"admin/build/themes/settings/global\";i:-82;s:35:\"admin/build/themes/settings/garland\";i:-83;s:19:\"admin/build/modules\";s:2:\"81\";s:24:\"admin/build/modules/list\";i:-85;s:32:\"admin/build/modules/list/confirm\";i:-86;s:29:\"admin/build/modules/uninstall\";i:-87;s:37:\"admin/build/modules/uninstall/confirm\";i:-88;s:31:\"admin/settings/site-information\";s:2:\"82\";s:30:\"admin/settings/error-reporting\";s:2:\"83\";s:26:\"admin/settings/performance\";s:2:\"84\";s:26:\"admin/settings/file-system\";s:2:\"85\";s:28:\"admin/settings/image-toolkit\";s:2:\"86\";s:28:\"admin/content/rss-publishing\";s:2:\"87\";s:24:\"admin/settings/date-time\";s:2:\"88\";s:31:\"admin/settings/site-maintenance\";s:2:\"89\";s:25:\"admin/settings/clean-urls\";s:2:\"90\";s:10:\"admin/logs\";s:2:\"64\";s:17:\"admin/logs/status\";s:2:\"91\";s:26:\"admin/logs/status/run-cron\";i:-100;s:21:\"admin/logs/status/php\";i:-101;s:21:\"admin/logs/status/sql\";i:-102;s:4:\"user\";s:3:\"101\";s:17:\"user/autocomplete\";i:-104;s:10:\"user/login\";i:-105;s:13:\"user/register\";i:-106;s:13:\"user/password\";i:-107;s:10:\"user/reset\";i:-108;s:9:\"user/help\";i:-109;s:10:\"admin/user\";s:2:\"65\";s:15:\"admin/user/user\";s:2:\"92\";s:20:\"admin/user/user/list\";i:-112;s:22:\"admin/user/user/create\";i:-113;s:19:\"admin/user/settings\";s:2:\"93\";s:17:\"admin/user/access\";s:2:\"94\";s:16:\"admin/user/roles\";s:2:\"95\";s:21:\"admin/user/roles/edit\";i:-117;s:16:\"admin/user/rules\";s:2:\"96\";s:21:\"admin/user/rules/list\";i:-119;s:20:\"admin/user/rules/add\";i:-120;s:22:\"admin/user/rules/check\";i:-121;s:21:\"admin/user/rules/edit\";i:-122;s:23:\"admin/user/rules/delete\";i:-123;s:6:\"user/2\";i:-124;s:6:\"logout\";s:2:\"57\";s:19:\"admin/logs/watchdog\";s:2:\"97\";s:25:\"admin/logs/page-not-found\";s:2:\"98\";s:24:\"admin/logs/access-denied\";s:2:\"99\";s:16:\"admin/logs/event\";i:-129;s:26:\"admin/content/types/fields\";i:-130;s:26:\"nodereference/autocomplete\";i:-131;s:9:\"neologism\";i:-132;s:17:\"devel/cache/clear\";i:-133;s:37:\"devel/rebuild_node_comment_statistics\";i:-134;s:13:\"devel/queries\";s:2:\"58\";s:19:\"devel/queries/empty\";i:-136;s:15:\"devel/reference\";i:-137;s:15:\"devel/reinstall\";i:-138;s:16:\"devel/menu/reset\";i:-139;s:14:\"devel/variable\";i:-140;s:19:\"devel/variable/edit\";i:-141;s:21:\"devel/variable/delete\";i:-142;s:13:\"devel/session\";i:-143;s:12:\"devel/switch\";i:-144;s:20:\"admin/settings/devel\";s:3:\"100\";}s:5:\"items\";a:149:{i:0;a:5:{s:4:\"path\";s:0:\"\";s:5:\"title\";s:0:\"\";s:4:\"type\";i:1;s:3:\"pid\";i:1;s:8:\"children\";a:2:{i:0;i:1;i:1;i:53;}}i:1;a:7:{s:3:\"pid\";i:0;s:4:\"path\";s:0:\"\";s:5:\"title\";s:10:\"Navigation\";s:6:\"weight\";i:-50;s:6:\"access\";b:1;s:4:\"type\";i:3;s:8:\"children\";a:19:{i:0;i:-17;i:1;i:-18;i:2;i:-61;i:3;i:-71;i:4;i:-131;i:5;i:-132;i:6;i:-133;i:7;i:-134;i:8;i:-137;i:9;i:-138;i:10;i:-139;i:11;i:-140;i:12;i:-143;i:13;i:-144;i:14;i:54;i:15;i:55;i:16;i:56;i:17;i:57;i:18;i:58;}}i:-2;a:6:{s:4:\"path\";s:22:\"admin/build/block/list\";s:5:\"title\";s:4:\"List\";s:4:\"type\";i:640;s:6:\"weight\";i:-10;s:3:\"pid\";s:2:\"66\";s:8:\"children\";a:6:{i:0;i:-6;i:1;i:-7;i:2;i:-8;i:3;i:-9;i:4;i:-10;i:5;i:-11;}}i:-3;a:6:{s:4:\"path\";s:27:\"admin/build/block/configure\";s:5:\"title\";s:15:\"Configure block\";s:6:\"access\";b:0;s:4:\"type\";i:4;s:6:\"weight\";i:0;s:3:\"pid\";s:2:\"66\";}i:-4;a:6:{s:4:\"path\";s:24:\"admin/build/block/delete\";s:5:\"title\";s:12:\"Delete block\";s:6:\"access\";b:0;s:4:\"type\";i:4;s:6:\"weight\";i:0;s:3:\"pid\";s:2:\"66\";}i:-5;a:6:{s:4:\"path\";s:21:\"admin/build/block/add\";s:5:\"title\";s:9:\"Add block\";s:6:\"access\";b:0;s:4:\"type\";i:128;s:6:\"weight\";i:0;s:3:\"pid\";s:2:\"66\";}i:-6;a:6:{s:4:\"path\";s:31:\"admin/build/block/list/minnelli\";s:5:\"title\";s:17:\"minnelli settings\";s:6:\"access\";b:0;s:4:\"type\";i:128;s:6:\"weight\";i:0;s:3:\"pid\";i:-2;}i:-7;a:6:{s:4:\"path\";s:29:\"admin/build/block/list/marvin\";s:5:\"title\";s:15:\"marvin settings\";s:6:\"access\";b:0;s:4:\"type\";i:128;s:6:\"weight\";i:0;s:3:\"pid\";i:-2;}i:-8;a:6:{s:4:\"path\";s:33:\"admin/build/block/list/pushbutton\";s:5:\"title\";s:19:\"pushbutton settings\";s:6:\"access\";b:0;s:4:\"type\";i:128;s:6:\"weight\";i:0;s:3:\"pid\";i:-2;}i:-9;a:6:{s:4:\"path\";s:32:\"admin/build/block/list/chameleon\";s:5:\"title\";s:18:\"chameleon settings\";s:6:\"access\";b:0;s:4:\"type\";i:128;s:6:\"weight\";i:0;s:3:\"pid\";i:-2;}i:-10;a:6:{s:4:\"path\";s:33:\"admin/build/block/list/bluemarine\";s:5:\"title\";s:19:\"bluemarine settings\";s:6:\"access\";b:0;s:4:\"type\";i:128;s:6:\"weight\";i:0;s:3:\"pid\";i:-2;}i:-11;a:6:{s:4:\"path\";s:30:\"admin/build/block/list/garland\";s:5:\"title\";s:16:\"garland settings\";s:6:\"access\";b:0;s:4:\"type\";i:640;s:6:\"weight\";i:-10;s:3:\"pid\";i:-2;}i:-13;a:6:{s:4:\"path\";s:26:\"admin/content/comment/list\";s:5:\"title\";s:4:\"List\";s:4:\"type\";i:640;s:6:\"weight\";i:-10;s:3:\"pid\";s:2:\"67\";s:8:\"children\";a:2:{i:0;i:-14;i:1;i:-15;}}i:-14;a:5:{s:4:\"path\";s:30:\"admin/content/comment/list/new\";s:5:\"title\";s:18:\"Published comments\";s:4:\"type\";i:640;s:6:\"weight\";i:-10;s:3:\"pid\";i:-13;}i:-15;a:6:{s:4:\"path\";s:35:\"admin/content/comment/list/approval\";s:5:\"title\";s:14:\"Approval queue\";s:6:\"access\";b:0;s:4:\"type\";i:128;s:6:\"weight\";i:0;s:3:\"pid\";i:-13;}i:-16;a:6:{s:4:\"path\";s:30:\"admin/content/comment/settings\";s:5:\"title\";s:8:\"Settings\";s:6:\"access\";b:0;s:6:\"weight\";i:10;s:4:\"type\";i:128;s:3:\"pid\";s:2:\"67\";}i:-17;a:6:{s:4:\"path\";s:14:\"comment/delete\";s:5:\"title\";s:14:\"Delete comment\";s:6:\"access\";b:0;s:4:\"type\";i:4;s:6:\"weight\";i:0;s:3:\"pid\";i:1;}i:-18;a:6:{s:4:\"path\";s:12:\"comment/edit\";s:5:\"title\";s:12:\"Edit comment\";s:6:\"access\";b:1;s:4:\"type\";i:4;s:6:\"weight\";i:0;s:3:\"pid\";i:1;}i:-20;a:6:{s:4:\"path\";s:27:\"admin/settings/filters/list\";s:5:\"title\";s:4:\"List\";s:4:\"type\";i:640;s:6:\"access\";b:0;s:6:\"weight\";i:0;s:3:\"pid\";s:2:\"68\";}i:-21;a:6:{s:4:\"path\";s:26:\"admin/settings/filters/add\";s:5:\"title\";s:16:\"Add input format\";s:4:\"type\";i:128;s:6:\"weight\";i:1;s:6:\"access\";b:0;s:3:\"pid\";s:2:\"68\";}i:-22;a:6:{s:4:\"path\";s:29:\"admin/settings/filters/delete\";s:5:\"title\";s:19:\"Delete input format\";s:4:\"type\";i:4;s:6:\"access\";b:0;s:6:\"weight\";i:0;s:3:\"pid\";s:2:\"68\";}i:-25;a:6:{s:4:\"path\";s:16:\"admin/help/block\";s:5:\"title\";s:5:\"block\";s:4:\"type\";i:4;s:6:\"access\";b:0;s:6:\"weight\";i:0;s:3:\"pid\";s:2:\"59\";}i:-26;a:6:{s:4:\"path\";s:16:\"admin/help/color\";s:5:\"title\";s:5:\"color\";s:4:\"type\";i:4;s:6:\"access\";b:0;s:6:\"weight\";i:0;s:3:\"pid\";s:2:\"59\";}i:-27;a:6:{s:4:\"path\";s:18:\"admin/help/comment\";s:5:\"title\";s:7:\"comment\";s:4:\"type\";i:4;s:6:\"access\";b:0;s:6:\"weight\";i:0;s:3:\"pid\";s:2:\"59\";}i:-28;a:6:{s:4:\"path\";s:18:\"admin/help/content\";s:5:\"title\";s:7:\"content\";s:4:\"type\";i:4;s:6:\"access\";b:0;s:6:\"weight\";i:0;s:3:\"pid\";s:2:\"59\";}i:-29;a:6:{s:4:\"path\";s:16:\"admin/help/devel\";s:5:\"title\";s:5:\"devel\";s:4:\"type\";i:4;s:6:\"access\";b:0;s:6:\"weight\";i:0;s:3:\"pid\";s:2:\"59\";}i:-30;a:6:{s:4:\"path\";s:17:\"admin/help/filter\";s:5:\"title\";s:6:\"filter\";s:4:\"type\";i:4;s:6:\"access\";b:0;s:6:\"weight\";i:0;s:3:\"pid\";s:2:\"59\";}i:-31;a:6:{s:4:\"path\";s:15:\"admin/help/help\";s:5:\"title\";s:4:\"help\";s:4:\"type\";i:4;s:6:\"access\";b:0;s:6:\"weight\";i:0;s:3:\"pid\";s:2:\"59\";}i:-32;a:6:{s:4:\"path\";s:15:\"admin/help/menu\";s:5:\"title\";s:4:\"menu\";s:4:\"type\";i:4;s:6:\"access\";b:0;s:6:\"weight\";i:0;s:3:\"pid\";s:2:\"59\";}i:-33;a:6:{s:4:\"path\";s:22:\"admin/help/multiselect\";s:5:\"title\";s:11:\"multiselect\";s:4:\"type\";i:4;s:6:\"access\";b:0;s:6:\"weight\";i:0;s:3:\"pid\";s:2:\"59\";}i:-34;a:6:{s:4:\"path\";s:15:\"admin/help/node\";s:5:\"title\";s:4:\"node\";s:4:\"type\";i:4;s:6:\"access\";b:0;s:6:\"weight\";i:0;s:3:\"pid\";s:2:\"59\";}i:-35;a:6:{s:4:\"path\";s:24:\"admin/help/optionwidgets\";s:5:\"title\";s:13:\"optionwidgets\";s:4:\"type\";i:4;s:6:\"access\";b:0;s:6:\"weight\";i:0;s:3:\"pid\";s:2:\"59\";}i:-36;a:6:{s:4:\"path\";s:15:\"admin/help/path\";s:5:\"title\";s:4:\"path\";s:4:\"type\";i:4;s:6:\"access\";b:0;s:6:\"weight\";i:0;s:3:\"pid\";s:2:\"59\";}i:-37;a:6:{s:4:\"path\";s:17:\"admin/help/system\";s:5:\"title\";s:6:\"system\";s:4:\"type\";i:4;s:6:\"access\";b:0;s:6:\"weight\";i:0;s:3:\"pid\";s:2:\"59\";}i:-38;a:6:{s:4:\"path\";s:15:\"admin/help/user\";s:5:\"title\";s:4:\"user\";s:4:\"type\";i:4;s:6:\"access\";b:0;s:6:\"weight\";i:0;s:3:\"pid\";s:2:\"59\";}i:-39;a:6:{s:4:\"path\";s:19:\"admin/help/watchdog\";s:5:\"title\";s:8:\"watchdog\";s:4:\"type\";i:4;s:6:\"access\";b:0;s:6:\"weight\";i:0;s:3:\"pid\";s:2:\"59\";}i:-41;a:5:{s:4:\"path\";s:21:\"admin/build/menu/list\";s:5:\"title\";s:4:\"List\";s:4:\"type\";i:640;s:6:\"weight\";i:-10;s:3:\"pid\";s:2:\"69\";}i:-42;a:6:{s:4:\"path\";s:25:\"admin/build/menu/item/add\";s:5:\"title\";s:13:\"Add menu item\";s:6:\"access\";b:0;s:4:\"type\";i:128;s:6:\"weight\";i:0;s:3:\"pid\";s:2:\"69\";}i:-43;a:6:{s:4:\"path\";s:26:\"admin/build/menu/item/edit\";s:5:\"title\";s:14:\"Edit menu item\";s:6:\"access\";b:0;s:4:\"type\";i:4;s:6:\"weight\";i:0;s:3:\"pid\";s:2:\"69\";}i:-44;a:6:{s:4:\"path\";s:27:\"admin/build/menu/item/reset\";s:5:\"title\";s:15:\"Reset menu item\";s:6:\"access\";b:0;s:4:\"type\";i:4;s:6:\"weight\";i:0;s:3:\"pid\";s:2:\"69\";}i:-45;a:6:{s:4:\"path\";s:29:\"admin/build/menu/item/disable\";s:5:\"title\";s:17:\"Disable menu item\";s:6:\"access\";b:0;s:4:\"type\";i:4;s:6:\"weight\";i:0;s:3:\"pid\";s:2:\"69\";}i:-46;a:6:{s:4:\"path\";s:28:\"admin/build/menu/item/delete\";s:5:\"title\";s:16:\"Delete menu item\";s:6:\"access\";b:0;s:4:\"type\";i:4;s:6:\"weight\";i:0;s:3:\"pid\";s:2:\"69\";}i:-47;a:6:{s:4:\"path\";s:25:\"admin/build/menu/menu/add\";s:5:\"title\";s:8:\"Add menu\";s:6:\"access\";b:0;s:4:\"type\";i:128;s:6:\"weight\";i:0;s:3:\"pid\";s:2:\"69\";}i:-48;a:6:{s:4:\"path\";s:26:\"admin/build/menu/menu/edit\";s:5:\"title\";s:9:\"Edit menu\";s:6:\"access\";b:0;s:4:\"type\";i:4;s:6:\"weight\";i:0;s:3:\"pid\";s:2:\"69\";}i:-49;a:6:{s:4:\"path\";s:28:\"admin/build/menu/menu/delete\";s:5:\"title\";s:11:\"Delete menu\";s:6:\"access\";b:0;s:4:\"type\";i:4;s:6:\"weight\";i:0;s:3:\"pid\";s:2:\"69\";}i:-50;a:5:{s:4:\"path\";s:25:\"admin/build/menu/settings\";s:5:\"title\";s:8:\"Settings\";s:4:\"type\";i:128;s:6:\"weight\";i:5;s:3:\"pid\";s:2:\"69\";}i:-53;a:5:{s:4:\"path\";s:27:\"admin/content/node/overview\";s:5:\"title\";s:4:\"List\";s:4:\"type\";i:640;s:6:\"weight\";i:-10;s:3:\"pid\";s:2:\"70\";}i:-55;a:6:{s:4:\"path\";s:35:\"admin/content/node-settings/rebuild\";s:5:\"title\";s:19:\"rebuild permissions\";s:6:\"access\";b:0;s:4:\"type\";i:4;s:6:\"weight\";i:0;s:3:\"pid\";s:2:\"71\";}i:-57;a:5:{s:4:\"path\";s:24:\"admin/content/types/list\";s:5:\"title\";s:4:\"List\";s:4:\"type\";i:640;s:6:\"weight\";i:-10;s:3:\"pid\";s:2:\"72\";}i:-58;a:5:{s:4:\"path\";s:23:\"admin/content/types/add\";s:5:\"title\";s:16:\"Add content type\";s:4:\"type\";i:128;s:6:\"weight\";i:0;s:3:\"pid\";s:2:\"72\";}i:-61;a:6:{s:4:\"path\";s:7:\"rss.xml\";s:5:\"title\";s:8:\"RSS feed\";s:6:\"access\";b:1;s:4:\"type\";i:4;s:6:\"weight\";i:0;s:3:\"pid\";i:1;}i:-67;a:6:{s:4:\"path\";s:21:\"admin/build/path/edit\";s:5:\"title\";s:10:\"Edit alias\";s:6:\"access\";b:0;s:4:\"type\";i:4;s:6:\"weight\";i:0;s:3:\"pid\";s:2:\"78\";}i:-68;a:6:{s:4:\"path\";s:23:\"admin/build/path/delete\";s:5:\"title\";s:12:\"Delete alias\";s:6:\"access\";b:0;s:4:\"type\";i:4;s:6:\"weight\";i:0;s:3:\"pid\";s:2:\"78\";}i:-69;a:5:{s:4:\"path\";s:21:\"admin/build/path/list\";s:5:\"title\";s:4:\"List\";s:4:\"type\";i:640;s:6:\"weight\";i:-10;s:3:\"pid\";s:2:\"78\";}i:-70;a:6:{s:4:\"path\";s:20:\"admin/build/path/add\";s:5:\"title\";s:9:\"Add alias\";s:6:\"access\";b:0;s:4:\"type\";i:128;s:6:\"weight\";i:0;s:3:\"pid\";s:2:\"78\";}i:-71;a:6:{s:4:\"path\";s:12:\"system/files\";s:5:\"title\";s:13:\"File download\";s:6:\"access\";b:1;s:4:\"type\";i:4;s:6:\"weight\";i:0;s:3:\"pid\";i:1;}i:-73;a:6:{s:4:\"path\";s:13:\"admin/compact\";s:5:\"title\";s:12:\"Compact mode\";s:6:\"access\";b:0;s:4:\"type\";i:4;s:6:\"weight\";i:0;s:3:\"pid\";s:2:\"56\";}i:-74;a:5:{s:4:\"path\";s:13:\"admin/by-task\";s:5:\"title\";s:7:\"By task\";s:4:\"type\";i:640;s:6:\"weight\";i:0;s:3:\"pid\";s:2:\"56\";}i:-75;a:5:{s:4:\"path\";s:15:\"admin/by-module\";s:5:\"title\";s:9:\"By module\";s:4:\"type\";i:128;s:6:\"weight\";i:2;s:3:\"pid\";s:2:\"56\";}i:-80;a:7:{s:4:\"path\";s:25:\"admin/build/themes/select\";s:5:\"title\";s:4:\"List\";s:11:\"description\";s:25:\"Select the default theme.\";s:6:\"access\";b:0;s:4:\"type\";i:640;s:6:\"weight\";i:-1;s:3:\"pid\";s:2:\"80\";}i:-81;a:7:{s:4:\"path\";s:27:\"admin/build/themes/settings\";s:5:\"title\";s:9:\"Configure\";s:6:\"access\";b:0;s:4:\"type\";i:128;s:6:\"weight\";i:0;s:3:\"pid\";s:2:\"80\";s:8:\"children\";a:2:{i:0;i:-82;i:1;i:-83;}}i:-82;a:6:{s:4:\"path\";s:34:\"admin/build/themes/settings/global\";s:5:\"title\";s:15:\"Global settings\";s:6:\"access\";b:0;s:4:\"type\";i:640;s:6:\"weight\";i:-1;s:3:\"pid\";i:-81;}i:-83;a:6:{s:4:\"path\";s:35:\"admin/build/themes/settings/garland\";s:5:\"title\";s:7:\"garland\";s:6:\"access\";b:0;s:4:\"type\";i:128;s:6:\"weight\";i:0;s:3:\"pid\";i:-81;}i:-85;a:7:{s:4:\"path\";s:24:\"admin/build/modules/list\";s:5:\"title\";s:4:\"List\";s:4:\"type\";i:640;s:6:\"access\";b:0;s:6:\"weight\";i:0;s:3:\"pid\";s:2:\"81\";s:8:\"children\";a:1:{i:0;i:-86;}}i:-86;a:6:{s:4:\"path\";s:32:\"admin/build/modules/list/confirm\";s:5:\"title\";s:4:\"List\";s:4:\"type\";i:4;s:6:\"access\";b:0;s:6:\"weight\";i:0;s:3:\"pid\";i:-85;}i:-87;a:7:{s:4:\"path\";s:29:\"admin/build/modules/uninstall\";s:5:\"title\";s:9:\"Uninstall\";s:4:\"type\";i:128;s:6:\"access\";b:0;s:6:\"weight\";i:0;s:3:\"pid\";s:2:\"81\";s:8:\"children\";a:1:{i:0;i:-88;}}i:-88;a:6:{s:4:\"path\";s:37:\"admin/build/modules/uninstall/confirm\";s:5:\"title\";s:9:\"Uninstall\";s:4:\"type\";i:4;s:6:\"access\";b:0;s:6:\"weight\";i:0;s:3:\"pid\";i:-87;}i:-100;a:5:{s:4:\"path\";s:26:\"admin/logs/status/run-cron\";s:5:\"title\";s:8:\"Run cron\";s:4:\"type\";i:4;s:6:\"weight\";i:0;s:3:\"pid\";s:2:\"91\";}i:-101;a:5:{s:4:\"path\";s:21:\"admin/logs/status/php\";s:5:\"title\";s:3:\"PHP\";s:4:\"type\";i:4;s:6:\"weight\";i:0;s:3:\"pid\";s:2:\"91\";}i:-102;a:5:{s:4:\"path\";s:21:\"admin/logs/status/sql\";s:5:\"title\";s:3:\"SQL\";s:4:\"type\";i:4;s:6:\"weight\";i:0;s:3:\"pid\";s:2:\"91\";}i:-104;a:6:{s:4:\"path\";s:17:\"user/autocomplete\";s:5:\"title\";s:17:\"User autocomplete\";s:6:\"access\";b:0;s:4:\"type\";i:4;s:6:\"weight\";i:0;s:3:\"pid\";s:3:\"101\";}i:-105;a:6:{s:4:\"path\";s:10:\"user/login\";s:5:\"title\";s:6:\"Log in\";s:6:\"access\";b:0;s:4:\"type\";i:640;s:6:\"weight\";i:0;s:3:\"pid\";s:3:\"101\";}i:-106;a:6:{s:4:\"path\";s:13:\"user/register\";s:5:\"title\";s:18:\"Create new account\";s:6:\"access\";b:0;s:4:\"type\";i:128;s:6:\"weight\";i:0;s:3:\"pid\";s:3:\"101\";}i:-107;a:6:{s:4:\"path\";s:13:\"user/password\";s:5:\"title\";s:20:\"Request new password\";s:6:\"access\";b:0;s:4:\"type\";i:128;s:6:\"weight\";i:0;s:3:\"pid\";s:3:\"101\";}i:-108;a:6:{s:4:\"path\";s:10:\"user/reset\";s:5:\"title\";s:14:\"Reset password\";s:6:\"access\";b:1;s:4:\"type\";i:4;s:6:\"weight\";i:0;s:3:\"pid\";s:3:\"101\";}i:-109;a:5:{s:4:\"path\";s:9:\"user/help\";s:5:\"title\";s:4:\"Help\";s:4:\"type\";i:4;s:6:\"weight\";i:0;s:3:\"pid\";s:3:\"101\";}i:-112;a:5:{s:4:\"path\";s:20:\"admin/user/user/list\";s:5:\"title\";s:4:\"List\";s:4:\"type\";i:640;s:6:\"weight\";i:-10;s:3:\"pid\";s:2:\"92\";}i:-113;a:6:{s:4:\"path\";s:22:\"admin/user/user/create\";s:5:\"title\";s:8:\"Add user\";s:6:\"access\";b:0;s:4:\"type\";i:128;s:6:\"weight\";i:0;s:3:\"pid\";s:2:\"92\";}i:-117;a:6:{s:4:\"path\";s:21:\"admin/user/roles/edit\";s:5:\"title\";s:9:\"Edit role\";s:6:\"access\";b:0;s:4:\"type\";i:4;s:6:\"weight\";i:0;s:3:\"pid\";s:2:\"95\";}i:-119;a:6:{s:4:\"path\";s:21:\"admin/user/rules/list\";s:5:\"title\";s:4:\"List\";s:6:\"access\";b:0;s:4:\"type\";i:640;s:6:\"weight\";i:-10;s:3:\"pid\";s:2:\"96\";}i:-120;a:6:{s:4:\"path\";s:20:\"admin/user/rules/add\";s:5:\"title\";s:8:\"Add rule\";s:6:\"access\";b:0;s:4:\"type\";i:128;s:6:\"weight\";i:0;s:3:\"pid\";s:2:\"96\";}i:-121;a:6:{s:4:\"path\";s:22:\"admin/user/rules/check\";s:5:\"title\";s:11:\"Check rules\";s:6:\"access\";b:0;s:4:\"type\";i:128;s:6:\"weight\";i:0;s:3:\"pid\";s:2:\"96\";}i:-122;a:6:{s:4:\"path\";s:21:\"admin/user/rules/edit\";s:5:\"title\";s:9:\"Edit rule\";s:6:\"access\";b:0;s:4:\"type\";i:4;s:6:\"weight\";i:0;s:3:\"pid\";s:2:\"96\";}i:-123;a:6:{s:4:\"path\";s:23:\"admin/user/rules/delete\";s:5:\"title\";s:11:\"Delete rule\";s:6:\"access\";b:0;s:4:\"type\";i:4;s:6:\"weight\";i:0;s:3:\"pid\";s:2:\"96\";}i:-124;a:6:{s:4:\"path\";s:6:\"user/2\";s:5:\"title\";s:10:\"My account\";s:6:\"access\";b:1;s:4:\"type\";i:6;s:6:\"weight\";i:0;s:3:\"pid\";s:3:\"101\";}i:-129;a:5:{s:4:\"path\";s:16:\"admin/logs/event\";s:5:\"title\";s:7:\"Details\";s:4:\"type\";i:4;s:6:\"weight\";i:0;s:3:\"pid\";s:2:\"64\";}i:-130;a:6:{s:4:\"path\";s:26:\"admin/content/types/fields\";s:5:\"title\";s:6:\"Fields\";s:6:\"access\";b:0;s:4:\"type\";i:128;s:6:\"weight\";i:0;s:3:\"pid\";s:2:\"72\";}i:-131;a:6:{s:4:\"path\";s:26:\"nodereference/autocomplete\";s:5:\"title\";s:27:\"node reference autocomplete\";s:6:\"access\";b:1;s:4:\"type\";i:4;s:6:\"weight\";i:0;s:3:\"pid\";i:1;}i:-132;a:7:{s:4:\"path\";s:9:\"neologism\";s:5:\"title\";s:22:\"Neologism Vocabularies\";s:11:\"description\";s:28:\"Show a list of vocabularies.\";s:6:\"access\";b:1;s:4:\"type\";i:128;s:6:\"weight\";i:0;s:3:\"pid\";i:1;}i:-133;a:6:{s:4:\"path\";s:17:\"devel/cache/clear\";s:5:\"title\";s:11:\"Empty cache\";s:6:\"access\";b:0;s:4:\"type\";i:4;s:6:\"weight\";i:0;s:3:\"pid\";i:1;}i:-134;a:6:{s:4:\"path\";s:37:\"devel/rebuild_node_comment_statistics\";s:5:\"title\";s:37:\"Rebuild node_comment_statistics table\";s:6:\"access\";b:0;s:4:\"type\";i:4;s:6:\"weight\";i:0;s:3:\"pid\";i:1;}i:-136;a:6:{s:4:\"path\";s:19:\"devel/queries/empty\";s:5:\"title\";s:22:\"Empty database queries\";s:6:\"access\";b:0;s:4:\"type\";i:4;s:6:\"weight\";i:0;s:3:\"pid\";s:2:\"58\";}i:-137;a:6:{s:4:\"path\";s:15:\"devel/reference\";s:5:\"title\";s:18:\"function reference\";s:6:\"access\";b:0;s:4:\"type\";i:4;s:6:\"weight\";i:0;s:3:\"pid\";i:1;}i:-138;a:6:{s:4:\"path\";s:15:\"devel/reinstall\";s:5:\"title\";s:17:\"Reinstall modules\";s:6:\"access\";b:0;s:4:\"type\";i:4;s:6:\"weight\";i:0;s:3:\"pid\";i:1;}i:-139;a:6:{s:4:\"path\";s:16:\"devel/menu/reset\";s:5:\"title\";s:11:\"Reset menus\";s:6:\"access\";b:0;s:4:\"type\";i:4;s:6:\"weight\";i:0;s:3:\"pid\";i:1;}i:-140;a:7:{s:4:\"path\";s:14:\"devel/variable\";s:5:\"title\";s:15:\"Variable editor\";s:6:\"access\";b:0;s:4:\"type\";i:4;s:6:\"weight\";i:0;s:3:\"pid\";i:1;s:8:\"children\";a:2:{i:0;i:-141;i:1;i:-142;}}i:-141;a:6:{s:4:\"path\";s:19:\"devel/variable/edit\";s:5:\"title\";s:15:\"Variable editor\";s:6:\"access\";b:0;s:4:\"type\";i:4;s:6:\"weight\";i:0;s:3:\"pid\";i:-140;}i:-142;a:6:{s:4:\"path\";s:21:\"devel/variable/delete\";s:5:\"title\";s:15:\"Variable editor\";s:6:\"access\";b:0;s:4:\"type\";i:4;s:6:\"weight\";i:0;s:3:\"pid\";i:-140;}i:-143;a:6:{s:4:\"path\";s:13:\"devel/session\";s:5:\"title\";s:14:\"Session viewer\";s:6:\"access\";b:0;s:4:\"type\";i:4;s:6:\"weight\";i:0;s:3:\"pid\";i:1;}i:-144;a:6:{s:4:\"path\";s:12:\"devel/switch\";s:5:\"title\";s:11:\"Switch user\";s:6:\"access\";b:0;s:4:\"type\";i:4;s:6:\"weight\";i:0;s:3:\"pid\";i:1;}i:53;a:7:{s:4:\"path\";s:0:\"\";s:5:\"title\";s:13:\"Primary links\";s:11:\"description\";s:0:\"\";s:3:\"pid\";s:1:\"0\";s:6:\"weight\";s:1:\"0\";s:4:\"type\";s:3:\"115\";s:8:\"children\";a:2:{i:0;i:101;i:1;i:102;}}i:54;a:6:{s:4:\"path\";s:11:\"filter/tips\";s:5:\"title\";s:12:\"Compose tips\";s:6:\"access\";b:1;s:4:\"type\";i:20;s:6:\"weight\";i:0;s:3:\"pid\";i:1;}i:55;a:7:{s:4:\"path\";s:4:\"node\";s:5:\"title\";s:7:\"Content\";s:6:\"access\";b:1;s:4:\"type\";i:16;s:6:\"weight\";i:0;s:3:\"pid\";i:1;s:8:\"children\";a:1:{i:0;i:61;}}i:56;a:7:{s:4:\"path\";s:5:\"admin\";s:5:\"title\";s:10:\"Administer\";s:6:\"access\";b:0;s:6:\"weight\";i:9;s:4:\"type\";i:22;s:8:\"children\";a:9:{i:0;i:-73;i:1;i:-74;i:2;i:-75;i:3;i:59;i:4;i:60;i:5;i:62;i:6;i:63;i:7;i:64;i:8;i:65;}s:3:\"pid\";i:1;}i:57;a:6:{s:4:\"path\";s:6:\"logout\";s:5:\"title\";s:7:\"Log out\";s:6:\"access\";s:1:\"2\";s:6:\"weight\";i:10;s:4:\"type\";i:22;s:3:\"pid\";i:1;}i:58;a:7:{s:4:\"path\";s:13:\"devel/queries\";s:5:\"title\";s:16:\"Database queries\";s:6:\"access\";b:0;s:4:\"type\";i:22;s:6:\"weight\";i:0;s:8:\"children\";a:1:{i:0;i:-136;}s:3:\"pid\";i:1;}i:59;a:7:{s:4:\"path\";s:10:\"admin/help\";s:5:\"title\";s:4:\"Help\";s:6:\"access\";b:0;s:6:\"weight\";i:9;s:4:\"type\";i:22;s:8:\"children\";a:15:{i:0;i:-25;i:1;i:-26;i:2;i:-27;i:3;i:-28;i:4;i:-29;i:5;i:-30;i:6;i:-31;i:7;i:-32;i:8;i:-33;i:9;i:-34;i:10;i:-35;i:11;i:-36;i:12;i:-37;i:13;i:-38;i:14;i:-39;}s:3:\"pid\";s:2:\"56\";}i:60;a:9:{s:4:\"path\";s:13:\"admin/content\";s:5:\"title\";s:18:\"Content management\";s:11:\"description\";s:27:\"Manage your site\'s content.\";s:8:\"position\";s:4:\"left\";s:6:\"weight\";i:-10;s:6:\"access\";b:0;s:4:\"type\";i:22;s:3:\"pid\";s:2:\"56\";s:8:\"children\";a:5:{i:0;i:67;i:1;i:70;i:2;i:71;i:3;i:72;i:4;i:87;}}i:61;a:7:{s:4:\"path\";s:8:\"node/add\";s:5:\"title\";s:14:\"Create content\";s:6:\"access\";b:1;s:4:\"type\";i:28;s:6:\"weight\";i:1;s:3:\"pid\";s:2:\"55\";s:8:\"children\";a:4:{i:0;i:73;i:1;i:74;i:2;i:75;i:3;i:77;}}i:62;a:9:{s:4:\"path\";s:14:\"admin/settings\";s:5:\"title\";s:18:\"Site configuration\";s:11:\"description\";s:40:\"Adjust basic site configuration options.\";s:8:\"position\";s:5:\"right\";s:6:\"weight\";i:-5;s:6:\"access\";b:0;s:4:\"type\";i:22;s:3:\"pid\";s:2:\"56\";s:8:\"children\";a:11:{i:0;i:68;i:1;i:79;i:2;i:82;i:3;i:83;i:4;i:84;i:5;i:85;i:6;i:86;i:7;i:88;i:8;i:89;i:9;i:90;i:10;i:100;}}i:63;a:9:{s:4:\"path\";s:11:\"admin/build\";s:5:\"title\";s:13:\"Site building\";s:11:\"description\";s:38:\"Control how your site looks and feels.\";s:8:\"position\";s:5:\"right\";s:6:\"weight\";i:-10;s:6:\"access\";b:0;s:4:\"type\";i:22;s:3:\"pid\";s:2:\"56\";s:8:\"children\";a:5:{i:0;i:66;i:1;i:69;i:2;i:78;i:3;i:80;i:4;i:81;}}i:64;a:8:{s:4:\"path\";s:10:\"admin/logs\";s:5:\"title\";s:4:\"Logs\";s:11:\"description\";s:46:\"View system logs and other status information.\";s:6:\"weight\";i:5;s:8:\"position\";s:4:\"left\";s:4:\"type\";i:22;s:8:\"children\";a:5:{i:0;i:-129;i:1;i:91;i:2;i:97;i:3;i:98;i:4;i:99;}s:3:\"pid\";s:2:\"56\";}i:65;a:9:{s:4:\"path\";s:10:\"admin/user\";s:5:\"title\";s:15:\"User management\";s:11:\"description\";s:61:\"Manage your site\'s users, groups and access to site features.\";s:8:\"position\";s:4:\"left\";s:6:\"access\";b:0;s:4:\"type\";i:22;s:6:\"weight\";i:0;s:3:\"pid\";s:2:\"56\";s:8:\"children\";a:5:{i:0;i:92;i:1;i:93;i:2;i:94;i:3;i:95;i:4;i:96;}}i:66;a:8:{s:4:\"path\";s:17:\"admin/build/block\";s:5:\"title\";s:6:\"Blocks\";s:6:\"access\";b:0;s:11:\"description\";s:79:\"Configure what block content appears in your site\'s sidebars and other regions.\";s:4:\"type\";i:22;s:6:\"weight\";i:0;s:8:\"children\";a:4:{i:0;i:-2;i:1;i:-3;i:2;i:-4;i:3;i:-5;}s:3:\"pid\";s:2:\"63\";}i:67;a:8:{s:4:\"path\";s:21:\"admin/content/comment\";s:5:\"title\";s:8:\"Comments\";s:11:\"description\";s:61:\"List and edit site comments and the comment moderation queue.\";s:6:\"access\";b:0;s:4:\"type\";i:22;s:6:\"weight\";i:0;s:8:\"children\";a:2:{i:0;i:-13;i:1;i:-16;}s:3:\"pid\";s:2:\"60\";}i:68;a:8:{s:4:\"path\";s:22:\"admin/settings/filters\";s:5:\"title\";s:13:\"Input formats\";s:11:\"description\";s:142:\"Configure how content input by users is filtered, including allowed HTML tags, PHP code tags. Also allows enabling of module-provided filters.\";s:6:\"access\";b:0;s:4:\"type\";i:22;s:6:\"weight\";i:0;s:8:\"children\";a:3:{i:0;i:-20;i:1;i:-21;i:2;i:-22;}s:3:\"pid\";s:2:\"62\";}i:69;a:8:{s:4:\"path\";s:16:\"admin/build/menu\";s:5:\"title\";s:5:\"Menus\";s:11:\"description\";s:116:\"Control your site\'s navigation menu, primary links and secondary links. as well as rename and reorganize menu items.\";s:6:\"access\";b:0;s:4:\"type\";i:22;s:6:\"weight\";i:0;s:8:\"children\";a:10:{i:0;i:-41;i:1;i:-42;i:2;i:-43;i:3;i:-44;i:4;i:-45;i:5;i:-46;i:6;i:-47;i:7;i:-48;i:8;i:-49;i:9;i:-50;}s:3:\"pid\";s:2:\"63\";}i:70;a:8:{s:4:\"path\";s:18:\"admin/content/node\";s:5:\"title\";s:7:\"Content\";s:11:\"description\";s:43:\"View, edit, and delete your site\'s content.\";s:6:\"access\";b:0;s:4:\"type\";i:22;s:6:\"weight\";i:0;s:8:\"children\";a:1:{i:0;i:-53;}s:3:\"pid\";s:2:\"60\";}i:71;a:8:{s:4:\"path\";s:27:\"admin/content/node-settings\";s:5:\"title\";s:13:\"Post settings\";s:11:\"description\";s:126:\"Control posting behavior, such as teaser length, requiring previews before posting, and the number of posts on the front page.\";s:6:\"access\";b:0;s:4:\"type\";i:22;s:6:\"weight\";i:0;s:8:\"children\";a:1:{i:0;i:-55;}s:3:\"pid\";s:2:\"60\";}i:72;a:8:{s:4:\"path\";s:19:\"admin/content/types\";s:5:\"title\";s:13:\"Content types\";s:11:\"description\";s:82:\"Manage posts by content type, including default status, front page promotion, etc.\";s:6:\"access\";b:0;s:4:\"type\";i:22;s:6:\"weight\";i:0;s:8:\"children\";a:3:{i:0;i:-57;i:1;i:-58;i:2;i:-130;}s:3:\"pid\";s:2:\"60\";}i:73;a:6:{s:4:\"path\";s:14:\"node/add/class\";s:5:\"title\";s:5:\"Class\";s:6:\"access\";b:0;s:4:\"type\";i:22;s:6:\"weight\";i:0;s:3:\"pid\";s:2:\"61\";}i:74;a:6:{s:4:\"path\";s:13:\"node/add/page\";s:5:\"title\";s:4:\"Page\";s:6:\"access\";b:0;s:4:\"type\";i:22;s:6:\"weight\";i:0;s:3:\"pid\";s:2:\"61\";}i:75;a:6:{s:4:\"path\";s:17:\"node/add/property\";s:5:\"title\";s:8:\"Property\";s:6:\"access\";b:0;s:4:\"type\";i:22;s:6:\"weight\";i:0;s:3:\"pid\";s:2:\"61\";}i:77;a:6:{s:4:\"path\";s:19:\"node/add/vocabulary\";s:5:\"title\";s:10:\"Vocabulary\";s:6:\"access\";b:0;s:4:\"type\";i:22;s:6:\"weight\";i:0;s:3:\"pid\";s:2:\"61\";}i:78;a:8:{s:4:\"path\";s:16:\"admin/build/path\";s:5:\"title\";s:11:\"URL aliases\";s:11:\"description\";s:46:\"Change your site\'s URL paths by aliasing them.\";s:6:\"access\";b:0;s:4:\"type\";i:22;s:6:\"weight\";i:0;s:8:\"children\";a:4:{i:0;i:-67;i:1;i:-68;i:2;i:-69;i:3;i:-70;}s:3:\"pid\";s:2:\"63\";}i:79;a:9:{s:4:\"path\";s:20:\"admin/settings/admin\";s:5:\"title\";s:20:\"Administration theme\";s:11:\"description\";s:55:\"Settings for how your administrative pages should look.\";s:8:\"position\";s:4:\"left\";s:14:\"block callback\";s:27:\"system_admin_theme_settings\";s:6:\"access\";b:0;s:4:\"type\";i:22;s:6:\"weight\";i:0;s:3:\"pid\";s:2:\"62\";}i:80;a:8:{s:4:\"path\";s:18:\"admin/build/themes\";s:5:\"title\";s:6:\"Themes\";s:11:\"description\";s:57:\"Change which theme your site uses or allows users to set.\";s:6:\"access\";b:0;s:4:\"type\";i:22;s:6:\"weight\";i:0;s:8:\"children\";a:2:{i:0;i:-80;i:1;i:-81;}s:3:\"pid\";s:2:\"63\";}i:81;a:8:{s:4:\"path\";s:19:\"admin/build/modules\";s:5:\"title\";s:7:\"Modules\";s:11:\"description\";s:47:\"Enable or disable add-on modules for your site.\";s:6:\"access\";b:0;s:4:\"type\";i:22;s:6:\"weight\";i:0;s:8:\"children\";a:2:{i:0;i:-85;i:1;i:-87;}s:3:\"pid\";s:2:\"63\";}i:82;a:6:{s:4:\"path\";s:31:\"admin/settings/site-information\";s:5:\"title\";s:16:\"Site information\";s:11:\"description\";s:107:\"Change basic site information, such as the site name, slogan, e-mail address, mission, front page and more.\";s:4:\"type\";i:22;s:6:\"weight\";i:0;s:3:\"pid\";s:2:\"62\";}i:83;a:6:{s:4:\"path\";s:30:\"admin/settings/error-reporting\";s:5:\"title\";s:15:\"Error reporting\";s:11:\"description\";s:93:\"Control how Drupal deals with errors including 403/404 errors as well as PHP error reporting.\";s:4:\"type\";i:22;s:6:\"weight\";i:0;s:3:\"pid\";s:2:\"62\";}i:84;a:6:{s:4:\"path\";s:26:\"admin/settings/performance\";s:5:\"title\";s:11:\"Performance\";s:11:\"description\";s:91:\"Enable or disable page caching for anonymous users, and enable or disable CSS preprocessor.\";s:4:\"type\";i:22;s:6:\"weight\";i:0;s:3:\"pid\";s:2:\"62\";}i:85;a:6:{s:4:\"path\";s:26:\"admin/settings/file-system\";s:5:\"title\";s:11:\"File system\";s:11:\"description\";s:68:\"Tell Drupal where to store uploaded files and how they are accessed.\";s:4:\"type\";i:22;s:6:\"weight\";i:0;s:3:\"pid\";s:2:\"62\";}i:86;a:6:{s:4:\"path\";s:28:\"admin/settings/image-toolkit\";s:5:\"title\";s:13:\"Image toolkit\";s:11:\"description\";s:74:\"Choose which image toolkit to use if you have installed optional toolkits.\";s:4:\"type\";i:22;s:6:\"weight\";i:0;s:3:\"pid\";s:2:\"62\";}i:87;a:6:{s:4:\"path\";s:28:\"admin/content/rss-publishing\";s:5:\"title\";s:14:\"RSS publishing\";s:11:\"description\";s:92:\"Configure the number of items per feed and whether feeds should be titles/teasers/full-text.\";s:4:\"type\";i:22;s:6:\"weight\";i:0;s:3:\"pid\";s:2:\"60\";}i:88;a:6:{s:4:\"path\";s:24:\"admin/settings/date-time\";s:5:\"title\";s:13:\"Date and time\";s:11:\"description\";s:89:\"Settings for how Drupal displays date and time, as well as the system\'s default timezone.\";s:4:\"type\";i:22;s:6:\"weight\";i:0;s:3:\"pid\";s:2:\"62\";}i:89;a:6:{s:4:\"path\";s:31:\"admin/settings/site-maintenance\";s:5:\"title\";s:16:\"Site maintenance\";s:11:\"description\";s:63:\"Take the site off-line for maintenance or bring it back online.\";s:4:\"type\";i:22;s:6:\"weight\";i:0;s:3:\"pid\";s:2:\"62\";}i:90;a:6:{s:4:\"path\";s:25:\"admin/settings/clean-urls\";s:5:\"title\";s:10:\"Clean URLs\";s:11:\"description\";s:43:\"Enable or disable clean URLs for your site.\";s:4:\"type\";i:22;s:6:\"weight\";i:0;s:3:\"pid\";s:2:\"62\";}i:91;a:8:{s:4:\"path\";s:17:\"admin/logs/status\";s:5:\"title\";s:13:\"Status report\";s:11:\"description\";s:74:\"Get a status report about your site\'s operation and any detected problems.\";s:6:\"weight\";i:10;s:6:\"access\";b:0;s:4:\"type\";i:22;s:8:\"children\";a:3:{i:0;i:-100;i:1;i:-101;i:2;i:-102;}s:3:\"pid\";s:2:\"64\";}i:92;a:8:{s:4:\"path\";s:15:\"admin/user/user\";s:5:\"title\";s:5:\"Users\";s:11:\"description\";s:26:\"List, add, and edit users.\";s:6:\"access\";b:0;s:4:\"type\";i:22;s:6:\"weight\";i:0;s:8:\"children\";a:2:{i:0;i:-112;i:1;i:-113;}s:3:\"pid\";s:2:\"65\";}i:93;a:6:{s:4:\"path\";s:19:\"admin/user/settings\";s:5:\"title\";s:13:\"User settings\";s:11:\"description\";s:101:\"Configure default behavior of users, including registration requirements, e-mails, and user pictures.\";s:4:\"type\";i:22;s:6:\"weight\";i:0;s:3:\"pid\";s:2:\"65\";}i:94;a:7:{s:4:\"path\";s:17:\"admin/user/access\";s:5:\"title\";s:14:\"Access control\";s:11:\"description\";s:64:\"Determine access to features by selecting permissions for roles.\";s:6:\"access\";b:0;s:4:\"type\";i:22;s:6:\"weight\";i:0;s:3:\"pid\";s:2:\"65\";}i:95;a:8:{s:4:\"path\";s:16:\"admin/user/roles\";s:5:\"title\";s:5:\"Roles\";s:11:\"description\";s:30:\"List, edit, or add user roles.\";s:6:\"access\";b:0;s:4:\"type\";i:22;s:6:\"weight\";i:0;s:8:\"children\";a:1:{i:0;i:-117;}s:3:\"pid\";s:2:\"65\";}i:96;a:8:{s:4:\"path\";s:16:\"admin/user/rules\";s:5:\"title\";s:12:\"Access rules\";s:11:\"description\";s:80:\"List and create rules to disallow usernames, e-mail addresses, and IP addresses.\";s:6:\"access\";b:0;s:4:\"type\";i:22;s:6:\"weight\";i:0;s:8:\"children\";a:5:{i:0;i:-119;i:1;i:-120;i:2;i:-121;i:3;i:-122;i:4;i:-123;}s:3:\"pid\";s:2:\"65\";}i:97;a:6:{s:4:\"path\";s:19:\"admin/logs/watchdog\";s:5:\"title\";s:18:\"Recent log entries\";s:11:\"description\";s:43:\"View events that have recently been logged.\";s:6:\"weight\";i:-1;s:4:\"type\";i:22;s:3:\"pid\";s:2:\"64\";}i:98;a:6:{s:4:\"path\";s:25:\"admin/logs/page-not-found\";s:5:\"title\";s:27:\"Top \'page not found\' errors\";s:11:\"description\";s:36:\"View \'page not found\' errors (404s).\";s:4:\"type\";i:22;s:6:\"weight\";i:0;s:3:\"pid\";s:2:\"64\";}i:99;a:6:{s:4:\"path\";s:24:\"admin/logs/access-denied\";s:5:\"title\";s:26:\"Top \'access denied\' errors\";s:11:\"description\";s:35:\"View \'access denied\' errors (403s).\";s:4:\"type\";i:22;s:6:\"weight\";i:0;s:3:\"pid\";s:2:\"64\";}i:100;a:6:{s:4:\"path\";s:20:\"admin/settings/devel\";s:5:\"title\";s:5:\"Devel\";s:6:\"access\";b:0;s:4:\"type\";i:22;s:6:\"weight\";i:0;s:3:\"pid\";s:2:\"62\";}i:101;a:8:{s:4:\"path\";s:4:\"user\";s:5:\"title\";s:5:\"Login\";s:6:\"access\";b:0;s:4:\"type\";s:3:\"118\";s:6:\"weight\";s:1:\"0\";s:11:\"description\";s:0:\"\";s:3:\"pid\";s:2:\"53\";s:8:\"children\";a:7:{i:0;i:-104;i:1;i:-105;i:2;i:-106;i:3;i:-107;i:4;i:-108;i:5;i:-109;i:6;i:-124;}}i:102;a:7:{s:4:\"path\";s:9:\"neologism\";s:5:\"title\";s:9:\"Neologism\";s:11:\"description\";s:0:\"\";s:6:\"access\";b:1;s:4:\"type\";s:3:\"112\";s:6:\"weight\";s:2:\"-1\";s:3:\"pid\";s:2:\"53\";}}s:9:\"callbacks\";a:131:{s:17:\"admin/build/block\";a:2:{s:8:\"callback\";s:15:\"drupal_get_form\";s:18:\"callback arguments\";a:1:{i:0;s:19:\"block_admin_display\";}}s:27:\"admin/build/block/configure\";a:2:{s:8:\"callback\";s:15:\"drupal_get_form\";s:18:\"callback arguments\";a:1:{i:0;s:21:\"block_admin_configure\";}}s:24:\"admin/build/block/delete\";a:2:{s:8:\"callback\";s:15:\"drupal_get_form\";s:18:\"callback arguments\";a:1:{i:0;s:16:\"block_box_delete\";}}s:21:\"admin/build/block/add\";a:2:{s:8:\"callback\";s:15:\"drupal_get_form\";s:18:\"callback arguments\";a:1:{i:0;s:14:\"block_box_form\";}}s:31:\"admin/build/block/list/minnelli\";a:2:{s:8:\"callback\";s:15:\"drupal_get_form\";s:18:\"callback arguments\";a:2:{i:0;s:19:\"block_admin_display\";i:1;s:8:\"minnelli\";}}s:29:\"admin/build/block/list/marvin\";a:2:{s:8:\"callback\";s:15:\"drupal_get_form\";s:18:\"callback arguments\";a:2:{i:0;s:19:\"block_admin_display\";i:1;s:6:\"marvin\";}}s:33:\"admin/build/block/list/pushbutton\";a:2:{s:8:\"callback\";s:15:\"drupal_get_form\";s:18:\"callback arguments\";a:2:{i:0;s:19:\"block_admin_display\";i:1;s:10:\"pushbutton\";}}s:32:\"admin/build/block/list/chameleon\";a:2:{s:8:\"callback\";s:15:\"drupal_get_form\";s:18:\"callback arguments\";a:2:{i:0;s:19:\"block_admin_display\";i:1;s:9:\"chameleon\";}}s:33:\"admin/build/block/list/bluemarine\";a:2:{s:8:\"callback\";s:15:\"drupal_get_form\";s:18:\"callback arguments\";a:2:{i:0;s:19:\"block_admin_display\";i:1;s:10:\"bluemarine\";}}s:30:\"admin/build/block/list/garland\";a:2:{s:8:\"callback\";s:15:\"drupal_get_form\";s:18:\"callback arguments\";a:2:{i:0;s:19:\"block_admin_display\";i:1;s:7:\"garland\";}}s:21:\"admin/content/comment\";a:1:{s:8:\"callback\";s:13:\"comment_admin\";}s:35:\"admin/content/comment/list/approval\";a:2:{s:8:\"callback\";s:13:\"comment_admin\";s:18:\"callback arguments\";a:1:{i:0;s:8:\"approval\";}}s:30:\"admin/content/comment/settings\";a:2:{s:8:\"callback\";s:15:\"drupal_get_form\";s:18:\"callback arguments\";a:1:{i:0;s:22:\"comment_admin_settings\";}}s:14:\"comment/delete\";a:1:{s:8:\"callback\";s:14:\"comment_delete\";}s:12:\"comment/edit\";a:1:{s:8:\"callback\";s:12:\"comment_edit\";}s:22:\"admin/settings/filters\";a:2:{s:8:\"callback\";s:15:\"drupal_get_form\";s:18:\"callback arguments\";a:1:{i:0;s:21:\"filter_admin_overview\";}}s:27:\"admin/settings/filters/list\";a:1:{s:8:\"callback\";s:21:\"filter_admin_overview\";}s:26:\"admin/settings/filters/add\";a:2:{s:8:\"callback\";s:15:\"drupal_get_form\";s:18:\"callback arguments\";a:1:{i:0;s:24:\"filter_admin_format_form\";}}s:29:\"admin/settings/filters/delete\";a:2:{s:8:\"callback\";s:15:\"drupal_get_form\";s:18:\"callback arguments\";a:1:{i:0;s:19:\"filter_admin_delete\";}}s:11:\"filter/tips\";a:1:{s:8:\"callback\";s:16:\"filter_tips_long\";}s:10:\"admin/help\";a:1:{s:8:\"callback\";s:9:\"help_main\";}s:16:\"admin/help/block\";a:1:{s:8:\"callback\";s:9:\"help_page\";}s:16:\"admin/help/color\";a:1:{s:8:\"callback\";s:9:\"help_page\";}s:18:\"admin/help/comment\";a:1:{s:8:\"callback\";s:9:\"help_page\";}s:18:\"admin/help/content\";a:1:{s:8:\"callback\";s:9:\"help_page\";}s:16:\"admin/help/devel\";a:1:{s:8:\"callback\";s:9:\"help_page\";}s:17:\"admin/help/filter\";a:1:{s:8:\"callback\";s:9:\"help_page\";}s:15:\"admin/help/help\";a:1:{s:8:\"callback\";s:9:\"help_page\";}s:15:\"admin/help/menu\";a:1:{s:8:\"callback\";s:9:\"help_page\";}s:22:\"admin/help/multiselect\";a:1:{s:8:\"callback\";s:9:\"help_page\";}s:15:\"admin/help/node\";a:1:{s:8:\"callback\";s:9:\"help_page\";}s:24:\"admin/help/optionwidgets\";a:1:{s:8:\"callback\";s:9:\"help_page\";}s:15:\"admin/help/path\";a:1:{s:8:\"callback\";s:9:\"help_page\";}s:17:\"admin/help/system\";a:1:{s:8:\"callback\";s:9:\"help_page\";}s:15:\"admin/help/user\";a:1:{s:8:\"callback\";s:9:\"help_page\";}s:19:\"admin/help/watchdog\";a:1:{s:8:\"callback\";s:9:\"help_page\";}s:16:\"admin/build/menu\";a:1:{s:8:\"callback\";s:13:\"menu_overview\";}s:25:\"admin/build/menu/item/add\";a:2:{s:8:\"callback\";s:15:\"drupal_get_form\";s:18:\"callback arguments\";a:2:{i:0;s:19:\"menu_edit_item_form\";i:1;s:3:\"add\";}}s:26:\"admin/build/menu/item/edit\";a:2:{s:8:\"callback\";s:15:\"drupal_get_form\";s:18:\"callback arguments\";a:2:{i:0;s:19:\"menu_edit_item_form\";i:1;s:4:\"edit\";}}s:27:\"admin/build/menu/item/reset\";a:2:{s:8:\"callback\";s:15:\"drupal_get_form\";s:18:\"callback arguments\";a:1:{i:0;s:15:\"menu_reset_item\";}}s:29:\"admin/build/menu/item/disable\";a:2:{s:8:\"callback\";s:15:\"drupal_get_form\";s:18:\"callback arguments\";a:1:{i:0;s:25:\"menu_confirm_disable_item\";}}s:28:\"admin/build/menu/item/delete\";a:2:{s:8:\"callback\";s:15:\"drupal_get_form\";s:18:\"callback arguments\";a:1:{i:0;s:21:\"menu_item_delete_form\";}}s:25:\"admin/build/menu/menu/add\";a:2:{s:8:\"callback\";s:15:\"drupal_get_form\";s:18:\"callback arguments\";a:2:{i:0;s:19:\"menu_edit_menu_form\";i:1;s:3:\"add\";}}s:26:\"admin/build/menu/menu/edit\";a:2:{s:8:\"callback\";s:15:\"drupal_get_form\";s:18:\"callback arguments\";a:2:{i:0;s:19:\"menu_edit_menu_form\";i:1;s:4:\"edit\";}}s:28:\"admin/build/menu/menu/delete\";a:2:{s:8:\"callback\";s:15:\"drupal_get_form\";s:18:\"callback arguments\";a:1:{i:0;s:21:\"menu_item_delete_form\";}}s:25:\"admin/build/menu/settings\";a:2:{s:8:\"callback\";s:15:\"drupal_get_form\";s:18:\"callback arguments\";a:1:{i:0;s:14:\"menu_configure\";}}s:13:\"admin/content\";a:1:{s:8:\"callback\";s:28:\"system_admin_menu_block_page\";}s:18:\"admin/content/node\";a:1:{s:8:\"callback\";s:18:\"node_admin_content\";}s:27:\"admin/content/node-settings\";a:2:{s:8:\"callback\";s:15:\"drupal_get_form\";s:18:\"callback arguments\";a:1:{i:0;s:14:\"node_configure\";}}s:35:\"admin/content/node-settings/rebuild\";a:2:{s:8:\"callback\";s:15:\"drupal_get_form\";s:18:\"callback arguments\";a:1:{i:0;s:30:\"node_configure_rebuild_confirm\";}}s:19:\"admin/content/types\";a:1:{s:8:\"callback\";s:19:\"node_overview_types\";}s:23:\"admin/content/types/add\";a:2:{s:8:\"callback\";s:15:\"drupal_get_form\";s:18:\"callback arguments\";a:1:{i:0;s:14:\"node_type_form\";}}s:4:\"node\";a:1:{s:8:\"callback\";s:17:\"node_page_default\";}s:8:\"node/add\";a:1:{s:8:\"callback\";s:8:\"node_add\";}s:7:\"rss.xml\";a:1:{s:8:\"callback\";s:9:\"node_feed\";}s:16:\"admin/build/path\";a:1:{s:8:\"callback\";s:10:\"path_admin\";}s:21:\"admin/build/path/edit\";a:2:{s:8:\"callback\";s:15:\"drupal_get_form\";s:18:\"callback arguments\";a:1:{i:0;s:15:\"path_admin_edit\";}}s:23:\"admin/build/path/delete\";a:2:{s:8:\"callback\";s:15:\"drupal_get_form\";s:18:\"callback arguments\";a:1:{i:0;s:25:\"path_admin_delete_confirm\";}}s:20:\"admin/build/path/add\";a:2:{s:8:\"callback\";s:15:\"drupal_get_form\";s:18:\"callback arguments\";a:1:{i:0;s:15:\"path_admin_edit\";}}s:12:\"system/files\";a:1:{s:8:\"callback\";s:13:\"file_download\";}s:5:\"admin\";a:1:{s:8:\"callback\";s:22:\"system_main_admin_page\";}s:13:\"admin/compact\";a:1:{s:8:\"callback\";s:25:\"system_admin_compact_page\";}s:13:\"admin/by-task\";a:1:{s:8:\"callback\";s:22:\"system_main_admin_page\";}s:15:\"admin/by-module\";a:1:{s:8:\"callback\";s:22:\"system_admin_by_module\";}s:14:\"admin/settings\";a:1:{s:8:\"callback\";s:24:\"system_settings_overview\";}s:11:\"admin/build\";a:1:{s:8:\"callback\";s:28:\"system_admin_menu_block_page\";}s:20:\"admin/settings/admin\";a:2:{s:8:\"callback\";s:15:\"drupal_get_form\";s:18:\"callback arguments\";a:1:{i:0;s:27:\"system_admin_theme_settings\";}}s:18:\"admin/build/themes\";a:2:{s:8:\"callback\";s:15:\"drupal_get_form\";s:18:\"callback arguments\";a:1:{i:0;s:13:\"system_themes\";}}s:25:\"admin/build/themes/select\";a:2:{s:8:\"callback\";s:15:\"drupal_get_form\";s:18:\"callback arguments\";a:1:{i:0;s:13:\"system_themes\";}}s:27:\"admin/build/themes/settings\";a:2:{s:8:\"callback\";s:15:\"drupal_get_form\";s:18:\"callback arguments\";a:1:{i:0;s:21:\"system_theme_settings\";}}s:34:\"admin/build/themes/settings/global\";a:2:{s:8:\"callback\";s:15:\"drupal_get_form\";s:18:\"callback arguments\";a:1:{i:0;s:21:\"system_theme_settings\";}}s:35:\"admin/build/themes/settings/garland\";a:2:{s:8:\"callback\";s:15:\"drupal_get_form\";s:18:\"callback arguments\";a:2:{i:0;s:21:\"system_theme_settings\";i:1;s:7:\"garland\";}}s:19:\"admin/build/modules\";a:2:{s:8:\"callback\";s:15:\"drupal_get_form\";s:18:\"callback arguments\";a:1:{i:0;s:14:\"system_modules\";}}s:32:\"admin/build/modules/list/confirm\";a:2:{s:8:\"callback\";s:15:\"drupal_get_form\";s:18:\"callback arguments\";a:1:{i:0;s:14:\"system_modules\";}}s:29:\"admin/build/modules/uninstall\";a:2:{s:8:\"callback\";s:15:\"drupal_get_form\";s:18:\"callback arguments\";a:1:{i:0;s:24:\"system_modules_uninstall\";}}s:37:\"admin/build/modules/uninstall/confirm\";a:2:{s:8:\"callback\";s:15:\"drupal_get_form\";s:18:\"callback arguments\";a:1:{i:0;s:24:\"system_modules_uninstall\";}}s:31:\"admin/settings/site-information\";a:2:{s:8:\"callback\";s:15:\"drupal_get_form\";s:18:\"callback arguments\";a:1:{i:0;s:32:\"system_site_information_settings\";}}s:30:\"admin/settings/error-reporting\";a:2:{s:8:\"callback\";s:15:\"drupal_get_form\";s:18:\"callback arguments\";a:1:{i:0;s:31:\"system_error_reporting_settings\";}}s:26:\"admin/settings/performance\";a:2:{s:8:\"callback\";s:15:\"drupal_get_form\";s:18:\"callback arguments\";a:1:{i:0;s:27:\"system_performance_settings\";}}s:26:\"admin/settings/file-system\";a:2:{s:8:\"callback\";s:15:\"drupal_get_form\";s:18:\"callback arguments\";a:1:{i:0;s:27:\"system_file_system_settings\";}}s:28:\"admin/settings/image-toolkit\";a:2:{s:8:\"callback\";s:15:\"drupal_get_form\";s:18:\"callback arguments\";a:1:{i:0;s:29:\"system_image_toolkit_settings\";}}s:28:\"admin/content/rss-publishing\";a:2:{s:8:\"callback\";s:15:\"drupal_get_form\";s:18:\"callback arguments\";a:1:{i:0;s:25:\"system_rss_feeds_settings\";}}s:24:\"admin/settings/date-time\";a:2:{s:8:\"callback\";s:15:\"drupal_get_form\";s:18:\"callback arguments\";a:1:{i:0;s:25:\"system_date_time_settings\";}}s:31:\"admin/settings/site-maintenance\";a:2:{s:8:\"callback\";s:15:\"drupal_get_form\";s:18:\"callback arguments\";a:1:{i:0;s:32:\"system_site_maintenance_settings\";}}s:25:\"admin/settings/clean-urls\";a:2:{s:8:\"callback\";s:15:\"drupal_get_form\";s:18:\"callback arguments\";a:1:{i:0;s:25:\"system_clean_url_settings\";}}s:10:\"admin/logs\";a:1:{s:8:\"callback\";s:28:\"system_admin_menu_block_page\";}s:17:\"admin/logs/status\";a:1:{s:8:\"callback\";s:13:\"system_status\";}s:26:\"admin/logs/status/run-cron\";a:1:{s:8:\"callback\";s:15:\"system_run_cron\";}s:21:\"admin/logs/status/php\";a:1:{s:8:\"callback\";s:10:\"system_php\";}s:21:\"admin/logs/status/sql\";a:1:{s:8:\"callback\";s:10:\"system_sql\";}s:4:\"user\";a:2:{s:8:\"callback\";s:15:\"drupal_get_form\";s:18:\"callback arguments\";a:1:{i:0;s:10:\"user_login\";}}s:17:\"user/autocomplete\";a:1:{s:8:\"callback\";s:17:\"user_autocomplete\";}s:10:\"user/login\";a:2:{s:8:\"callback\";s:15:\"drupal_get_form\";s:18:\"callback arguments\";a:1:{i:0;s:10:\"user_login\";}}s:13:\"user/register\";a:2:{s:8:\"callback\";s:15:\"drupal_get_form\";s:18:\"callback arguments\";a:1:{i:0;s:13:\"user_register\";}}s:13:\"user/password\";a:2:{s:8:\"callback\";s:15:\"drupal_get_form\";s:18:\"callback arguments\";a:1:{i:0;s:9:\"user_pass\";}}s:10:\"user/reset\";a:2:{s:8:\"callback\";s:15:\"drupal_get_form\";s:18:\"callback arguments\";a:1:{i:0;s:15:\"user_pass_reset\";}}s:9:\"user/help\";a:1:{s:8:\"callback\";s:14:\"user_help_page\";}s:10:\"admin/user\";a:1:{s:8:\"callback\";s:28:\"system_admin_menu_block_page\";}s:15:\"admin/user/user\";a:2:{s:8:\"callback\";s:10:\"user_admin\";s:18:\"callback arguments\";a:1:{i:0;s:4:\"list\";}}s:22:\"admin/user/user/create\";a:2:{s:8:\"callback\";s:10:\"user_admin\";s:18:\"callback arguments\";a:1:{i:0;s:6:\"create\";}}s:19:\"admin/user/settings\";a:2:{s:8:\"callback\";s:15:\"drupal_get_form\";s:18:\"callback arguments\";a:1:{i:0;s:19:\"user_admin_settings\";}}s:17:\"admin/user/access\";a:2:{s:8:\"callback\";s:15:\"drupal_get_form\";s:18:\"callback arguments\";a:1:{i:0;s:15:\"user_admin_perm\";}}s:16:\"admin/user/roles\";a:2:{s:8:\"callback\";s:15:\"drupal_get_form\";s:18:\"callback arguments\";a:1:{i:0;s:19:\"user_admin_new_role\";}}s:21:\"admin/user/roles/edit\";a:2:{s:8:\"callback\";s:15:\"drupal_get_form\";s:18:\"callback arguments\";a:1:{i:0;s:15:\"user_admin_role\";}}s:16:\"admin/user/rules\";a:1:{s:8:\"callback\";s:17:\"user_admin_access\";}s:20:\"admin/user/rules/add\";a:1:{s:8:\"callback\";s:21:\"user_admin_access_add\";}s:22:\"admin/user/rules/check\";a:1:{s:8:\"callback\";s:23:\"user_admin_access_check\";}s:21:\"admin/user/rules/edit\";a:1:{s:8:\"callback\";s:22:\"user_admin_access_edit\";}s:23:\"admin/user/rules/delete\";a:2:{s:8:\"callback\";s:15:\"drupal_get_form\";s:18:\"callback arguments\";a:1:{i:0;s:32:\"user_admin_access_delete_confirm\";}}s:6:\"user/2\";a:2:{s:8:\"callback\";s:9:\"user_view\";s:18:\"callback arguments\";a:1:{i:0;s:1:\"2\";}}s:6:\"logout\";a:1:{s:8:\"callback\";s:11:\"user_logout\";}s:19:\"admin/logs/watchdog\";a:1:{s:8:\"callback\";s:17:\"watchdog_overview\";}s:25:\"admin/logs/page-not-found\";a:2:{s:8:\"callback\";s:12:\"watchdog_top\";s:18:\"callback arguments\";a:1:{i:0;s:14:\"page not found\";}}s:24:\"admin/logs/access-denied\";a:2:{s:8:\"callback\";s:12:\"watchdog_top\";s:18:\"callback arguments\";a:1:{i:0;s:13:\"access denied\";}}s:16:\"admin/logs/event\";a:1:{s:8:\"callback\";s:14:\"watchdog_event\";}s:26:\"admin/content/types/fields\";a:1:{s:8:\"callback\";s:26:\"_content_admin_type_fields\";}s:26:\"nodereference/autocomplete\";a:1:{s:8:\"callback\";s:26:\"nodereference_autocomplete\";}s:9:\"neologism\";a:1:{s:8:\"callback\";s:20:\"neologism_view_index\";}s:17:\"devel/cache/clear\";a:1:{s:8:\"callback\";s:17:\"devel_cache_clear\";}s:37:\"devel/rebuild_node_comment_statistics\";a:1:{s:8:\"callback\";s:42:\"devel_rebuild_node_comment_statistics_page\";}s:13:\"devel/queries\";a:1:{s:8:\"callback\";s:13:\"devel_queries\";}s:19:\"devel/queries/empty\";a:1:{s:8:\"callback\";s:19:\"devel_queries_empty\";}s:15:\"devel/reference\";a:1:{s:8:\"callback\";s:24:\"devel_function_reference\";}s:15:\"devel/reinstall\";a:1:{s:8:\"callback\";s:15:\"devel_reinstall\";}s:16:\"devel/menu/reset\";a:2:{s:8:\"callback\";s:15:\"drupal_get_form\";s:18:\"callback arguments\";s:21:\"devel_menu_reset_form\";}s:14:\"devel/variable\";a:1:{s:8:\"callback\";s:19:\"devel_variable_page\";}s:19:\"devel/variable/edit\";a:2:{s:8:\"callback\";s:15:\"drupal_get_form\";s:18:\"callback arguments\";a:1:{i:0;s:19:\"devel_variable_edit\";}}s:21:\"devel/variable/delete\";a:2:{s:8:\"callback\";s:15:\"drupal_get_form\";s:18:\"callback arguments\";a:1:{i:0;s:21:\"devel_variable_delete\";}}s:13:\"devel/session\";a:1:{s:8:\"callback\";s:13:\"devel_session\";}s:12:\"devel/switch\";a:1:{s:8:\"callback\";s:17:\"devel_switch_user\";}s:20:\"admin/settings/devel\";a:2:{s:8:\"callback\";s:15:\"drupal_get_form\";s:18:\"callback arguments\";a:1:{i:0;s:20:\"devel_admin_settings\";}}}s:7:\"visible\";a:5:{i:57;a:5:{s:5:\"title\";s:7:\"Log out\";s:4:\"path\";s:6:\"logout\";s:8:\"children\";a:0:{}s:4:\"type\";i:22;s:3:\"pid\";i:1;}i:1;a:5:{s:5:\"title\";s:10:\"Navigation\";s:4:\"path\";s:0:\"\";s:8:\"children\";a:1:{i:0;i:57;}s:4:\"type\";i:3;s:3:\"pid\";i:0;}i:-124;a:5:{s:5:\"title\";s:10:\"My account\";s:4:\"path\";s:6:\"user/2\";s:8:\"children\";a:0:{}s:4:\"type\";i:6;s:3:\"pid\";i:53;}i:53;a:5:{s:5:\"title\";s:13:\"Primary links\";s:4:\"path\";s:0:\"\";s:8:\"children\";a:1:{i:0;i:-124;}s:4:\"type\";s:3:\"115\";s:3:\"pid\";i:0;}i:0;a:4:{s:5:\"title\";s:0:\"\";s:4:\"path\";s:0:\"\";s:8:\"children\";a:2:{i:0;i:1;i:1;i:53;}s:4:\"type\";i:1;}}}',1205543597,1205457197,'');
/*!40000 ALTER TABLE `cache_menu` ENABLE KEYS */;
UNLOCK TABLES;

--
-- Table structure for table `cache_page`
--

DROP TABLE IF EXISTS `cache_page`;
CREATE TABLE `cache_page` (
  `cid` varchar(255) character set utf8 collate utf8_bin NOT NULL default '',
  `data` longblob,
  `expire` int(11) NOT NULL default '0',
  `created` int(11) NOT NULL default '0',
  `headers` text,
  PRIMARY KEY  (`cid`),
  KEY `expire` (`expire`)
) ENGINE=MyISAM DEFAULT CHARSET=utf8;

--
-- Dumping data for table `cache_page`
--

LOCK TABLES `cache_page` WRITE;
/*!40000 ALTER TABLE `cache_page` DISABLE KEYS */;
/*!40000 ALTER TABLE `cache_page` ENABLE KEYS */;
UNLOCK TABLES;

--
-- Table structure for table `comments`
--

DROP TABLE IF EXISTS `comments`;
CREATE TABLE `comments` (
  `cid` int(11) NOT NULL auto_increment,
  `pid` int(11) NOT NULL default '0',
  `nid` int(11) NOT NULL default '0',
  `uid` int(11) NOT NULL default '0',
  `subject` varchar(64) NOT NULL default '',
  `comment` longtext NOT NULL,
  `hostname` varchar(128) NOT NULL default '',
  `timestamp` int(11) NOT NULL default '0',
  `score` mediumint(9) NOT NULL default '0',
  `status` tinyint(3) unsigned NOT NULL default '0',
  `format` int(11) NOT NULL default '0',
  `thread` varchar(255) NOT NULL,
  `users` longtext,
  `name` varchar(60) default NULL,
  `mail` varchar(64) default NULL,
  `homepage` varchar(255) default NULL,
  PRIMARY KEY  (`cid`),
  KEY `lid` (`nid`)
) ENGINE=MyISAM DEFAULT CHARSET=utf8;

--
-- Dumping data for table `comments`
--

LOCK TABLES `comments` WRITE;
/*!40000 ALTER TABLE `comments` DISABLE KEYS */;
/*!40000 ALTER TABLE `comments` ENABLE KEYS */;
UNLOCK TABLES;

--
-- Table structure for table `content_field_authors`
--

DROP TABLE IF EXISTS `content_field_authors`;
CREATE TABLE `content_field_authors` (
  `vid` int(10) unsigned NOT NULL default '0',
  `delta` int(10) unsigned NOT NULL default '0',
  `nid` int(10) unsigned NOT NULL default '0',
  `field_authors_uid` int(11) default NULL,
  PRIMARY KEY  (`vid`,`delta`)
) ENGINE=MyISAM DEFAULT CHARSET=utf8;

--
-- Dumping data for table `content_field_authors`
--

LOCK TABLES `content_field_authors` WRITE;
/*!40000 ALTER TABLE `content_field_authors` DISABLE KEYS */;
INSERT INTO `content_field_authors` VALUES (1,2,1,5),(1,1,1,4),(1,0,1,3);
/*!40000 ALTER TABLE `content_field_authors` ENABLE KEYS */;
UNLOCK TABLES;

--
-- Table structure for table `content_field_disjointwith`
--

DROP TABLE IF EXISTS `content_field_disjointwith`;
CREATE TABLE `content_field_disjointwith` (
  `vid` int(10) unsigned NOT NULL default '0',
  `delta` int(10) unsigned NOT NULL default '0',
  `nid` int(10) unsigned NOT NULL default '0',
  `field_disjointwith_nid` int(11) NOT NULL default '0',
  PRIMARY KEY  (`vid`,`delta`)
) ENGINE=MyISAM DEFAULT CHARSET=utf8;

--
-- Dumping data for table `content_field_disjointwith`
--

LOCK TABLES `content_field_disjointwith` WRITE;
/*!40000 ALTER TABLE `content_field_disjointwith` DISABLE KEYS */;
INSERT INTO `content_field_disjointwith` VALUES (2,0,2,0),(3,0,3,0),(4,0,4,5),(5,0,5,0),(7,0,7,9),(9,0,9,7),(17,0,17,0),(18,0,18,17),(19,0,19,0);
/*!40000 ALTER TABLE `content_field_disjointwith` ENABLE KEYS */;
UNLOCK TABLES;

--
-- Table structure for table `content_field_id`
--

DROP TABLE IF EXISTS `content_field_id`;
CREATE TABLE `content_field_id` (
  `vid` int(10) unsigned NOT NULL default '0',
  `nid` int(10) unsigned NOT NULL default '0',
  `field_id_value` longtext,
  PRIMARY KEY  (`vid`)
) ENGINE=MyISAM DEFAULT CHARSET=utf8;

--
-- Dumping data for table `content_field_id`
--

LOCK TABLES `content_field_id` WRITE;
/*!40000 ALTER TABLE `content_field_id` DISABLE KEYS */;
INSERT INTO `content_field_id` VALUES (1,1,'My Bowling Vocabulary'),(2,2,'Location'),(3,3,'Room'),(4,4,'Player'),(5,5,'Team'),(6,6,'has player'),(7,7,'Bad player'),(8,8,'annoys'),(9,9,'Good player'),(10,10,'challenges'),(11,11,'boycotts'),(12,12,'has Captain'),(17,17,'Car'),(16,16,'My Cars Vocabulary'),(18,18,'Driver'),(19,19,'Racecar'),(20,20,'drives');
/*!40000 ALTER TABLE `content_field_id` ENABLE KEYS */;
UNLOCK TABLES;

--
-- Table structure for table `content_field_vocabulary`
--

DROP TABLE IF EXISTS `content_field_vocabulary`;
CREATE TABLE `content_field_vocabulary` (
  `vid` int(10) unsigned NOT NULL default '0',
  `nid` int(10) unsigned NOT NULL default '0',
  `field_vocabulary_nid` int(11) NOT NULL default '0',
  PRIMARY KEY  (`vid`)
) ENGINE=InnoDB DEFAULT CHARSET=utf8;

--
-- Dumping data for table `content_field_vocabulary`
--

LOCK TABLES `content_field_vocabulary` WRITE;
/*!40000 ALTER TABLE `content_field_vocabulary` DISABLE KEYS */;
INSERT INTO `content_field_vocabulary` VALUES (2,2,1),(3,3,1),(4,4,1),(5,5,1),(6,6,1),(7,7,1),(8,8,1),(9,9,1),(10,10,1),(11,11,1),(12,12,1),(17,17,16),(18,18,16),(19,19,16),(20,20,16);
/*!40000 ALTER TABLE `content_field_vocabulary` ENABLE KEYS */;
UNLOCK TABLES;

--
-- Table structure for table `content_type_class`
--

DROP TABLE IF EXISTS `content_type_class`;
CREATE TABLE `content_type_class` (
  `vid` int(10) unsigned NOT NULL default '0',
  `nid` int(10) unsigned NOT NULL default '0',
  `field_subclassof_nid` int(11) NOT NULL default '0',
  PRIMARY KEY  (`vid`)
) ENGINE=MyISAM DEFAULT CHARSET=utf8;

--
-- Dumping data for table `content_type_class`
--

LOCK TABLES `content_type_class` WRITE;
/*!40000 ALTER TABLE `content_type_class` DISABLE KEYS */;
INSERT INTO `content_type_class` VALUES (2,2,0),(3,3,0),(4,4,0),(5,5,0),(7,7,4),(9,9,4),(17,17,0),(18,18,0),(19,19,17);
/*!40000 ALTER TABLE `content_type_class` ENABLE KEYS */;
UNLOCK TABLES;

--
-- Table structure for table `content_type_page`
--

DROP TABLE IF EXISTS `content_type_page`;
CREATE TABLE `content_type_page` (
  `vid` int(10) unsigned NOT NULL default '0',
  `nid` int(10) unsigned NOT NULL default '0',
  PRIMARY KEY  (`vid`)
) ENGINE=MyISAM DEFAULT CHARSET=utf8;

--
-- Dumping data for table `content_type_page`
--

LOCK TABLES `content_type_page` WRITE;
/*!40000 ALTER TABLE `content_type_page` DISABLE KEYS */;
/*!40000 ALTER TABLE `content_type_page` ENABLE KEYS */;
UNLOCK TABLES;

--
-- Table structure for table `content_type_property`
--

DROP TABLE IF EXISTS `content_type_property`;
CREATE TABLE `content_type_property` (
  `vid` int(10) unsigned NOT NULL default '0',
  `nid` int(10) unsigned NOT NULL default '0',
  `field_range_nid` int(11) NOT NULL default '0',
  `field_domain_nid` int(11) NOT NULL default '0',
  `field_inverse_nid` int(11) NOT NULL default '0',
  `field_subpropertyof_nid` int(11) NOT NULL default '0',
  PRIMARY KEY  (`vid`)
) ENGINE=MyISAM DEFAULT CHARSET=utf8;

--
-- Dumping data for table `content_type_property`
--

LOCK TABLES `content_type_property` WRITE;
/*!40000 ALTER TABLE `content_type_property` DISABLE KEYS */;
INSERT INTO `content_type_property` VALUES (6,6,4,5,0,0),(8,8,4,7,0,0),(10,10,4,4,11,0),(11,11,4,4,10,0),(12,12,4,5,0,6),(20,20,17,18,0,0);
/*!40000 ALTER TABLE `content_type_property` ENABLE KEYS */;
UNLOCK TABLES;

--
-- Table structure for table `content_type_vocabulary`
--

DROP TABLE IF EXISTS `content_type_vocabulary`;
CREATE TABLE `content_type_vocabulary` (
  `vid` int(10) unsigned NOT NULL default '0',
  `nid` int(10) unsigned NOT NULL default '0',
  `field_abstract_value` longtext,
  PRIMARY KEY  (`vid`)
) ENGINE=MyISAM DEFAULT CHARSET=utf8;

--
-- Dumping data for table `content_type_vocabulary`
--

LOCK TABLES `content_type_vocabulary` WRITE;
/*!40000 ALTER TABLE `content_type_vocabulary` DISABLE KEYS */;
INSERT INTO `content_type_vocabulary` VALUES (1,1,'abstract goes here.... ');
/*!40000 ALTER TABLE `content_type_vocabulary` ENABLE KEYS */;
UNLOCK TABLES;

--
-- Table structure for table `devel_queries`
--

DROP TABLE IF EXISTS `devel_queries`;
CREATE TABLE `devel_queries` (
  `qid` int(10) NOT NULL auto_increment,
  `function` varchar(255) NOT NULL default '',
  `query` text NOT NULL,
  `hash` varchar(255) NOT NULL default '',
  PRIMARY KEY  (`hash`),
  KEY `qid` (`qid`)
) ENGINE=MyISAM DEFAULT CHARSET=utf8;

--
-- Dumping data for table `devel_queries`
--

LOCK TABLES `devel_queries` WRITE;
/*!40000 ALTER TABLE `devel_queries` DISABLE KEYS */;
/*!40000 ALTER TABLE `devel_queries` ENABLE KEYS */;
UNLOCK TABLES;

--
-- Table structure for table `devel_times`
--

DROP TABLE IF EXISTS `devel_times`;
CREATE TABLE `devel_times` (
  `tid` int(10) NOT NULL auto_increment,
  `qid` int(10) NOT NULL default '0',
  `time` float default NULL,
  PRIMARY KEY  (`tid`),
  KEY `qid` (`qid`)
) ENGINE=MyISAM DEFAULT CHARSET=utf8;

--
-- Dumping data for table `devel_times`
--

LOCK TABLES `devel_times` WRITE;
/*!40000 ALTER TABLE `devel_times` DISABLE KEYS */;
/*!40000 ALTER TABLE `devel_times` ENABLE KEYS */;
UNLOCK TABLES;

--
-- Table structure for table `file_revisions`
--

DROP TABLE IF EXISTS `file_revisions`;
CREATE TABLE `file_revisions` (
  `fid` int(10) unsigned NOT NULL default '0',
  `vid` int(10) unsigned NOT NULL default '0',
  `description` varchar(255) NOT NULL default '',
  `list` tinyint(3) unsigned NOT NULL default '0',
  PRIMARY KEY  (`fid`,`vid`),
  KEY `vid` (`vid`)
) ENGINE=MyISAM DEFAULT CHARSET=utf8;

--
-- Dumping data for table `file_revisions`
--

LOCK TABLES `file_revisions` WRITE;
/*!40000 ALTER TABLE `file_revisions` DISABLE KEYS */;
/*!40000 ALTER TABLE `file_revisions` ENABLE KEYS */;
UNLOCK TABLES;

--
-- Table structure for table `files`
--

DROP TABLE IF EXISTS `files`;
CREATE TABLE `files` (
  `fid` int(10) unsigned NOT NULL default '0',
  `nid` int(10) unsigned NOT NULL default '0',
  `filename` varchar(255) NOT NULL default '',
  `filepath` varchar(255) NOT NULL default '',
  `filemime` varchar(255) NOT NULL default '',
  `filesize` int(10) unsigned NOT NULL default '0',
  PRIMARY KEY  (`fid`),
  KEY `nid` (`nid`)
) ENGINE=MyISAM DEFAULT CHARSET=utf8;

--
-- Dumping data for table `files`
--

LOCK TABLES `files` WRITE;
/*!40000 ALTER TABLE `files` DISABLE KEYS */;
/*!40000 ALTER TABLE `files` ENABLE KEYS */;
UNLOCK TABLES;

--
-- Table structure for table `filter_formats`
--

DROP TABLE IF EXISTS `filter_formats`;
CREATE TABLE `filter_formats` (
  `format` int(11) NOT NULL auto_increment,
  `name` varchar(255) NOT NULL default '',
  `roles` varchar(255) NOT NULL default '',
  `cache` tinyint(4) NOT NULL default '0',
  PRIMARY KEY  (`format`),
  UNIQUE KEY `name` (`name`)
) ENGINE=MyISAM AUTO_INCREMENT=4 DEFAULT CHARSET=utf8;

--
-- Dumping data for table `filter_formats`
--

LOCK TABLES `filter_formats` WRITE;
/*!40000 ALTER TABLE `filter_formats` DISABLE KEYS */;
INSERT INTO `filter_formats` VALUES (1,'Filtered HTML',',1,2,',1),(2,'PHP code','',0),(3,'Full HTML','',1);
/*!40000 ALTER TABLE `filter_formats` ENABLE KEYS */;
UNLOCK TABLES;

--
-- Table structure for table `filters`
--

DROP TABLE IF EXISTS `filters`;
CREATE TABLE `filters` (
  `format` int(11) NOT NULL default '0',
  `module` varchar(64) NOT NULL default '',
  `delta` tinyint(4) NOT NULL default '0',
  `weight` tinyint(4) NOT NULL default '0',
  KEY `weight` (`weight`)
) ENGINE=MyISAM DEFAULT CHARSET=utf8;

--
-- Dumping data for table `filters`
--

LOCK TABLES `filters` WRITE;
/*!40000 ALTER TABLE `filters` DISABLE KEYS */;
INSERT INTO `filters` VALUES (1,'filter',3,0),(1,'filter',0,1),(1,'filter',2,2),(2,'filter',1,0),(3,'filter',3,0),(3,'filter',2,1);
/*!40000 ALTER TABLE `filters` ENABLE KEYS */;
UNLOCK TABLES;

--
-- Table structure for table `flood`
--

DROP TABLE IF EXISTS `flood`;
CREATE TABLE `flood` (
  `event` varchar(64) NOT NULL default '',
  `hostname` varchar(128) NOT NULL default '',
  `timestamp` int(11) NOT NULL default '0'
) ENGINE=MyISAM DEFAULT CHARSET=utf8;

--
-- Dumping data for table `flood`
--

LOCK TABLES `flood` WRITE;
/*!40000 ALTER TABLE `flood` DISABLE KEYS */;
/*!40000 ALTER TABLE `flood` ENABLE KEYS */;
UNLOCK TABLES;

--
-- Table structure for table `history`
--

DROP TABLE IF EXISTS `history`;
CREATE TABLE `history` (
  `uid` int(11) NOT NULL default '0',
  `nid` int(11) NOT NULL default '0',
  `timestamp` int(11) NOT NULL default '0',
  PRIMARY KEY  (`uid`,`nid`)
) ENGINE=MyISAM DEFAULT CHARSET=utf8;

--
-- Dumping data for table `history`
--

LOCK TABLES `history` WRITE;
/*!40000 ALTER TABLE `history` DISABLE KEYS */;
INSERT INTO `history` VALUES (1,1,1205457279),(1,2,1205150236),(1,3,1205431907),(1,4,1205421822),(1,5,1205439972),(1,6,1205431903),(1,7,1205456780),(1,8,1205317479),(1,9,1205320187),(1,10,1205338801),(1,11,1205456720),(1,12,1205456998),(1,13,1205421258),(1,14,1205421902),(1,15,1205421801),(1,16,1205442384),(1,17,1205422207),(1,18,1205422229),(1,19,1205422293),(1,20,1205422335),(2,1,1205457248);
/*!40000 ALTER TABLE `history` ENABLE KEYS */;
UNLOCK TABLES;

--
-- Table structure for table `menu`
--

DROP TABLE IF EXISTS `menu`;
CREATE TABLE `menu` (
  `mid` int(10) unsigned NOT NULL default '0',
  `pid` int(10) unsigned NOT NULL default '0',
  `path` varchar(255) NOT NULL default '',
  `title` varchar(255) NOT NULL default '',
  `description` varchar(255) NOT NULL default '',
  `weight` tinyint(4) NOT NULL default '0',
  `type` int(10) unsigned NOT NULL default '0',
  PRIMARY KEY  (`mid`)
) ENGINE=MyISAM DEFAULT CHARSET=utf8;

--
-- Dumping data for table `menu`
--

LOCK TABLES `menu` WRITE;
/*!40000 ALTER TABLE `menu` DISABLE KEYS */;
INSERT INTO `menu` VALUES (53,0,'','Primary links','',0,115),(54,1,'filter/tips','Compose tips','',0,20),(55,1,'node','Content','',0,16),(56,1,'admin','Administer','',9,22),(57,1,'logout','Log out','',10,22),(58,1,'devel/queries','Database queries','',0,22),(59,56,'admin/help','Help','',9,22),(60,56,'admin/content','Content management','Manage your site\'s content.',-10,22),(61,55,'node/add','Create content','',1,28),(62,56,'admin/settings','Site configuration','Adjust basic site configuration options.',-5,22),(63,56,'admin/build','Site building','Control how your site looks and feels.',-10,22),(64,56,'admin/logs','Logs','View system logs and other status information.',5,22),(65,56,'admin/user','User management','Manage your site\'s users, groups and access to site features.',0,22),(66,63,'admin/build/block','Blocks','Configure what block content appears in your site\'s sidebars and other regions.',0,22),(67,60,'admin/content/comment','Comments','List and edit site comments and the comment moderation queue.',0,22),(68,62,'admin/settings/filters','Input formats','Configure how content input by users is filtered, including allowed HTML tags, PHP code tags. Also allows enabling of module-provided filters.',0,22),(69,63,'admin/build/menu','Menus','Control your site\'s navigation menu, primary links and secondary links. as well as rename and reorganize menu items.',0,22),(70,60,'admin/content/node','Content','View, edit, and delete your site\'s content.',0,22),(71,60,'admin/content/node-settings','Post settings','Control posting behavior, such as teaser length, requiring previews before posting, and the number of posts on the front page.',0,22),(72,60,'admin/content/types','Content types','Manage posts by content type, including default status, front page promotion, etc.',0,22),(73,61,'node/add/class','Class','',0,22),(74,61,'node/add/page','Page','',0,22),(75,61,'node/add/property','Property','',0,22),(76,61,'node/add/story','Story','',0,22),(77,61,'node/add/vocabulary','Vocabulary','',0,22),(78,63,'admin/build/path','URL aliases','Change your site\'s URL paths by aliasing them.',0,22),(79,62,'admin/settings/admin','Administration theme','Settings for how your administrative pages should look.',0,22),(80,63,'admin/build/themes','Themes','Change which theme your site uses or allows users to set.',0,22),(81,63,'admin/build/modules','Modules','Enable or disable add-on modules for your site.',0,22),(82,62,'admin/settings/site-information','Site information','Change basic site information, such as the site name, slogan, e-mail address, mission, front page and more.',0,22),(83,62,'admin/settings/error-reporting','Error reporting','Control how Drupal deals with errors including 403/404 errors as well as PHP error reporting.',0,22),(84,62,'admin/settings/performance','Performance','Enable or disable page caching for anonymous users, and enable or disable CSS preprocessor.',0,22),(85,62,'admin/settings/file-system','File system','Tell Drupal where to store uploaded files and how they are accessed.',0,22),(86,62,'admin/settings/image-toolkit','Image toolkit','Choose which image toolkit to use if you have installed optional toolkits.',0,22),(87,60,'admin/content/rss-publishing','RSS publishing','Configure the number of items per feed and whether feeds should be titles/teasers/full-text.',0,22),(88,62,'admin/settings/date-time','Date and time','Settings for how Drupal displays date and time, as well as the system\'s default timezone.',0,22),(89,62,'admin/settings/site-maintenance','Site maintenance','Take the site off-line for maintenance or bring it back online.',0,22),(90,62,'admin/settings/clean-urls','Clean URLs','Enable or disable clean URLs for your site.',0,22),(91,64,'admin/logs/status','Status report','Get a status report about your site\'s operation and any detected problems.',10,22),(92,65,'admin/user/user','Users','List, add, and edit users.',0,22),(93,65,'admin/user/settings','User settings','Configure default behavior of users, including registration requirements, e-mails, and user pictures.',0,22),(94,65,'admin/user/access','Access control','Determine access to features by selecting permissions for roles.',0,22),(95,65,'admin/user/roles','Roles','List, edit, or add user roles.',0,22),(96,65,'admin/user/rules','Access rules','List and create rules to disallow usernames, e-mail addresses, and IP addresses.',0,22),(97,64,'admin/logs/watchdog','Recent log entries','View events that have recently been logged.',-1,22),(98,64,'admin/logs/page-not-found','Top \'page not found\' errors','View \'page not found\' errors (404s).',0,22),(99,64,'admin/logs/access-denied','Top \'access denied\' errors','View \'access denied\' errors (403s).',0,22),(100,62,'admin/settings/devel','Devel','',0,22),(101,53,'user','Login','',0,118),(102,53,'neologism','Neologism','',-1,112);
/*!40000 ALTER TABLE `menu` ENABLE KEYS */;
UNLOCK TABLES;

--
-- Table structure for table `node`
--

DROP TABLE IF EXISTS `node`;
CREATE TABLE `node` (
  `nid` int(10) unsigned NOT NULL auto_increment,
  `vid` int(10) unsigned NOT NULL default '0',
  `type` varchar(32) NOT NULL default '',
  `title` varchar(128) NOT NULL default '',
  `uid` int(11) NOT NULL default '0',
  `status` int(11) NOT NULL default '1',
  `created` int(11) NOT NULL default '0',
  `changed` int(11) NOT NULL default '0',
  `comment` int(11) NOT NULL default '0',
  `promote` int(11) NOT NULL default '0',
  `moderate` int(11) NOT NULL default '0',
  `sticky` int(11) NOT NULL default '0',
  PRIMARY KEY  (`nid`,`vid`),
  UNIQUE KEY `vid` (`vid`),
  KEY `node_type` (`type`(4)),
  KEY `node_title_type` (`title`,`type`(4)),
  KEY `status` (`status`),
  KEY `uid` (`uid`),
  KEY `node_moderate` (`moderate`),
  KEY `node_promote_status` (`promote`,`status`),
  KEY `node_created` (`created`),
  KEY `node_changed` (`changed`),
  KEY `node_status_type` (`status`,`type`,`nid`),
  KEY `nid` (`nid`)
) ENGINE=MyISAM AUTO_INCREMENT=21 DEFAULT CHARSET=utf8;

--
-- Dumping data for table `node`
--

LOCK TABLES `node` WRITE;
/*!40000 ALTER TABLE `node` DISABLE KEYS */;
INSERT INTO `node` VALUES (1,1,'vocabulary','bowling',1,1,1205147237,1205456632,2,1,0,0),(2,2,'class','Location',1,1,1205147581,1205331820,2,0,0,0),(3,3,'class','Room',1,1,1205148175,1205331826,2,0,0,0),(4,4,'class','Player',1,1,1205150354,1205421989,2,0,0,0),(5,5,'class','Team',1,1,1205150394,1205331804,2,0,0,0),(6,6,'property','hasPlayer',1,1,1205150433,1205340597,2,0,0,0),(7,7,'class','BadPlayer',1,1,1205317105,1205332363,2,0,0,0),(8,8,'property','annoys',1,1,1205317478,1205340569,2,0,0,0),(9,9,'class','GoodPlayer',1,1,1205318991,1205332355,2,0,0,0),(10,10,'property','challenges',1,1,1205338672,1205338801,2,0,0,0),(11,11,'property','boycotts',1,1,1205338777,1205338777,2,0,0,0),(12,12,'property','hasCaptain',1,1,1205341047,1205456998,2,0,0,0),(16,16,'vocabulary','cars',1,1,1205422185,1205442383,2,1,0,0),(17,17,'class','Car',1,1,1205422207,1205422250,2,0,0,0),(18,18,'class','Driver',1,1,1205422228,1205422228,2,0,0,0),(19,19,'class','Racecar',1,1,1205422293,1205422293,2,0,0,0),(20,20,'property','drives',1,1,1205422322,1205422322,2,0,0,0);
/*!40000 ALTER TABLE `node` ENABLE KEYS */;
UNLOCK TABLES;

--
-- Table structure for table `node_access`
--

DROP TABLE IF EXISTS `node_access`;
CREATE TABLE `node_access` (
  `nid` int(10) unsigned NOT NULL default '0',
  `gid` int(10) unsigned NOT NULL default '0',
  `realm` varchar(255) NOT NULL default '',
  `grant_view` tinyint(3) unsigned NOT NULL default '0',
  `grant_update` tinyint(3) unsigned NOT NULL default '0',
  `grant_delete` tinyint(3) unsigned NOT NULL default '0',
  PRIMARY KEY  (`nid`,`gid`,`realm`)
) ENGINE=MyISAM DEFAULT CHARSET=utf8;

--
-- Dumping data for table `node_access`
--

LOCK TABLES `node_access` WRITE;
/*!40000 ALTER TABLE `node_access` DISABLE KEYS */;
INSERT INTO `node_access` VALUES (0,0,'all',1,0,0);
/*!40000 ALTER TABLE `node_access` ENABLE KEYS */;
UNLOCK TABLES;

--
-- Table structure for table `node_comment_statistics`
--

DROP TABLE IF EXISTS `node_comment_statistics`;
CREATE TABLE `node_comment_statistics` (
  `nid` int(10) unsigned NOT NULL auto_increment,
  `last_comment_timestamp` int(11) NOT NULL default '0',
  `last_comment_name` varchar(60) default NULL,
  `last_comment_uid` int(11) NOT NULL default '0',
  `comment_count` int(10) unsigned NOT NULL default '0',
  PRIMARY KEY  (`nid`),
  KEY `node_comment_timestamp` (`last_comment_timestamp`)
) ENGINE=MyISAM AUTO_INCREMENT=21 DEFAULT CHARSET=utf8;

--
-- Dumping data for table `node_comment_statistics`
--

LOCK TABLES `node_comment_statistics` WRITE;
/*!40000 ALTER TABLE `node_comment_statistics` DISABLE KEYS */;
INSERT INTO `node_comment_statistics` VALUES (1,1205147237,NULL,1,0),(2,1205147581,NULL,1,0),(3,1205148175,NULL,1,0),(4,1205150354,NULL,1,0),(5,1205150394,NULL,1,0),(6,1205150433,NULL,1,0),(7,1205317105,NULL,1,0),(8,1205317478,NULL,1,0),(9,1205318991,NULL,1,0),(10,1205338672,NULL,1,0),(11,1205338777,NULL,1,0),(12,1205341047,NULL,1,0),(17,1205422207,NULL,1,0),(16,1205422185,NULL,1,0),(18,1205422228,NULL,1,0),(19,1205422293,NULL,1,0),(20,1205422322,NULL,1,0);
/*!40000 ALTER TABLE `node_comment_statistics` ENABLE KEYS */;
UNLOCK TABLES;

--
-- Table structure for table `node_counter`
--

DROP TABLE IF EXISTS `node_counter`;
CREATE TABLE `node_counter` (
  `nid` int(11) NOT NULL default '0',
  `totalcount` bigint(20) unsigned NOT NULL default '0',
  `daycount` mediumint(8) unsigned NOT NULL default '0',
  `timestamp` int(10) unsigned NOT NULL default '0',
  PRIMARY KEY  (`nid`),
  KEY `totalcount` (`totalcount`),
  KEY `daycount` (`daycount`),
  KEY `timestamp` (`timestamp`)
) ENGINE=MyISAM DEFAULT CHARSET=utf8;

--
-- Dumping data for table `node_counter`
--

LOCK TABLES `node_counter` WRITE;
/*!40000 ALTER TABLE `node_counter` DISABLE KEYS */;
/*!40000 ALTER TABLE `node_counter` ENABLE KEYS */;
UNLOCK TABLES;

--
-- Table structure for table `node_field`
--

DROP TABLE IF EXISTS `node_field`;
CREATE TABLE `node_field` (
  `field_name` varchar(32) NOT NULL default '',
  `type` varchar(127) NOT NULL default '',
  `global_settings` mediumtext NOT NULL,
  `required` int(11) NOT NULL default '0',
  `multiple` int(11) NOT NULL default '0',
  `db_storage` int(11) NOT NULL default '0',
  PRIMARY KEY  (`field_name`)
) ENGINE=MyISAM DEFAULT CHARSET=utf8;

--
-- Dumping data for table `node_field`
--

LOCK TABLES `node_field` WRITE;
/*!40000 ALTER TABLE `node_field` DISABLE KEYS */;
INSERT INTO `node_field` VALUES ('field_id','text','a:4:{s:15:\"text_processing\";s:1:\"0\";s:10:\"max_length\";s:0:\"\";s:14:\"allowed_values\";s:0:\"\";s:18:\"allowed_values_php\";s:0:\"\";}',1,0,0),('field_vocabulary','nodereference','a:1:{s:19:\"referenceable_types\";a:5:{s:10:\"vocabulary\";s:10:\"vocabulary\";s:5:\"class\";i:0;s:4:\"page\";i:0;s:8:\"property\";i:0;s:5:\"story\";i:0;}}',1,0,0),('field_subclassof','nodereference','a:1:{s:19:\"referenceable_types\";a:5:{s:5:\"class\";s:5:\"class\";s:4:\"page\";i:0;s:8:\"property\";i:0;s:5:\"story\";i:0;s:10:\"vocabulary\";i:0;}}',0,0,1),('field_disjointwith','nodereference','a:1:{s:19:\"referenceable_types\";a:4:{s:5:\"class\";s:5:\"class\";s:4:\"page\";i:0;s:8:\"property\";i:0;s:10:\"vocabulary\";i:0;}}',0,1,0),('field_range','nodereference','a:1:{s:19:\"referenceable_types\";a:5:{s:5:\"class\";s:5:\"class\";s:4:\"page\";i:0;s:8:\"property\";i:0;s:5:\"story\";i:0;s:10:\"vocabulary\";i:0;}}',0,0,1),('field_domain','nodereference','a:1:{s:19:\"referenceable_types\";a:5:{s:5:\"class\";s:5:\"class\";s:4:\"page\";i:0;s:8:\"property\";i:0;s:5:\"story\";i:0;s:10:\"vocabulary\";i:0;}}',0,0,1),('field_inverse','nodereference','a:1:{s:19:\"referenceable_types\";a:5:{s:8:\"property\";s:8:\"property\";s:5:\"class\";i:0;s:4:\"page\";i:0;s:5:\"story\";i:0;s:10:\"vocabulary\";i:0;}}',0,0,1),('field_subpropertyof','nodereference','a:1:{s:19:\"referenceable_types\";a:5:{s:8:\"property\";s:8:\"property\";s:5:\"class\";i:0;s:4:\"page\";i:0;s:5:\"story\";i:0;s:10:\"vocabulary\";i:0;}}',0,0,1),('field_authors','userreference','a:1:{s:19:\"referenceable_roles\";a:1:{i:2;i:0;}}',0,1,0),('field_abstract','text','a:4:{s:15:\"text_processing\";s:1:\"0\";s:10:\"max_length\";s:0:\"\";s:14:\"allowed_values\";s:0:\"\";s:18:\"allowed_values_php\";s:0:\"\";}',0,0,1);
/*!40000 ALTER TABLE `node_field` ENABLE KEYS */;
UNLOCK TABLES;

--
-- Table structure for table `node_field_instance`
--

DROP TABLE IF EXISTS `node_field_instance`;
CREATE TABLE `node_field_instance` (
  `field_name` varchar(32) NOT NULL default '',
  `type_name` varchar(32) NOT NULL default '',
  `weight` int(11) NOT NULL default '0',
  `label` varchar(255) NOT NULL default '',
  `widget_type` varchar(32) NOT NULL default '',
  `widget_settings` mediumtext NOT NULL,
  `display_settings` mediumtext NOT NULL,
  `description` mediumtext NOT NULL,
  PRIMARY KEY  (`field_name`,`type_name`)
) ENGINE=MyISAM DEFAULT CHARSET=utf8;

--
-- Dumping data for table `node_field_instance`
--

LOCK TABLES `node_field_instance` WRITE;
/*!40000 ALTER TABLE `node_field_instance` DISABLE KEYS */;
INSERT INTO `node_field_instance` VALUES ('field_id','class',-4,'label','text','a:3:{s:13:\"default_value\";a:1:{i:0;a:1:{s:5:\"value\";s:0:\"\";}}s:17:\"default_value_php\";s:0:\"\";s:4:\"rows\";s:1:\"1\";}','a:3:{s:5:\"label\";a:1:{s:6:\"format\";s:6:\"inline\";}s:6:\"teaser\";a:1:{s:6:\"format\";s:7:\"default\";}s:4:\"full\";a:1:{s:6:\"format\";s:7:\"default\";}}',''),('field_id','vocabulary',-4,'title','text','a:3:{s:13:\"default_value\";a:1:{i:0;a:1:{s:5:\"value\";s:0:\"\";}}s:17:\"default_value_php\";s:0:\"\";s:4:\"rows\";s:1:\"1\";}','a:3:{s:5:\"label\";a:1:{s:6:\"format\";s:6:\"inline\";}s:6:\"teaser\";a:1:{s:6:\"format\";s:7:\"default\";}s:4:\"full\";a:1:{s:6:\"format\";s:7:\"default\";}}',''),('field_vocabulary','class',-10,'vocabulary','nodereference_select','a:2:{s:13:\"default_value\";a:1:{i:0;a:2:{s:3:\"nid\";s:1:\"0\";s:11:\"error_field\";s:22:\"field_vocabulary][nids\";}}s:17:\"default_value_php\";s:0:\"\";}','a:3:{s:5:\"label\";a:1:{s:6:\"format\";s:6:\"inline\";}s:6:\"teaser\";a:1:{s:6:\"format\";s:6:\"hidden\";}s:4:\"full\";a:1:{s:6:\"format\";s:7:\"default\";}}','Specify the vocabulary this class belongs to.'),('field_id','property',-4,'label','text','a:3:{s:13:\"default_value\";a:1:{i:0;a:1:{s:5:\"value\";s:0:\"\";}}s:17:\"default_value_php\";s:0:\"\";s:4:\"rows\";s:1:\"1\";}','a:3:{s:5:\"label\";a:1:{s:6:\"format\";s:6:\"inline\";}s:6:\"teaser\";a:1:{s:6:\"format\";s:7:\"default\";}s:4:\"full\";a:1:{s:6:\"format\";s:7:\"default\";}}',''),('field_subclassof','class',-3,'subClassOf','nodereference_select','a:2:{s:13:\"default_value\";a:1:{i:0;a:2:{s:3:\"nid\";s:1:\"0\";s:11:\"error_field\";s:22:\"field_subclassof][nids\";}}s:17:\"default_value_php\";s:0:\"\";}','a:3:{s:5:\"label\";a:1:{s:6:\"format\";s:6:\"inline\";}s:6:\"teaser\";a:1:{s:6:\"format\";s:7:\"default\";}s:4:\"full\";a:1:{s:6:\"format\";s:7:\"default\";}}',''),('field_disjointwith','class',-2,'disjointWith','multiselect_select','a:2:{s:13:\"default_value\";a:1:{i:0;a:2:{s:3:\"nid\";s:1:\"0\";s:11:\"error_field\";s:24:\"field_disjointwith][nids\";}}s:17:\"default_value_php\";s:0:\"\";}','a:3:{s:5:\"label\";a:1:{s:6:\"format\";s:6:\"inline\";}s:6:\"teaser\";a:1:{s:6:\"format\";s:7:\"default\";}s:4:\"full\";a:1:{s:6:\"format\";s:7:\"default\";}}',''),('field_range','property',-2,'range','nodereference_select','a:2:{s:13:\"default_value\";a:1:{i:0;a:2:{s:3:\"nid\";s:1:\"0\";s:11:\"error_field\";s:17:\"field_range][nids\";}}s:17:\"default_value_php\";s:0:\"\";}','a:3:{s:5:\"label\";a:1:{s:6:\"format\";s:6:\"inline\";}s:6:\"teaser\";a:1:{s:6:\"format\";s:7:\"default\";}s:4:\"full\";a:1:{s:6:\"format\";s:7:\"default\";}}',''),('field_domain','property',-3,'domain','nodereference_select','a:2:{s:13:\"default_value\";a:1:{i:0;a:2:{s:3:\"nid\";s:1:\"0\";s:11:\"error_field\";s:18:\"field_domain][nids\";}}s:17:\"default_value_php\";s:0:\"\";}','a:3:{s:5:\"label\";a:1:{s:6:\"format\";s:6:\"inline\";}s:6:\"teaser\";a:1:{s:6:\"format\";s:7:\"default\";}s:4:\"full\";a:1:{s:6:\"format\";s:7:\"default\";}}',''),('field_inverse','property',-1,'inverse','nodereference_select','a:2:{s:13:\"default_value\";a:1:{i:0;a:2:{s:3:\"nid\";s:1:\"0\";s:11:\"error_field\";s:19:\"field_inverse][nids\";}}s:17:\"default_value_php\";s:0:\"\";}','a:3:{s:5:\"label\";a:1:{s:6:\"format\";s:6:\"inline\";}s:6:\"teaser\";a:1:{s:6:\"format\";s:7:\"default\";}s:4:\"full\";a:1:{s:6:\"format\";s:7:\"default\";}}',''),('field_vocabulary','property',-10,'vocabulary','nodereference_select','a:2:{s:13:\"default_value\";a:1:{i:0;a:2:{s:3:\"nid\";s:1:\"0\";s:11:\"error_field\";s:22:\"field_vocabulary][nids\";}}s:17:\"default_value_php\";s:0:\"\";}','a:3:{s:5:\"label\";a:1:{s:6:\"format\";s:6:\"inline\";}s:6:\"teaser\";a:1:{s:6:\"format\";s:7:\"default\";}s:4:\"full\";a:1:{s:6:\"format\";s:7:\"default\";}}','Specify the vocabulary this class belongs to.'),('field_subpropertyof','property',0,'subPropertyOf','nodereference_select','a:2:{s:13:\"default_value\";a:1:{i:0;a:2:{s:3:\"nid\";s:1:\"0\";s:11:\"error_field\";s:25:\"field_subpropertyof][nids\";}}s:17:\"default_value_php\";s:0:\"\";}','a:3:{s:5:\"label\";a:1:{s:6:\"format\";s:6:\"inline\";}s:6:\"teaser\";a:1:{s:6:\"format\";s:7:\"default\";}s:4:\"full\";a:1:{s:6:\"format\";s:7:\"default\";}}',''),('field_authors','vocabulary',-3,'authors','userreference_select','a:2:{s:13:\"default_value\";a:1:{i:0;a:2:{s:3:\"uid\";s:0:\"\";s:11:\"error_field\";s:19:\"field_authors][uids\";}}s:17:\"default_value_php\";s:0:\"\";}','a:0:{}',''),('field_abstract','vocabulary',-2,'abstract','text','a:3:{s:13:\"default_value\";a:1:{i:0;a:1:{s:5:\"value\";s:0:\"\";}}s:17:\"default_value_php\";s:0:\"\";s:4:\"rows\";s:1:\"5\";}','a:0:{}','');
/*!40000 ALTER TABLE `node_field_instance` ENABLE KEYS */;
UNLOCK TABLES;

--
-- Table structure for table `node_revisions`
--

DROP TABLE IF EXISTS `node_revisions`;
CREATE TABLE `node_revisions` (
  `nid` int(10) unsigned NOT NULL,
  `vid` int(10) unsigned NOT NULL,
  `uid` int(11) NOT NULL default '0',
  `title` varchar(128) NOT NULL default '',
  `body` longtext NOT NULL,
  `teaser` longtext NOT NULL,
  `log` longtext NOT NULL,
  `timestamp` int(11) NOT NULL default '0',
  `format` int(11) NOT NULL default '0',
  PRIMARY KEY  (`vid`),
  KEY `nid` (`nid`),
  KEY `uid` (`uid`)
) ENGINE=MyISAM DEFAULT CHARSET=utf8;

--
-- Dumping data for table `node_revisions`
--

LOCK TABLES `node_revisions` WRITE;
/*!40000 ALTER TABLE `node_revisions` DISABLE KEYS */;
INSERT INTO `node_revisions` VALUES (1,1,1,'bowling','My Bowling Vocabulary is for all the <strong>bowling fans</strong>! (more HTML free text here)','My Bowling Vocabulary is for all the <strong>bowling fans</strong>! (more HTML free text here)','',1205456632,1),(2,2,1,'Location','','','',1205331820,1),(3,3,1,'Room','','','',1205331826,1),(4,4,1,'Player','','','',1205421989,1),(5,5,1,'Team','','','',1205331804,1),(6,6,1,'hasPlayer','','','',1205340597,1),(7,7,1,'BadPlayer','','','',1205332363,1),(8,8,1,'annoys','','','',1205340569,1),(9,9,1,'GoodPlayer','','','',1205332355,1),(10,10,1,'challenges','','','',1205338801,1),(11,11,1,'boycotts','','','',1205338777,1),(12,12,1,'hasCaptain','','','',1205456998,1),(17,17,1,'Car','test comment','test comment','',1205422250,1),(16,16,1,'cars','','','',1205442383,1),(18,18,1,'Driver','','','',1205422228,1),(19,19,1,'Racecar','','','',1205422293,1),(20,20,1,'drives','test comment','test comment','',1205422322,1);
/*!40000 ALTER TABLE `node_revisions` ENABLE KEYS */;
UNLOCK TABLES;

--
-- Table structure for table `node_type`
--

DROP TABLE IF EXISTS `node_type`;
CREATE TABLE `node_type` (
  `type` varchar(32) NOT NULL,
  `name` varchar(255) NOT NULL default '',
  `module` varchar(255) NOT NULL,
  `description` mediumtext NOT NULL,
  `help` mediumtext NOT NULL,
  `has_title` tinyint(3) unsigned NOT NULL,
  `title_label` varchar(255) NOT NULL default '',
  `has_body` tinyint(3) unsigned NOT NULL,
  `body_label` varchar(255) NOT NULL default '',
  `min_word_count` smallint(5) unsigned NOT NULL,
  `custom` tinyint(4) NOT NULL default '0',
  `modified` tinyint(4) NOT NULL default '0',
  `locked` tinyint(4) NOT NULL default '0',
  `orig_type` varchar(255) NOT NULL default '',
  PRIMARY KEY  (`type`)
) ENGINE=MyISAM DEFAULT CHARSET=utf8;

--
-- Dumping data for table `node_type`
--

LOCK TABLES `node_type` WRITE;
/*!40000 ALTER TABLE `node_type` DISABLE KEYS */;
INSERT INTO `node_type` VALUES ('page','Page','node','If you want to add a static page, like a contact page or an about page, use a page.','',1,'Title',1,'Body',0,1,1,0,'page'),('class','Class','node','','',1,'id',1,'comment',0,1,1,0,''),('property','Property','node','','',1,'id',1,'comment',0,1,1,0,''),('vocabulary','Vocabulary','node','','',1,'id',1,'Description',0,1,1,0,'');
/*!40000 ALTER TABLE `node_type` ENABLE KEYS */;
UNLOCK TABLES;

--
-- Table structure for table `permission`
--

DROP TABLE IF EXISTS `permission`;
CREATE TABLE `permission` (
  `rid` int(10) unsigned NOT NULL default '0',
  `perm` longtext,
  `tid` int(10) unsigned NOT NULL default '0',
  KEY `rid` (`rid`)
) ENGINE=MyISAM DEFAULT CHARSET=utf8;

--
-- Dumping data for table `permission`
--

LOCK TABLES `permission` WRITE;
/*!40000 ALTER TABLE `permission` DISABLE KEYS */;
INSERT INTO `permission` VALUES (1,'access content',0),(2,'access comments, access content, post comments, post comments without approval',0);
/*!40000 ALTER TABLE `permission` ENABLE KEYS */;
UNLOCK TABLES;

--
-- Table structure for table `role`
--

DROP TABLE IF EXISTS `role`;
CREATE TABLE `role` (
  `rid` int(10) unsigned NOT NULL auto_increment,
  `name` varchar(64) NOT NULL default '',
  PRIMARY KEY  (`rid`),
  UNIQUE KEY `name` (`name`)
) ENGINE=MyISAM AUTO_INCREMENT=4 DEFAULT CHARSET=utf8;

--
-- Dumping data for table `role`
--

LOCK TABLES `role` WRITE;
/*!40000 ALTER TABLE `role` DISABLE KEYS */;
INSERT INTO `role` VALUES (1,'anonymous user'),(2,'authenticated user'),(3,'neologist');
/*!40000 ALTER TABLE `role` ENABLE KEYS */;
UNLOCK TABLES;

--
-- Table structure for table `sequences`
--

DROP TABLE IF EXISTS `sequences`;
CREATE TABLE `sequences` (
  `name` varchar(255) NOT NULL default '',
  `id` int(10) unsigned NOT NULL default '0',
  PRIMARY KEY  (`name`)
) ENGINE=MyISAM DEFAULT CHARSET=utf8;

--
-- Dumping data for table `sequences`
--

LOCK TABLES `sequences` WRITE;
/*!40000 ALTER TABLE `sequences` DISABLE KEYS */;
INSERT INTO `sequences` VALUES ('users_uid',5),('menu_mid',102),('node_nid',20),('node_revisions_vid',20);
/*!40000 ALTER TABLE `sequences` ENABLE KEYS */;
UNLOCK TABLES;

--
-- Table structure for table `sessions`
--

DROP TABLE IF EXISTS `sessions`;
CREATE TABLE `sessions` (
  `uid` int(10) unsigned NOT NULL,
  `sid` varchar(64) NOT NULL default '',
  `hostname` varchar(128) NOT NULL default '',
  `timestamp` int(11) NOT NULL default '0',
  `cache` int(11) NOT NULL default '0',
  `session` longtext,
  PRIMARY KEY  (`sid`),
  KEY `uid` (`uid`),
  KEY `timestamp` (`timestamp`)
) ENGINE=MyISAM DEFAULT CHARSET=utf8;

--
-- Dumping data for table `sessions`
--

LOCK TABLES `sessions` WRITE;
/*!40000 ALTER TABLE `sessions` DISABLE KEYS */;
INSERT INTO `sessions` VALUES (1,'52f118f8ff4bed713bc425840472db2c','127.0.0.1',1205154556,0,'form|a:27:{s:32:\"37e8d65098be038c72a603a43a28bb77\";a:2:{s:9:\"timestamp\";i:1205146164;s:4:\"args\";a:1:{i:0;s:14:\"system_modules\";}}s:32:\"bf3106c5f616b3b2babaaa26a0eeb61d\";a:2:{s:9:\"timestamp\";i:1205146202;s:4:\"args\";a:1:{i:0;s:14:\"system_modules\";}}s:32:\"5f1d51cde7dbfc3a66d0b2f4c7d35d94\";a:2:{s:9:\"timestamp\";i:1205146232;s:4:\"args\";a:1:{i:0;s:14:\"system_modules\";}}s:32:\"0229f1681c4ff9806cd606e30fd75a80\";a:2:{s:9:\"timestamp\";i:1205146238;s:4:\"args\";a:1:{i:0;s:14:\"system_modules\";}}s:32:\"28b477f9f99df3adb71235858802df00\";a:2:{s:9:\"timestamp\";i:1205146266;s:4:\"args\";a:1:{i:0;s:14:\"system_modules\";}}s:32:\"b87b3e9c8136842d05a8cd919c7bd395\";a:2:{s:9:\"timestamp\";i:1205146285;s:4:\"args\";a:1:{i:0;s:14:\"system_modules\";}}s:32:\"48ecb6be4cab16530fefdab5e7ad8745\";a:2:{s:9:\"timestamp\";i:1205151050;s:4:\"args\";a:1:{i:0;s:14:\"system_modules\";}}s:32:\"8b12a0d07bf52053f6d2ef18856ed209\";a:2:{s:9:\"timestamp\";i:1205151075;s:4:\"args\";a:1:{i:0;s:14:\"system_modules\";}}s:32:\"3aefb4c7de1719f65d3f5cd3b7d8c320\";a:2:{s:9:\"timestamp\";i:1205151078;s:4:\"args\";a:1:{i:0;s:14:\"system_modules\";}}s:32:\"a0adfc40f337ce8b9c804d7e5be038e1\";a:2:{s:9:\"timestamp\";i:1205151135;s:4:\"args\";a:1:{i:0;s:14:\"system_modules\";}}s:32:\"107f01e34331d6021770eaaee82aab0f\";a:2:{s:9:\"timestamp\";i:1205151140;s:4:\"args\";a:1:{i:0;s:14:\"system_modules\";}}s:32:\"627cdeb524e954ee0b1382e50aeb083a\";a:2:{s:9:\"timestamp\";i:1205151146;s:4:\"args\";a:1:{i:0;s:14:\"system_modules\";}}s:32:\"b6a7494d7e0d4998e65958244e100b55\";a:2:{s:9:\"timestamp\";i:1205151170;s:4:\"args\";a:1:{i:0;s:14:\"system_modules\";}}s:32:\"a24009a335b41856ad45379e29b3388b\";a:2:{s:9:\"timestamp\";i:1205151170;s:4:\"args\";a:1:{i:0;s:14:\"system_modules\";}}s:32:\"30fb3c0bbbb28834e623cadada41c414\";a:2:{s:9:\"timestamp\";i:1205151172;s:4:\"args\";a:1:{i:0;s:14:\"system_modules\";}}s:32:\"e9f12eeb9d0e554cb4f8b7365835977a\";a:2:{s:9:\"timestamp\";i:1205151174;s:4:\"args\";a:1:{i:0;s:14:\"system_modules\";}}s:32:\"158e52968d2f8654005ea3f2493b64bd\";a:2:{s:9:\"timestamp\";i:1205151180;s:4:\"args\";a:1:{i:0;s:14:\"system_modules\";}}s:32:\"4ea14d48fb5c28e71cf6ab7f470a7df5\";a:2:{s:9:\"timestamp\";i:1205151182;s:4:\"args\";a:1:{i:0;s:14:\"system_modules\";}}s:32:\"b03a36dedf30bef2377750585a286462\";a:2:{s:9:\"timestamp\";i:1205151185;s:4:\"args\";a:1:{i:0;s:14:\"system_modules\";}}s:32:\"44736681b8152ee46d6f73e4f8222db7\";a:2:{s:9:\"timestamp\";i:1205151189;s:4:\"args\";a:1:{i:0;s:14:\"system_modules\";}}s:32:\"408769605454ce29e2906042c30dcbae\";a:2:{s:9:\"timestamp\";i:1205151191;s:4:\"args\";a:1:{i:0;s:14:\"system_modules\";}}s:32:\"f24ed615ed63cbfe148c8f9e4f9efbd9\";a:2:{s:9:\"timestamp\";i:1205151312;s:4:\"args\";a:1:{i:0;s:14:\"system_modules\";}}s:32:\"8b3a9524f2dbea179c6c6cd59b895780\";a:2:{s:9:\"timestamp\";i:1205151314;s:4:\"args\";a:1:{i:0;s:14:\"system_modules\";}}s:32:\"a1d10a5221092e175d17927cbaf8897d\";a:2:{s:9:\"timestamp\";i:1205151679;s:4:\"args\";a:1:{i:0;s:14:\"system_modules\";}}s:32:\"38f2049b90bf0854f9067f92ada6868d\";a:2:{s:9:\"timestamp\";i:1205154469;s:4:\"args\";a:1:{i:0;s:14:\"system_modules\";}}s:32:\"40ccf5623dcb8ea86a343013661ccb13\";a:2:{s:9:\"timestamp\";i:1205154494;s:4:\"args\";a:1:{i:0;s:14:\"system_modules\";}}s:32:\"45dc26de7e7d3fedab0b5b7c039d3c1f\";a:2:{s:9:\"timestamp\";i:1205154556;s:4:\"args\";a:1:{i:0;s:14:\"system_modules\";}}}node_overview_filter|a:0:{}'),(0,'7971c1198a2e613b4c2f3b6104c98002','127.0.0.1',1205169818,0,''),(1,'9d872a4806fe84ce9042eb49b3f7b883','127.0.0.1',1205266311,0,''),(1,'sq2im71admgi6olnh23jqqndf0','127.0.0.1',1205261174,0,''),(1,'5bj3snnr8bvp97gjgbva3p5i42','127.0.0.1',1205341048,0,'node_overview_filter|a:0:{}'),(1,'cb1d8cd9d070c777d7c046293eee2b1f','127.0.0.1',1205332367,0,'node_overview_filter|a:0:{}'),(1,'l60isju7gnprv86onu2bfofli7','127.0.0.1',1205422335,0,'node_overview_filter|a:0:{}'),(1,'ad97b765ae389297c8f71bef278bdbbb','192.168.20.30',1205440906,0,''),(1,'14b5ee92bb916b1706bcb035d8ae19c8','84.114.15.229',1205457523,0,'node_overview_filter|a:0:{}form|a:2:{s:32:\"7bafc4b34550dff70ef755b4aa542ea2\";a:2:{s:9:\"timestamp\";i:1205456217;s:4:\"args\";a:1:{i:0;s:14:\"system_modules\";}}s:32:\"3c7987b0b38e8637c3374d181bed69ee\";a:2:{s:9:\"timestamp\";i:1205456229;s:4:\"args\";a:1:{i:0;s:14:\"system_modules\";}}}user_overview_filter|a:0:{}'),(1,'b8d255ba10b234d9fbff98dfa09bc25a','88.72.247.161',1205439972,0,'form|a:1:{s:32:\"438a927d66f50468a74806ae9e90867f\";a:2:{s:9:\"timestamp\";i:1205427894;s:4:\"args\";a:1:{i:0;s:14:\"system_modules\";}}}'),(1,'7fb6a83a150c29b16d4a26cfb25b7069','86.45.212.103',1205453282,0,''),(0,'e7160095c262d559a1009bfae3f6d7fb','192.168.20.54',1205443659,0,''),(0,'e8459d18695a72589bcd7ee73db4f87c','192.168.20.54',1205432453,0,''),(0,'460933d9598540efa47c9a97a1118957','86.45.204.27',1205448028,0,''),(2,'6437039b0de9046360cbf41c26b7a2d8','84.114.15.229',1205457249,0,''),(1,'e7b5d57754d58911a3f564bd26de33df','89.100.17.156',1205456574,0,'');
/*!40000 ALTER TABLE `sessions` ENABLE KEYS */;
UNLOCK TABLES;

--
-- Table structure for table `system`
--

DROP TABLE IF EXISTS `system`;
CREATE TABLE `system` (
  `filename` varchar(255) NOT NULL default '',
  `name` varchar(255) NOT NULL default '',
  `type` varchar(255) NOT NULL default '',
  `description` varchar(255) NOT NULL default '',
  `status` int(11) NOT NULL default '0',
  `throttle` tinyint(4) NOT NULL default '0',
  `bootstrap` int(11) NOT NULL default '0',
  `schema_version` smallint(6) NOT NULL default '-1',
  `weight` int(11) NOT NULL default '0',
  PRIMARY KEY  (`filename`),
  KEY `weight` (`weight`)
) ENGINE=MyISAM DEFAULT CHARSET=utf8;

--
-- Dumping data for table `system`
--

LOCK TABLES `system` WRITE;
/*!40000 ALTER TABLE `system` DISABLE KEYS */;
INSERT INTO `system` VALUES ('themes/garland/minnelli/style.css','minnelli','theme','themes/garland/page.tpl.php',0,0,0,-1,0),('modules/system/system.module','system','module','Handles general site configuration for administrators.',1,0,0,1022,0),('modules/aggregator/aggregator.module','aggregator','module','Aggregates syndicated content (RSS, RDF, and Atom feeds).',0,0,0,-1,0),('modules/block/block.module','block','module','Controls the boxes that are displayed around the main content.',1,0,0,0,0),('modules/blog/blog.module','blog','module','Enables keeping easily and regularly updated user web pages or blogs.',0,0,0,-1,0),('modules/blogapi/blogapi.module','blogapi','module','Allows users to post content using applications that support XML-RPC blog APIs.',0,0,0,-1,0),('modules/book/book.module','book','module','Allows users to collaboratively author a book.',0,0,0,-1,0),('modules/color/color.module','color','module','Allows the user to change the color scheme of certain themes.',1,0,0,0,0),('modules/comment/comment.module','comment','module','Allows users to comment on and discuss published content.',1,0,0,1,0),('modules/contact/contact.module','contact','module','Enables the use of both personal and site-wide contact forms.',0,0,0,-1,0),('modules/drupal/drupal.module','drupal','module','Lets you register your site with a central server and improve ranking of Drupal projects by posting information on your installed modules and themes',0,0,0,-1,0),('modules/filter/filter.module','filter','module','Handles the filtering of content in preparation for display.',1,0,0,0,0),('modules/forum/forum.module','forum','module','Enables threaded discussions about general topics.',0,0,0,-1,0),('modules/help/help.module','help','module','Manages the display of online help.',1,0,0,0,0),('modules/legacy/legacy.module','legacy','module','Provides legacy handlers for upgrades from older Drupal installations.',0,0,0,-1,0),('modules/locale/locale.module','locale','module','Enables the translation of the user interface to languages other than English.',0,0,0,-1,0),('modules/menu/menu.module','menu','module','Allows administrators to customize the site navigation menu.',1,0,0,0,0),('modules/node/node.module','node','module','Allows content to be submitted to the site and displayed on pages.',1,0,0,0,0),('modules/path/path.module','path','module','Allows users to rename URLs.',1,0,0,0,0),('modules/ping/ping.module','ping','module','Alerts other sites when your site has been updated.',0,0,0,-1,0),('modules/poll/poll.module','poll','module','Allows your site to capture votes on different topics in the form of multiple choice questions.',0,0,0,-1,0),('modules/profile/profile.module','profile','module','Supports configurable user profiles.',0,0,0,-1,0),('modules/search/search.module','search','module','Enables site-wide keyword searching.',0,0,0,-1,0),('modules/statistics/statistics.module','statistics','module','Logs access statistics for your site.',0,0,0,-1,0),('modules/taxonomy/taxonomy.module','taxonomy','module','Enables the categorization of content.',0,0,0,0,0),('modules/throttle/throttle.module','throttle','module','Handles the auto-throttling mechanism, to control site congestion.',0,0,0,-1,0),('modules/tracker/tracker.module','tracker','module','Enables tracking of recent posts for users.',0,0,0,-1,0),('modules/upload/upload.module','upload','module','Allows users to upload and attach files to content.',0,0,0,-1,0),('modules/user/user.module','user','module','Manages the user registration and login system.',1,0,0,0,0),('modules/watchdog/watchdog.module','watchdog','module','Logs and records system events.',1,0,0,0,0),('sites/all/modules/cck/content.module','content','module','Allows administrators to define new content types.',1,0,1,1008,0),('sites/all/modules/cck/content_copy.module','content_copy','module','Enables ability to import/export field definitions.',0,0,0,-1,0),('sites/all/modules/cck/fieldgroup.module','fieldgroup','module','Create field groups for CCK fields.',0,0,0,-1,0),('sites/all/modules/cck/nodereference.module','nodereference','module','Defines a field type for referencing one node from another.',1,0,0,3,0),('sites/all/modules/cck/number.module','number','module','Defines numeric field types.',0,0,0,5,0),('sites/all/modules/cck/optionwidgets.module','optionwidgets','module','Defines selection, check box and radio button widgets for text and numeric fields.',1,0,0,1,0),('sites/all/modules/cck/text.module','text','module','Defines simple text field types.',1,0,0,5,0),('sites/all/modules/cck/userreference.module','userreference','module','Defines a field type for referencing a user from a node.',1,0,0,4,0),('themes/engines/phptemplate/phptemplate.engine','phptemplate','theme_engine','',1,0,0,-1,0),('themes/chameleon/marvin/style.css','marvin','theme','themes/chameleon/chameleon.theme',0,0,0,-1,0),('themes/pushbutton/page.tpl.php','pushbutton','theme','themes/engines/phptemplate/phptemplate.engine',0,0,0,-1,0),('themes/chameleon/chameleon.theme','chameleon','theme','themes/chameleon/chameleon.theme',0,0,0,-1,0),('themes/bluemarine/page.tpl.php','bluemarine','theme','themes/engines/phptemplate/phptemplate.engine',0,0,0,-1,0),('themes/garland/page.tpl.php','garland','theme','themes/engines/phptemplate/phptemplate.engine',1,0,0,-1,0),('sites/all/modules/token/token.module','token','module','Provides a shared API for replacement of textual placeholders with actual data.',0,0,0,1,10),('sites/all/modules/pathauto/pathauto.module','pathauto','module','Provides a mechanism for modules to automatically generate aliases for the content they manage.',0,0,0,6,1),('sites/all/modules/tokenize/tokenize.module','tokenize','module','Provides configurable, automatic tokenization of CCK widgets.',0,0,0,0,0),('sites/all/modules/devel/devel.module','devel','module','Various blocks, pages, and functions for developers.',1,0,1,5,88),('sites/all/modules/devel/devel_generate.module','devel_generate','module','Generate dummy users, nodes, and taxonomy terms.',0,0,0,-1,0),('sites/all/modules/devel/devel_node_access.module','devel_node_access','module','Developer block and page illustrating relevant node_access records.',0,0,0,-1,0),('sites/all/modules/devel/macro.module','macro','module','Allows administrators to record and playback form submissions.',0,0,0,-1,0),('sites/all/modules/multiselect/multiselect.module','multiselect','module','Defines multiple selection field type, to allow easier multi-selection for users.',1,0,0,0,0),('sites/all/modules/neologism/neologism.module','neologism','module','Allows users to easily publish their own vocabulary online.',1,0,0,0,0);
/*!40000 ALTER TABLE `system` ENABLE KEYS */;
UNLOCK TABLES;

--
-- Table structure for table `term_data`
--

DROP TABLE IF EXISTS `term_data`;
CREATE TABLE `term_data` (
  `tid` int(10) unsigned NOT NULL auto_increment,
  `vid` int(10) unsigned NOT NULL default '0',
  `name` varchar(255) NOT NULL default '',
  `description` longtext,
  `weight` tinyint(4) NOT NULL default '0',
  PRIMARY KEY  (`tid`),
  KEY `vid` (`vid`)
) ENGINE=MyISAM DEFAULT CHARSET=utf8;

--
-- Dumping data for table `term_data`
--

LOCK TABLES `term_data` WRITE;
/*!40000 ALTER TABLE `term_data` DISABLE KEYS */;
/*!40000 ALTER TABLE `term_data` ENABLE KEYS */;
UNLOCK TABLES;

--
-- Table structure for table `term_hierarchy`
--

DROP TABLE IF EXISTS `term_hierarchy`;
CREATE TABLE `term_hierarchy` (
  `tid` int(10) unsigned NOT NULL default '0',
  `parent` int(10) unsigned NOT NULL default '0',
  PRIMARY KEY  (`tid`,`parent`),
  KEY `tid` (`tid`),
  KEY `parent` (`parent`)
) ENGINE=MyISAM DEFAULT CHARSET=utf8;

--
-- Dumping data for table `term_hierarchy`
--

LOCK TABLES `term_hierarchy` WRITE;
/*!40000 ALTER TABLE `term_hierarchy` DISABLE KEYS */;
/*!40000 ALTER TABLE `term_hierarchy` ENABLE KEYS */;
UNLOCK TABLES;

--
-- Table structure for table `term_node`
--

DROP TABLE IF EXISTS `term_node`;
CREATE TABLE `term_node` (
  `nid` int(10) unsigned NOT NULL default '0',
  `tid` int(10) unsigned NOT NULL default '0',
  PRIMARY KEY  (`tid`,`nid`),
  KEY `nid` (`nid`),
  KEY `tid` (`tid`)
) ENGINE=MyISAM DEFAULT CHARSET=utf8;

--
-- Dumping data for table `term_node`
--

LOCK TABLES `term_node` WRITE;
/*!40000 ALTER TABLE `term_node` DISABLE KEYS */;
/*!40000 ALTER TABLE `term_node` ENABLE KEYS */;
UNLOCK TABLES;

--
-- Table structure for table `term_relation`
--

DROP TABLE IF EXISTS `term_relation`;
CREATE TABLE `term_relation` (
  `tid1` int(10) unsigned NOT NULL default '0',
  `tid2` int(10) unsigned NOT NULL default '0',
  KEY `tid1` (`tid1`),
  KEY `tid2` (`tid2`)
) ENGINE=MyISAM DEFAULT CHARSET=utf8;

--
-- Dumping data for table `term_relation`
--

LOCK TABLES `term_relation` WRITE;
/*!40000 ALTER TABLE `term_relation` DISABLE KEYS */;
/*!40000 ALTER TABLE `term_relation` ENABLE KEYS */;
UNLOCK TABLES;

--
-- Table structure for table `term_synonym`
--

DROP TABLE IF EXISTS `term_synonym`;
CREATE TABLE `term_synonym` (
  `tid` int(10) unsigned NOT NULL default '0',
  `name` varchar(255) NOT NULL default '',
  KEY `tid` (`tid`),
  KEY `name` (`name`(3))
) ENGINE=MyISAM DEFAULT CHARSET=utf8;

--
-- Dumping data for table `term_synonym`
--

LOCK TABLES `term_synonym` WRITE;
/*!40000 ALTER TABLE `term_synonym` DISABLE KEYS */;
/*!40000 ALTER TABLE `term_synonym` ENABLE KEYS */;
UNLOCK TABLES;

--
-- Table structure for table `tokenize`
--

DROP TABLE IF EXISTS `tokenize`;
CREATE TABLE `tokenize` (
  `field_name` varchar(32) NOT NULL default '0',
  `type_name` varchar(32) NOT NULL default '0',
  `method` int(1) NOT NULL default '0'
) ENGINE=MyISAM DEFAULT CHARSET=utf8;

--
-- Dumping data for table `tokenize`
--

LOCK TABLES `tokenize` WRITE;
/*!40000 ALTER TABLE `tokenize` DISABLE KEYS */;
/*!40000 ALTER TABLE `tokenize` ENABLE KEYS */;
UNLOCK TABLES;

--
-- Table structure for table `url_alias`
--

DROP TABLE IF EXISTS `url_alias`;
CREATE TABLE `url_alias` (
  `pid` int(10) unsigned NOT NULL auto_increment,
  `src` varchar(128) NOT NULL default '',
  `dst` varchar(128) NOT NULL default '',
  PRIMARY KEY  (`pid`),
  UNIQUE KEY `dst` (`dst`),
  KEY `src` (`src`)
) ENGINE=MyISAM AUTO_INCREMENT=111 DEFAULT CHARSET=utf8;

--
-- Dumping data for table `url_alias`
--

LOCK TABLES `url_alias` WRITE;
/*!40000 ALTER TABLE `url_alias` DISABLE KEYS */;
INSERT INTO `url_alias` VALUES (103,'node/1','neologism/bowling'),(3,'node/1/feed','neologism/bowling/feed'),(16,'node/5','neologism/bowling/bowlingTeam'),(5,'node/5/feed','neologism/bowling/bowlingTeam/feed'),(104,'node/1/html','neologism/bowling/html'),(105,'node/1/rdfs','neologism/bowling/rdfs'),(106,'node/1/xml','neologism/bowling/xml'),(79,'node/16/xml','neologism/cars/xml'),(78,'node/16/rdfs','neologism/cars/rdfs'),(77,'node/16/html','neologism/cars/html'),(76,'node/16','neologism/cars'),(107,'node/1/layout','neologism/bowling/layout'),(108,'node/1/diagram','neologism/bowling/diagram'),(80,'node/16/layout','neologism/cars/layout'),(81,'node/16/diagram','neologism/cars/diagram'),(109,'node/1/write/layout','neologism/bowling/write/layout'),(110,'node/1/write/image','neologism/bowling/write/image'),(82,'node/16/write/layout','neologism/cars/write/layout'),(83,'node/16/write/image','neologism/cars/write/image');
/*!40000 ALTER TABLE `url_alias` ENABLE KEYS */;
UNLOCK TABLES;

--
-- Table structure for table `url_alias_extra`
--

DROP TABLE IF EXISTS `url_alias_extra`;
CREATE TABLE `url_alias_extra` (
  `pid` int(10) unsigned NOT NULL default '0',
  `dst` varchar(128) NOT NULL default '',
  `entity_type` varchar(20) default NULL,
  `entity_id` int(10) unsigned default NULL,
  `created_by` varchar(20) default NULL,
  PRIMARY KEY  (`pid`),
  UNIQUE KEY `dst` (`dst`)
) ENGINE=MyISAM DEFAULT CHARSET=utf8;

--
-- Dumping data for table `url_alias_extra`
--

LOCK TABLES `url_alias_extra` WRITE;
/*!40000 ALTER TABLE `url_alias_extra` DISABLE KEYS */;
/*!40000 ALTER TABLE `url_alias_extra` ENABLE KEYS */;
UNLOCK TABLES;

--
-- Table structure for table `users`
--

DROP TABLE IF EXISTS `users`;
CREATE TABLE `users` (
  `uid` int(10) unsigned NOT NULL default '0',
  `name` varchar(60) NOT NULL default '',
  `pass` varchar(32) NOT NULL default '',
  `mail` varchar(64) default '',
  `mode` tinyint(4) NOT NULL default '0',
  `sort` tinyint(4) default '0',
  `threshold` tinyint(4) default '0',
  `theme` varchar(255) NOT NULL default '',
  `signature` varchar(255) NOT NULL default '',
  `created` int(11) NOT NULL default '0',
  `access` int(11) NOT NULL default '0',
  `login` int(11) NOT NULL default '0',
  `status` tinyint(4) NOT NULL default '0',
  `timezone` varchar(8) default NULL,
  `language` varchar(12) NOT NULL default '',
  `picture` varchar(255) NOT NULL default '',
  `init` varchar(64) default '',
  `data` longtext,
  PRIMARY KEY  (`uid`),
  UNIQUE KEY `name` (`name`),
  KEY `created` (`created`),
  KEY `access` (`access`)
) ENGINE=MyISAM DEFAULT CHARSET=utf8;

--
-- Dumping data for table `users`
--

LOCK TABLES `users` WRITE;
/*!40000 ALTER TABLE `users` DISABLE KEYS */;
INSERT INTO `users` VALUES (0,'','','',0,0,0,'','',0,0,0,0,NULL,'','','',NULL),(1,'admin','72eaf57159913c34c3f3ae61de2434ab','scorlosquet@gmail.com',0,0,0,'','',1205143828,1205457523,1205456549,1,'0','','','scorlosquet@gmail.com','a:1:{s:18:\"admin_compact_mode\";b:0;}'),(2,'John','fe01ce2a7fbac8fafaed7c982a04e229','de@fr.fr',0,0,0,'','',1205456443,1205457249,1205457196,1,'0','','','de@fr.fr','a:0:{}'),(3,'Edward','c106f3801a00687dd7a9b5ea0ce6ec70','de1@fr.fr',0,0,0,'','',1205456463,0,0,1,NULL,'','','de1@fr.fr','a:0:{}'),(4,'Henry','de20d9767210634dcfdf8761f0b598a0','de2@fr.fr',0,0,0,'','',1205456477,0,0,1,NULL,'','','de2@fr.fr','a:0:{}'),(5,'James','0c39c71806044dc1719604a7f04b65c6','de3@fr.fr',0,0,0,'','',1205456494,0,0,1,NULL,'','','de3@fr.fr','a:0:{}');
/*!40000 ALTER TABLE `users` ENABLE KEYS */;
UNLOCK TABLES;

--
-- Table structure for table `users_roles`
--

DROP TABLE IF EXISTS `users_roles`;
CREATE TABLE `users_roles` (
  `uid` int(10) unsigned NOT NULL default '0',
  `rid` int(10) unsigned NOT NULL default '0',
  PRIMARY KEY  (`uid`,`rid`)
) ENGINE=MyISAM DEFAULT CHARSET=utf8;

--
-- Dumping data for table `users_roles`
--

LOCK TABLES `users_roles` WRITE;
/*!40000 ALTER TABLE `users_roles` DISABLE KEYS */;
INSERT INTO `users_roles` VALUES (2,3);
/*!40000 ALTER TABLE `users_roles` ENABLE KEYS */;
UNLOCK TABLES;

--
-- Table structure for table `variable`
--

DROP TABLE IF EXISTS `variable`;
CREATE TABLE `variable` (
  `name` varchar(128) NOT NULL default '',
  `value` longtext NOT NULL,
  PRIMARY KEY  (`name`)
) ENGINE=MyISAM DEFAULT CHARSET=utf8;

--
-- Dumping data for table `variable`
--

LOCK TABLES `variable` WRITE;
/*!40000 ALTER TABLE `variable` DISABLE KEYS */;
INSERT INTO `variable` VALUES ('theme_default','s:7:\"garland\";'),('filter_html_1','i:1;'),('node_options_forum','a:1:{i:0;s:6:\"status\";}'),('menu_primary_menu','i:53;'),('menu_secondary_menu','i:53;'),('install_profile','s:7:\"default\";'),('node_options_page','a:1:{i:0;s:6:\"status\";}'),('comment_page','i:0;'),('theme_settings','a:1:{s:21:\"toggle_node_info_page\";b:0;}'),('drupal_private_key','s:64:\"6414d1192e845910fb9a4a80e4a86246ddd4e62f279a1a0a55fe3e86933c8db5\";'),('content_schema_version','i:1003;'),('file_directory_temp','s:26:\"/Applications/MAMP/tmp/php\";'),('node_options_class','a:1:{i:0;s:6:\"status\";}'),('comment_class','s:1:\"2\";'),('node_options_property','a:1:{i:0;s:6:\"status\";}'),('comment_property','s:1:\"2\";'),('node_options_vocabulary','a:2:{i:0;s:6:\"status\";i:1;s:7:\"promote\";}'),('comment_vocabulary','s:1:\"2\";'),('clean_url','s:1:\"1\";'),('site_name','s:9:\"Neologism\";'),('site_mail','s:21:\"scorlosquet@gmail.com\";'),('site_slogan','s:26:\"Easy Vocabulary Publishing\";'),('site_mission','s:0:\"\";'),('site_footer','s:0:\"\";'),('anonymous','s:9:\"Anonymous\";'),('site_frontpage','s:4:\"node\";'),('theme_garland_settings','a:20:{s:11:\"toggle_logo\";i:1;s:11:\"toggle_name\";i:1;s:13:\"toggle_slogan\";i:1;s:14:\"toggle_mission\";i:1;s:24:\"toggle_node_user_picture\";i:0;s:27:\"toggle_comment_user_picture\";i:0;s:13:\"toggle_search\";i:0;s:14:\"toggle_favicon\";i:1;s:12:\"default_logo\";i:1;s:9:\"logo_path\";s:0:\"\";s:11:\"logo_upload\";s:0:\"\";s:15:\"default_favicon\";i:1;s:12:\"favicon_path\";s:0:\"\";s:14:\"favicon_upload\";s:0:\"\";s:2:\"op\";s:18:\"Save configuration\";s:10:\"form_token\";s:32:\"85f9ecf83893b3bbc9f9abab0bb86dfe\";s:6:\"scheme\";s:39:\"#0072b9,#027ac6,#2385c2,#5ab5ee,#494949\";s:7:\"palette\";a:5:{s:4:\"base\";s:7:\"#0072b9\";s:4:\"link\";s:7:\"#027ac6\";s:3:\"top\";s:7:\"#2385c2\";s:6:\"bottom\";s:7:\"#5ab5ee\";s:4:\"text\";s:7:\"#494949\";}s:5:\"theme\";s:7:\"garland\";s:4:\"info\";a:9:{s:7:\"schemes\";a:16:{s:39:\"#0072b9,#027ac6,#2385c2,#5ab5ee,#494949\";s:21:\"Blue Lagoon (Default)\";s:39:\"#464849,#2f416f,#2a2b2d,#5d6779,#494949\";s:3:\"Ash\";s:39:\"#55c0e2,#000000,#085360,#007e94,#696969\";s:10:\"Aquamarine\";s:39:\"#d5b048,#6c420e,#331900,#971702,#494949\";s:17:\"Belgian Chocolate\";s:39:\"#3f3f3f,#336699,#6598cb,#6598cb,#000000\";s:10:\"Bluemarine\";s:39:\"#d0cb9a,#917803,#efde01,#e6fb2d,#494949\";s:12:\"Citrus Blast\";s:39:\"#0f005c,#434f8c,#4d91ff,#1a1575,#000000\";s:8:\"Cold Day\";s:39:\"#c9c497,#0c7a00,#03961e,#7be000,#494949\";s:9:\"Greenbeam\";s:39:\"#ffe23d,#a9290a,#fc6d1d,#a30f42,#494949\";s:11:\"Mediterrano\";s:39:\"#788597,#3f728d,#a9adbc,#d4d4d4,#707070\";s:7:\"Mercury\";s:39:\"#5b5fa9,#5b5faa,#0a2352,#9fa8d5,#494949\";s:9:\"Nocturnal\";s:39:\"#7db323,#6a9915,#b5d52a,#7db323,#191a19\";s:6:\"Olivia\";s:39:\"#12020b,#1b1a13,#f391c6,#f41063,#898080\";s:12:\"Pink Plastic\";s:39:\"#b7a0ba,#c70000,#a1443a,#f21107,#515d52\";s:12:\"Shiny Tomato\";s:39:\"#18583d,#1b5f42,#34775a,#52bf90,#2d2d2d\";s:8:\"Teal Top\";s:0:\"\";s:6:\"Custom\";}s:4:\"copy\";a:3:{i:0;s:25:\"images/menu-collapsed.gif\";i:1;s:24:\"images/menu-expanded.gif\";i:2;s:20:\"images/menu-leaf.gif\";}s:8:\"gradient\";a:4:{i:0;i:0;i:1;i:37;i:2;i:760;i:3;i:121;}s:4:\"fill\";a:2:{s:4:\"base\";a:4:{i:0;i:0;i:1;i:0;i:2;i:760;i:3;i:568;}s:4:\"link\";a:4:{i:0;i:107;i:1;i:533;i:2;i:41;i:3;i:23;}}s:6:\"slices\";a:13:{s:15:\"images/body.png\";a:4:{i:0;i:0;i:1;i:37;i:2;i:1;i:3;i:280;}s:17:\"images/bg-bar.png\";a:4:{i:0;i:202;i:1;i:530;i:2;i:76;i:3;i:14;}s:23:\"images/bg-bar-white.png\";a:4:{i:0;i:202;i:1;i:506;i:2;i:76;i:3;i:14;}s:17:\"images/bg-tab.png\";a:4:{i:0;i:107;i:1;i:533;i:2;i:41;i:3;i:23;}s:24:\"images/bg-navigation.png\";a:4:{i:0;i:0;i:1;i:0;i:2;i:7;i:3;i:37;}s:26:\"images/bg-content-left.png\";a:4:{i:0;i:40;i:1;i:117;i:2;i:50;i:3;i:352;}s:27:\"images/bg-content-right.png\";a:4:{i:0;i:510;i:1;i:117;i:2;i:50;i:3;i:352;}s:21:\"images/bg-content.png\";a:4:{i:0;i:299;i:1;i:117;i:2;i:7;i:3;i:200;}s:29:\"images/bg-navigation-item.png\";a:4:{i:0;i:32;i:1;i:37;i:2;i:17;i:3;i:12;}s:35:\"images/bg-navigation-item-hover.png\";a:4:{i:0;i:54;i:1;i:37;i:2;i:17;i:3;i:12;}s:25:\"images/gradient-inner.png\";a:4:{i:0;i:646;i:1;i:307;i:2;i:112;i:3;i:42;}s:8:\"logo.png\";a:4:{i:0;i:622;i:1;i:51;i:2;i:64;i:3;i:73;}s:14:\"screenshot.png\";a:4:{i:0;i:0;i:1;i:37;i:2;i:400;i:3;i:240;}}s:12:\"blend_target\";s:7:\"#ffffff\";s:13:\"preview_image\";s:17:\"color/preview.png\";s:11:\"preview_css\";s:17:\"color/preview.css\";s:10:\"base_image\";s:14:\"color/base.png\";}}'),('pathauto_modulelist','a:2:{i:0;s:4:\"node\";i:1;s:4:\"user\";}'),('pathauto_taxonomy_supportsfeeds','s:6:\"0/feed\";'),('pathauto_taxonomy_pattern','s:34:\"category/[vocab-raw]/[catpath-raw]\";'),('pathauto_taxonomy_bulkupdate','i:0;'),('pathauto_taxonomy_2_pattern','s:0:\"\";'),('pathauto_taxonomy_1_pattern','s:0:\"\";'),('pathauto_ignore_words','s:0:\"\";'),('pathauto_punctuation_double_quotes','s:1:\"0\";'),('pathauto_indexaliases','b:0;'),('pathauto_indexaliases_bulkupdate','b:0;'),('pathauto_max_component_length','s:3:\"100\";'),('pathauto_max_length','s:3:\"100\";'),('pathauto_node_bulkupdate','i:0;'),('pathauto_node_forum_pattern','s:0:\"\";'),('pathauto_node_image_pattern','s:0:\"\";'),('pathauto_node_page_pattern','s:0:\"\";'),('pathauto_node_pattern','s:0:\"\";'),('pathauto_node_story_pattern','s:0:\"\";'),('pathauto_separator','s:1:\"-\";'),('pathauto_update_action','s:1:\"2\";'),('pathauto_user_bulkupdate','i:0;'),('pathauto_user_pattern','s:16:\"users/[user-raw]\";'),('pathauto_user_supportsfeeds','N;'),('pathauto_verbose','i:1;'),('pathauto_transliterate','b:0;'),('pathauto_node_supportsfeeds','s:4:\"feed\";'),('pathauto_case','s:1:\"0\";'),('pathauto_max_bulk_update','s:2:\"50\";'),('pathauto_reduce_ascii','i:0;'),('pathauto_punctuation_quotes','s:1:\"0\";'),('pathauto_punctuation_backtick','s:1:\"0\";'),('pathauto_punctuation_comma','s:1:\"0\";'),('pathauto_punctuation_period','s:1:\"0\";'),('pathauto_punctuation_hyphen','s:1:\"1\";'),('pathauto_punctuation_underscore','s:1:\"0\";'),('pathauto_punctuation_colon','s:1:\"0\";'),('pathauto_punctuation_semicolon','s:1:\"0\";'),('pathauto_punctuation_pipe','s:1:\"0\";'),('pathauto_punctuation_left_curly','s:1:\"0\";'),('pathauto_punctuation_left_square','s:1:\"0\";'),('pathauto_punctuation_right_curly','s:1:\"0\";'),('pathauto_punctuation_right_square','s:1:\"0\";'),('pathauto_punctuation_plus','s:1:\"0\";'),('pathauto_punctuation_equal','s:1:\"0\";'),('pathauto_punctuation_asterisk','s:1:\"0\";'),('pathauto_punctuation_ampersand','s:1:\"0\";'),('pathauto_punctuation_percent','s:1:\"0\";'),('pathauto_punctuation_caret','s:1:\"0\";'),('pathauto_punctuation_dollar','s:1:\"0\";'),('pathauto_punctuation_hash','s:1:\"2\";'),('pathauto_punctuation_at','s:1:\"0\";'),('pathauto_punctuation_exclamation','s:1:\"0\";'),('pathauto_punctuation_tilde','s:1:\"0\";'),('pathauto_punctuation_left_parenthesis','s:1:\"0\";'),('pathauto_punctuation_right_parenthesis','s:1:\"0\";'),('pathauto_punctuation_question_mark','s:1:\"0\";'),('pathauto_punctuation_less_than','s:1:\"0\";'),('pathauto_punctuation_greater_than','s:1:\"0\";'),('pathauto_punctuation_back_slash','s:1:\"0\";'),('update_access_fixed','b:1;'),('pathauto_node_property_pattern','s:0:\"\";'),('pathauto_node_applytofeeds','s:4:\"feed\";'),('pathauto_taxonomy_applytofeeds','s:0:\"\";'),('pathauto_node_class_pattern','s:0:\"\";'),('cron_last','i:1205431327;'),('pathauto_node_vocabulary_pattern','s:21:\"neologism/[title-raw]\";'),('user_register','s:1:\"2\";'),('user_email_verification','i:1;'),('user_registration_help','s:0:\"\";'),('user_mail_welcome_subject','s:38:\"Account details for !username at !site\";'),('user_mail_welcome_body','s:442:\"!username,\r\n\r\nThank you for registering at !site. You may now log in to !login_uri using the following username and password:\r\n\r\nusername: !username\r\npassword: !password\r\n\r\nYou may also log in by clicking on this link or copying and pasting it in your browser:\r\n\r\n!login_url\r\n\r\nThis is a one-time login, so it can be used only once.\r\n\r\nAfter logging in, you will be redirected to !edit_uri so you can change your password.\r\n\r\n\r\n--  !site team\";'),('user_mail_admin_subject','s:52:\"An administrator created an account for you at !site\";'),('user_mail_admin_body','s:468:\"!username,\r\n\r\nA site administrator at !site has created an account for you. You may now log in to !login_uri using the following username and password:\r\n\r\nusername: !username\r\npassword: !password\r\n\r\nYou may also log in by clicking on this link or copying and pasting it in your browser:\r\n\r\n!login_url\r\n\r\nThis is a one-time login, so it can be used only once.\r\n\r\nAfter logging in, you will be redirected to !edit_uri so you can change your password.\r\n\r\n\r\n--  !site team\";'),('user_mail_approval_subject','s:63:\"Account details for !username at !site (pending admin approval)\";'),('user_mail_approval_body','s:508:\"!username,\r\n\r\nThank you for registering at !site. Your application for an account is currently pending approval. Once it has been granted, you may log in to !login_uri using the following username and password:\r\n\r\nusername: !username\r\npassword: !password\r\n\r\nYou may also log in by clicking on this link or copying and pasting it in your browser:\r\n\r\n!login_url\r\n\r\nThis is a one-time login, so it can be used only once.\r\n\r\nAfter logging in, you may wish to change your password at !edit_uri\r\n\r\n\r\n--  !site team\";'),('user_mail_pass_subject','s:52:\"Replacement login information for !username at !site\";'),('user_mail_pass_body','s:419:\"!username,\r\n\r\nA request to reset the password for your account has been made at !site.\r\n\r\nYou may now log in to !uri_brief by clicking on this link or copying and pasting it in your browser:\r\n\r\n!login_url\r\n\r\nThis is a one-time login, so it can be used only once. It expires after one day and nothing will happen if it\'s not used.\r\n\r\nAfter logging in, you will be redirected to !edit_uri so you can change your password.\";'),('user_pictures','s:1:\"0\";'),('user_picture_path','s:8:\"pictures\";'),('user_picture_default','s:0:\"\";'),('user_picture_dimensions','s:5:\"85x85\";'),('user_picture_file_size','s:2:\"30\";'),('user_picture_guidelines','s:0:\"\";');
/*!40000 ALTER TABLE `variable` ENABLE KEYS */;
UNLOCK TABLES;

--
-- Table structure for table `vocabulary`
--

DROP TABLE IF EXISTS `vocabulary`;
CREATE TABLE `vocabulary` (
  `vid` int(10) unsigned NOT NULL auto_increment,
  `name` varchar(255) NOT NULL default '',
  `description` longtext,
  `help` varchar(255) NOT NULL default '',
  `relations` tinyint(3) unsigned NOT NULL default '0',
  `hierarchy` tinyint(3) unsigned NOT NULL default '0',
  `multiple` tinyint(3) unsigned NOT NULL default '0',
  `required` tinyint(3) unsigned NOT NULL default '0',
  `tags` tinyint(3) unsigned NOT NULL default '0',
  `module` varchar(255) NOT NULL default '',
  `weight` tinyint(4) NOT NULL default '0',
  PRIMARY KEY  (`vid`)
) ENGINE=MyISAM DEFAULT CHARSET=utf8;

--
-- Dumping data for table `vocabulary`
--

LOCK TABLES `vocabulary` WRITE;
/*!40000 ALTER TABLE `vocabulary` DISABLE KEYS */;
/*!40000 ALTER TABLE `vocabulary` ENABLE KEYS */;
UNLOCK TABLES;

--
-- Table structure for table `vocabulary_node_types`
--

DROP TABLE IF EXISTS `vocabulary_node_types`;
CREATE TABLE `vocabulary_node_types` (
  `vid` int(10) unsigned NOT NULL default '0',
  `type` varchar(32) NOT NULL default '',
  PRIMARY KEY  (`vid`,`type`)
) ENGINE=MyISAM DEFAULT CHARSET=utf8;

--
-- Dumping data for table `vocabulary_node_types`
--

LOCK TABLES `vocabulary_node_types` WRITE;
/*!40000 ALTER TABLE `vocabulary_node_types` DISABLE KEYS */;
/*!40000 ALTER TABLE `vocabulary_node_types` ENABLE KEYS */;
UNLOCK TABLES;

--
-- Table structure for table `watchdog`
--

DROP TABLE IF EXISTS `watchdog`;
CREATE TABLE `watchdog` (
  `wid` int(11) NOT NULL auto_increment,
  `uid` int(11) NOT NULL default '0',
  `type` varchar(16) NOT NULL default '',
  `message` longtext NOT NULL,
  `severity` tinyint(3) unsigned NOT NULL default '0',
  `link` varchar(255) NOT NULL default '',
  `location` text NOT NULL,
  `referer` varchar(128) NOT NULL default '',
  `hostname` varchar(128) NOT NULL default '',
  `timestamp` int(11) NOT NULL default '0',
  PRIMARY KEY  (`wid`),
  KEY `type` (`type`)
) ENGINE=MyISAM AUTO_INCREMENT=209 DEFAULT CHARSET=utf8;

--
-- Dumping data for table `watchdog`
--

LOCK TABLES `watchdog` WRITE;
/*!40000 ALTER TABLE `watchdog` DISABLE KEYS */;
INSERT INTO `watchdog` VALUES (1,0,'user','New user: <em>admin</em> <em>&lt;scorlosquet@gmail.com&gt;</em>.',0,'<a href=\"/dneo/?q=user/1/edit\">edit</a>','http://localhost/dneo/?q=user/register','http://localhost/dneo/?q=user/register','127.0.0.1',1205143828),(2,1,'node','Added content type <em>Class</em>.',0,'<a href=\"/dneo/?q=admin/content/types\">view</a>','http://localhost/dneo/?q=admin/content/types/add','http://localhost/dneo/?q=admin/content/types/add','127.0.0.1',1205146330),(3,1,'node','Added content type <em>Property</em>.',0,'<a href=\"/dneo/?q=admin/content/types\">view</a>','http://localhost/dneo/?q=admin/content/types/add','http://localhost/dneo/?q=admin/content/types/add','127.0.0.1',1205146351),(4,1,'node','Added content type <em>Vocabulary</em>.',0,'<a href=\"/dneo/?q=admin/content/types\">view</a>','http://localhost/dneo/?q=admin/content/types/add','http://localhost/dneo/?q=admin/content/types/add','127.0.0.1',1205147102),(5,1,'content','vocabulary: added <em>My Bowling Vocabulary</em>.',0,'<a href=\"/dneo/?q=node/1\">view</a>','http://localhost/dneo/?q=node/add/vocabulary','http://localhost/dneo/?q=node/add/vocabulary','127.0.0.1',1205147237),(6,1,'content','class: added <em>Location</em>.',0,'<a href=\"/dneo/?q=node/2\">view</a>','http://localhost/dneo/?q=node/add/class','http://localhost/dneo/?q=node/add/class','127.0.0.1',1205147581),(7,1,'content','class: added <em>Room</em>.',0,'<a href=\"/dneo/?q=node/3\">view</a>','http://localhost/dneo/?q=node/add/class','http://localhost/dneo/?q=node/add/class','127.0.0.1',1205148175),(8,1,'content','class: updated <em>bowling:Room</em>.',0,'<a href=\"/dneo/node/3\">view</a>','http://localhost/dneo/node/3/edit','http://localhost/dneo/node/3/edit','127.0.0.1',1205150222),(9,1,'content','class: updated <em>bowling:Location</em>.',0,'<a href=\"/dneo/node/2\">view</a>','http://localhost/dneo/node/2/edit','http://localhost/dneo/node/2/edit','127.0.0.1',1205150236),(10,1,'content','class: added <em>bowling:Player</em>.',0,'<a href=\"/dneo/node/4\">view</a>','http://localhost/dneo/?q=node/add/class','http://localhost/dneo/?q=node/add/class','127.0.0.1',1205150354),(11,1,'content','class: added <em>bowling:Team</em>.',0,'<a href=\"/dneo/node/5\">view</a>','http://localhost/dneo/?q=node/add/class','http://localhost/dneo/?q=node/add/class','127.0.0.1',1205150394),(12,1,'content','property: added <em>bowling:has_player</em>.',0,'<a href=\"/dneo/node/6\">view</a>','http://localhost/dneo/?q=node/add/property','http://localhost/dneo/?q=node/add/property','127.0.0.1',1205150433),(13,1,'php','<em>Attempt to assign property of non-object</em> in <em>/Applications/MAMP/htdocs/dneo/sites/all/modules/tokenize/tokenize.module</em> on line <em>21</em>.',2,'','http://localhost/dneo/admin/build/modules/list/confirm','http://localhost/dneo/admin/build/modules','127.0.0.1',1205151123),(14,1,'php','<em>Attempt to assign property of non-object</em> in <em>/Applications/MAMP/htdocs/dneo/sites/all/modules/tokenize/tokenize.module</em> on line <em>21</em>.',2,'','http://localhost/dneo/admin/build/modules','http://localhost/dneo/?q=admin/build/modules','127.0.0.1',1205151135),(15,1,'php','<em>Attempt to assign property of non-object</em> in <em>/Applications/MAMP/htdocs/dneo/sites/all/modules/tokenize/tokenize.module</em> on line <em>21</em>.',2,'','http://localhost/dneo/admin/build/modules','','127.0.0.1',1205151140),(16,1,'php','<em>Attempt to assign property of non-object</em> in <em>/Applications/MAMP/htdocs/dneo/sites/all/modules/tokenize/tokenize.module</em> on line <em>21</em>.',2,'','http://localhost/dneo/admin/build/modules/list/confirm','http://localhost/dneo/admin/build/modules','127.0.0.1',1205151146),(17,1,'php','<em>Attempt to assign property of non-object</em> in <em>/Applications/MAMP/htdocs/dneo/sites/all/modules/tokenize/tokenize.module</em> on line <em>21</em>.',2,'','http://localhost/dneo/admin/build/modules','http://localhost/dneo/admin/build/modules','127.0.0.1',1205151152),(18,1,'php','<em>Attempt to assign property of non-object</em> in <em>/Applications/MAMP/htdocs/dneo/sites/all/modules/tokenize/tokenize.module</em> on line <em>21</em>.',2,'','http://localhost/dneo/admin/build/modules/list/confirm','http://localhost/dneo/admin/build/modules','127.0.0.1',1205151166),(19,1,'php','<em>Attempt to assign property of non-object</em> in <em>/Applications/MAMP/htdocs/dneo/sites/all/modules/tokenize/tokenize.module</em> on line <em>21</em>.',2,'','http://localhost/dneo/admin/build/modules/list/confirm','http://localhost/dneo/admin/build/modules','127.0.0.1',1205151166),(20,1,'php','<em>Attempt to assign property of non-object</em> in <em>/Applications/MAMP/htdocs/dneo/sites/all/modules/tokenize/tokenize.module</em> on line <em>21</em>.',2,'','http://localhost/dneo/admin/build/modules/list/confirm','http://localhost/dneo/admin/build/modules/list/confirm','127.0.0.1',1205151170),(21,1,'php','<em>Attempt to assign property of non-object</em> in <em>/Applications/MAMP/htdocs/dneo/sites/all/modules/tokenize/tokenize.module</em> on line <em>21</em>.',2,'','http://localhost/dneo/admin/build/modules','http://localhost/dneo/admin/build/modules/list/confirm','127.0.0.1',1205151170),(22,1,'php','<em>Attempt to assign property of non-object</em> in <em>/Applications/MAMP/htdocs/dneo/sites/all/modules/tokenize/tokenize.module</em> on line <em>21</em>.',2,'','http://localhost/dneo/admin/build/modules','http://localhost/dneo/admin/build/modules/list/confirm','127.0.0.1',1205151172),(23,1,'php','<em>Attempt to assign property of non-object</em> in <em>/Applications/MAMP/htdocs/dneo/sites/all/modules/tokenize/tokenize.module</em> on line <em>21</em>.',2,'','http://localhost/dneo/admin/build/modules','http://localhost/dneo/admin/build/modules/list/confirm','127.0.0.1',1205151174),(24,1,'php','<em>Attempt to assign property of non-object</em> in <em>/Applications/MAMP/htdocs/dneo/sites/all/modules/tokenize/tokenize.module</em> on line <em>21</em>.',2,'','http://localhost/dneo/admin/build/modules/list/confirm','http://localhost/dneo/admin/build/modules','127.0.0.1',1205151180),(25,1,'php','<em>Attempt to assign property of non-object</em> in <em>/Applications/MAMP/htdocs/dneo/sites/all/modules/tokenize/tokenize.module</em> on line <em>21</em>.',2,'','http://localhost/dneo/admin/build/modules','http://localhost/dneo/admin/build/modules','127.0.0.1',1205151189),(26,1,'php','<em>Attempt to assign property of non-object</em> in <em>/Applications/MAMP/htdocs/dneo/sites/all/modules/tokenize/tokenize.module</em> on line <em>21</em>.',2,'','http://localhost/dneo/admin/build/modules','http://localhost/dneo/admin/build/modules','127.0.0.1',1205151191),(27,1,'php','<em>Invalid argument supplied for foreach()</em> in <em>/Applications/MAMP/htdocs/dneo/sites/all/modules/tokenize/tokenize.module</em> on line <em>94</em>.',2,'','http://localhost/dneo/node/1','http://localhost/dneo/?q=admin/content/node','127.0.0.1',1205151663),(28,1,'php','<em>Invalid argument supplied for foreach()</em> in <em>/Applications/MAMP/htdocs/dneo/sites/all/modules/tokenize/tokenize.module</em> on line <em>94</em>.',2,'','http://localhost/dneo/node/1','http://localhost/dneo/?q=admin/content/node','127.0.0.1',1205151669),(29,1,'content','vocabulary: updated <em>bowling</em>.',0,'<a href=\"/dneo/node/1\">view</a>','http://localhost/dneo/node/1/edit','http://localhost/dneo/node/1/edit','127.0.0.1',1205151766),(30,1,'content','vocabulary: updated <em>bowling</em>.',0,'<a href=\"/dneo/neologism/bowling\">view</a>','http://localhost/dneo/node/1/edit','http://localhost/dneo/node/1/edit','127.0.0.1',1205152123),(31,1,'content','class: updated <em>bowling:Team</em>.',0,'<a href=\"/dneo/neologism/bowling/bowlingTeam\">view</a>','http://localhost/dneo/node/5/edit','http://localhost/dneo/node/5/edit','127.0.0.1',1205152216),(32,1,'cron','Cron run completed.',0,'','http://localhost/dneo/admin/logs/status/run-cron','http://localhost/dneo/admin/logs/status','127.0.0.1',1205154553),(33,0,'page not found','modules/node/node.css',1,'','http://localhost/dneo/modules/node/node.css','http://localhost/dneo/neologism/bowling','127.0.0.1',1205172042),(34,0,'page not found','modules/system/defaults.css',1,'','http://localhost/dneo/modules/system/defaults.css','http://localhost/dneo/neologism/bowling','127.0.0.1',1205172042),(35,0,'page not found','modules/system/system.css',1,'','http://localhost/dneo/modules/system/system.css','http://localhost/dneo/neologism/bowling','127.0.0.1',1205172042),(36,0,'page not found','modules/user/user.css',1,'','http://localhost/dneo/modules/user/user.css','http://localhost/dneo/neologism/bowling','127.0.0.1',1205172042),(37,0,'page not found','sites/all/modules/cck/content.css',1,'','http://localhost/dneo/sites/all/modules/cck/content.css','http://localhost/dneo/neologism/bowling','127.0.0.1',1205172042),(38,0,'page not found','themes/garland/style.css',1,'','http://localhost/dneo/themes/garland/style.css','http://localhost/dneo/neologism/bowling','127.0.0.1',1205172043),(39,0,'page not found','themes/garland/print.css',1,'','http://localhost/dneo/themes/garland/print.css','http://localhost/dneo/neologism/bowling','127.0.0.1',1205172043),(40,0,'page not found','themes/garland/logo.png',1,'','http://localhost/dneo/themes/garland/logo.png','http://localhost/dneo/neologism/bowling','127.0.0.1',1205172043),(41,0,'page not found','modules/node/node.css',1,'','http://localhost/dneo/modules/node/node.css','http://localhost/dneo/neologism/bowling','127.0.0.1',1205172046),(42,0,'page not found','modules/system/defaults.css',1,'','http://localhost/dneo/modules/system/defaults.css','http://localhost/dneo/neologism/bowling','127.0.0.1',1205172046),(43,0,'page not found','modules/system/system.css',1,'','http://localhost/dneo/modules/system/system.css','http://localhost/dneo/neologism/bowling','127.0.0.1',1205172046),(44,0,'page not found','modules/user/user.css',1,'','http://localhost/dneo/modules/user/user.css','http://localhost/dneo/neologism/bowling','127.0.0.1',1205172046),(45,0,'page not found','sites/all/modules/cck/content.css',1,'','http://localhost/dneo/sites/all/modules/cck/content.css','http://localhost/dneo/neologism/bowling','127.0.0.1',1205172046),(46,0,'page not found','themes/garland/style.css',1,'','http://localhost/dneo/themes/garland/style.css','http://localhost/dneo/neologism/bowling','127.0.0.1',1205172046),(47,0,'page not found','themes/garland/print.css',1,'','http://localhost/dneo/themes/garland/print.css','http://localhost/dneo/neologism/bowling','127.0.0.1',1205172046),(48,0,'page not found','themes/garland/logo.png',1,'','http://localhost/dneo/themes/garland/logo.png','http://localhost/dneo/neologism/bowling','127.0.0.1',1205172047),(49,1,'user','Session opened for <em>admin</em>.',0,'','http://localhost/dneo/neologism/bowling?destination=node%2F1','http://localhost/dneo/neologism/bowling','127.0.0.1',1205172529),(50,1,'user','Session closed for <em>admin</em>.',0,'','http://localhost/dneo/logout','http://localhost/dneo/neologism/bowling','127.0.0.1',1205173142),(51,1,'user','Session opened for <em>admin</em>.',0,'','http://localhost/dneo/node?destination=node','http://localhost/dneo/','127.0.0.1',1205173143),(52,1,'php','<em>Object of class stdClass could not be converted to string</em> in <em>/home/sergio/projects/neologism/src/demo/modules/node/node.module</em> on line <em>688</em>.',2,'','http://localhost/dneo/neologism/bowling','http://localhost/dneo/node','127.0.0.1',1205173558),(53,1,'user','Session closed for <em>admin</em>.',0,'','http://localhost/dneo/logout','http://localhost/dneo/neologism/bowling','127.0.0.1',1205173596),(54,1,'user','Session opened for <em>admin</em>.',0,'','http://localhost/dneo/neologism/bowling?destination=node%2F1','http://localhost/dneo/neologism/bowling','127.0.0.1',1205173655),(55,1,'file system','The directory <em>files</em> is not writable, because it does not have the correct permissions set.',2,'','http://localhost/dneo/admin/settings/file-system','http://localhost/dneo/admin/logs/status','127.0.0.1',1205173688),(56,1,'page not found','neologism/bowling/html',1,'','http://localhost/dneo/neologism/bowling/html','','127.0.0.1',1205174936),(57,1,'page not found','neologism/bowling/rdfs',1,'','http://localhost/dneo/neologism/bowling/rdfs','','127.0.0.1',1205174982),(58,1,'page not found','neologism/bowling/html',1,'','http://localhost/dneo/neologism/bowling/html','','127.0.0.1',1205175019),(59,1,'page not found','neologism/bowling/html',1,'','http://localhost/dneo/neologism/bowling/html','','127.0.0.1',1205175033),(60,1,'page not found','neologism/bowling/html',1,'','http://localhost/dneo/neologism/bowling/html','','127.0.0.1',1205175034),(61,1,'page not found','neologism/bowling/html',1,'','http://localhost/dneo/neologism/bowling/html','','127.0.0.1',1205175727),(62,1,'php','<em>require_once(../../includes/neologism/contentnegotiation.php) [&lt;a href=&#039;function.require-once&#039;&gt;function.require-once&lt;/a&gt;]: failed to open stream: No such file or directory</em> in <em>/home/sergio/projects/neologism/src/demo/modules/node/node.module</em> on line <em>694</em>.',2,'','http://localhost/dneo/','http://localhost/dneo/admin/settings/pathauto','127.0.0.1',1205176845),(63,1,'page not found','text/xml,application/xml,application/xhtml xml,text/html;q=0.9,text/plain;q=0.8,image/png,*/*;q=0.5/html',1,'','http://localhost/dneo/text/xml,application/xml,application/xhtml+xml,text/html;q=0.9,text/plain;q=0.8,image/png,*/*;q=0.5/html','http://localhost/dneo/admin/settings/pathauto','127.0.0.1',1205176905),(64,1,'php','<em>require_once(./includes/neologism/common.php) [&lt;a href=&#039;function.require-once&#039;&gt;function.require-once&lt;/a&gt;]: failed to open stream: No such file or directory</em> in <em>/home/sergio/projects/neologism/src/demo/modules/node/node.module</em> on line <em>690</em>.',2,'','http://localhost/dneo/','','127.0.0.1',1205177630),(65,1,'php','<em>Cannot modify header information - headers already sent by (output started at /home/sergio/projects/neologism/src/demo/includes/neologism/common.inc:14)</em> in <em>/home/sergio/projects/neologism/src/demo/modules/node/node.module</em> on line <em>701</em>.',2,'','http://localhost/dneo/','','127.0.0.1',1205177723),(66,1,'php','<em>Cannot modify header information - headers already sent by (output started at /home/sergio/projects/neologism/src/demo/includes/neologism/common.inc:14)</em> in <em>/home/sergio/projects/neologism/src/demo/modules/node/node.module</em> on line <em>702</em>.',2,'','http://localhost/dneo/','','127.0.0.1',1205177723),(67,1,'php','<em>Cannot modify header information - headers already sent by (output started at /home/sergio/projects/neologism/src/demo/includes/neologism/common.inc:14)</em> in <em>/home/sergio/projects/neologism/src/demo/modules/node/node.module</em> on line <em>701</em>.',2,'','http://localhost/dneo/neologism/bowling','','127.0.0.1',1205177731),(68,1,'php','<em>Cannot modify header information - headers already sent by (output started at /home/sergio/projects/neologism/src/demo/includes/neologism/common.inc:14)</em> in <em>/home/sergio/projects/neologism/src/demo/modules/node/node.module</em> on line <em>702</em>.',2,'','http://localhost/dneo/neologism/bowling','','127.0.0.1',1205177731),(69,1,'php','<em>Cannot modify header information - headers already sent by (output started at /home/sergio/projects/neologism/src/demo/includes/neologism/common.inc:14)</em> in <em>/home/sergio/projects/neologism/src/demo/modules/node/node.module</em> on line <em>700</em>.',2,'','http://localhost/dneo/neologism/bowling','','127.0.0.1',1205177787),(70,1,'php','<em>Cannot modify header information - headers already sent by (output started at /home/sergio/projects/neologism/src/demo/includes/neologism/common.inc:14)</em> in <em>/home/sergio/projects/neologism/src/demo/modules/node/node.module</em> on line <em>701</em>.',2,'','http://localhost/dneo/neologism/bowling','','127.0.0.1',1205177787),(71,1,'page not found','neologism/bowling/html',1,'','http://localhost/dneo/neologism/bowling/html','','127.0.0.1',1205177886),(72,1,'page not found','neologism/bowling/html',1,'','http://localhost/dneo/neologism/bowling/html','','127.0.0.1',1205177891),(73,1,'page not found','neologism/bowling/html',1,'','http://localhost/dneo/neologism/bowling/html','','127.0.0.1',1205178077),(74,1,'user','Session closed for <em>admin</em>.',0,'','http://localhost/dneo/logout','http://localhost/dneo/neologism/bowling','127.0.0.1',1205236259),(75,1,'user','Session opened for <em>admin</em>.',0,'','http://localhost/dneo/neologism/bowling?destination=node%2F1','http://localhost/dneo/neologism/bowling','127.0.0.1',1205236987),(76,1,'user','Session closed for <em>admin</em>.',0,'','http://localhost/dneo/logout','http://localhost/dneo/','127.0.0.1',1205246689),(77,0,'php','<em>Object of class stdClass could not be converted to string</em> in <em>/home/sergio/projects/neologism/src/demo/sites/all/modules/neologism/neologism.module</em> on line <em>40</em>.',2,'','http://localhost/dneo/neologism/bowling','','127.0.0.1',1205251503),(78,1,'user','Session opened for <em>admin</em>.',0,'','http://localhost/dneo/neologism/bowling/html/html?destination=neologism%2Fbowling%2Fhtml%2Fhtml','http://localhost/dneo/neologism/bowling/html/html','127.0.0.1',1205256695),(79,1,'content','vocabulary: updated <em>bowling</em>.',0,'<a href=\"/dneo/neologism/bowling\">view</a>','http://localhost/dneo/node/1/edit','http://localhost/dneo/node/1/edit','127.0.0.1',1205257545),(80,1,'page not found','html',1,'','http://localhost/dneo//html','','127.0.0.1',1205259689),(81,1,'menu','Added menu item <em>Primary links</em>.',0,'<a href=\"/dneo/admin/build/menu\">view</a>','http://localhost/dneo/devel/menu/reset','http://localhost/dneo/devel/menu/reset','127.0.0.1',1205261377),(82,1,'user','Session closed for <em>admin</em>.',0,'','http://localhost/dneo/logout','http://localhost/dneo/neologism/bowling/html','127.0.0.1',1205261423),(83,1,'user','Session opened for <em>admin</em>.',0,'','http://localhost/dneo/neologism/bowling/html?destination=node%2F1%2Fhtml','http://localhost/dneo/neologism/bowling/html','127.0.0.1',1205261616),(84,1,'content','vocabulary: updated <em>bowling</em>.',0,'<a href=\"/dneo/neologism/bowling\">view</a>','http://localhost/dneo/node/1/edit','http://localhost/dneo/node/1/edit','127.0.0.1',1205261636),(85,1,'php','<em>DOMImplementation::createDocument() expects parameter 3 to be DOMDocumentType, null given</em> in <em>/home/sergio/projects/neologism/src/demo/sites/all/modules/neologism/neologism.module</em> on line <em>115</em>.',2,'','http://localhost/dneo/neologism/bowling/xml','http://localhost/dneo/neologism/bowling/html','127.0.0.1',1205264099),(86,1,'php','<em>Object of class DOMDocument could not be converted to string</em> in <em>/home/sergio/projects/neologism/src/demo/sites/all/modules/neologism/neologism.module</em> on line <em>116</em>.',2,'','http://localhost/dneo/neologism/bowling/xml','http://localhost/dneo/neologism/bowling/html','127.0.0.1',1205264368),(87,0,'access denied','devel/cache/clear',1,'','http://localhost/neologism/trunk/src/demo/?q=devel/cache/clear&destination=neologism%2Fbowling%2Fhtml','http://localhost/neologism/trunk/src/demo/?q=neologism/bowling/html','127.0.0.1',1205259328),(88,1,'user','Session opened for <em>admin</em>.',0,'','http://localhost/neologism/trunk/src/demo/?destination=neologism%2Fbowling%2Fhtml','http://localhost/neologism/trunk/src/demo/?q=devel/cache/clear&destination=neologism%2Fbowling%2Fhtml','127.0.0.1',1205259338),(89,1,'php','<em>Table &amp;#039;dneo.book&amp;#039; doesn&amp;#039;t exist\nquery: SELECT n.nid, n.title, b.parent, b.weight FROM node n INNER JOIN book b ON n.vid = b.vid WHERE n.nid = 0</em> in <em>C:\\Program Files\\Apache Software Foundation\\Apache2.2\\htdocs\\neologism\\trunk\\src\\demo\\includes\\database.mysql.inc</em> on line <em>172</em>.',2,'','http://localhost/neologism/trunk/src/demo/?q=neologism/bowling/html','http://localhost/neologism/trunk/src/demo/?q=neologism/bowling/rdf','127.0.0.1',1205259959),(90,0,'user','Login attempt failed for <em>admin</em>.',0,'','http://localhost/dneo/neologism/bowling/html?destination=node%2F1%2Fhtml','http://localhost/neologism/trunk/src/demo/neologism/bowling/html','127.0.0.1',1205261191),(91,1,'user','Session opened for <em>admin</em>.',0,'','http://localhost/dneo/neologism/bowling/html?destination=node%2F1%2Fhtml','http://localhost/dneo/neologism/bowling/html?destination=node%2F1%2Fhtml','127.0.0.1',1205261197),(92,1,'php','<em>Cannot modify header information - headers already sent by (output started at C:\\Program Files\\Apache Software Foundation\\Apache2.2\\htdocs\\neologism\\trunk\\src\\demo\\sites\\all\\modules\\neologism\\neologism.module:76)</em> in <em>C:\\Program Files\\Apache Software Foundation\\Apache2.2\\htdocs\\neologism\\trunk\\src\\demo\\includes\\session.inc</em> on line <em>100</em>.',2,'','http://localhost/dneo/neologism/bowling/html?destination=node%2F1%2Fhtml','http://localhost/dneo/neologism/bowling/html?destination=node%2F1%2Fhtml','127.0.0.1',1205261197),(93,1,'php','<em>session_regenerate_id() [&lt;a href=&#039;function.session-regenerate-id&#039;&gt;function.session-regenerate-id&lt;/a&gt;]: Cannot regenerate session id - headers already sent</em> in <em>C:\\Program Files\\Apache Software Foundation\\Apache2.2\\htdocs\\neologism\\trunk\\src\\demo\\includes\\session.inc</em> on line <em>103</em>.',2,'','http://localhost/dneo/neologism/bowling/html?destination=node%2F1%2Fhtml','http://localhost/dneo/neologism/bowling/html?destination=node%2F1%2Fhtml','127.0.0.1',1205261197),(94,1,'php','<em>Cannot modify header information - headers already sent by (output started at C:\\Program Files\\Apache Software Foundation\\Apache2.2\\htdocs\\neologism\\trunk\\src\\demo\\sites\\all\\modules\\neologism\\neologism.module:76)</em> in <em>C:\\Program Files\\Apache Software Foundation\\Apache2.2\\htdocs\\neologism\\trunk\\src\\demo\\includes\\common.inc</em> on line <em>314</em>.',2,'','http://localhost/dneo/neologism/bowling/html?destination=node%2F1%2Fhtml','http://localhost/dneo/neologism/bowling/html?destination=node%2F1%2Fhtml','127.0.0.1',1205261197),(95,1,'content','class: added <em>bad player</em>.',0,'<a href=\"/dneo/node/7\">view</a>','http://localhost/dneo/node/add/class','http://localhost/dneo/node/add/class','127.0.0.1',1205317105),(96,1,'content','property: added <em>annoys</em>.',0,'<a href=\"/dneo/node/8\">view</a>','http://localhost/dneo/node/add/property','http://localhost/dneo/node/add/property','127.0.0.1',1205317478),(97,1,'content','class: added <em>good player</em>.',0,'<a href=\"/dneo/node/9\">view</a>','http://localhost/dneo/node/add/class','http://localhost/dneo/node/add/class','127.0.0.1',1205318991),(98,1,'content','class: updated <em>bowling:Team</em>.',0,'<a href=\"/dneo/neologism/bowling/bowlingTeam\">view</a>','http://localhost/dneo/node/5/edit','http://localhost/dneo/node/5/edit','127.0.0.1',1205320249),(99,1,'content','class: updated <em>bowling:Team</em>.',0,'<a href=\"/dneo/neologism/bowling/bowlingTeam\">view</a>','http://localhost/dneo/node/5/edit','http://localhost/dneo/node/5/edit','127.0.0.1',1205320269),(100,1,'php','<em>mysql_fetch_object(): supplied argument is not a valid MySQL result resource</em> in <em>C:\\Program Files\\Apache Software Foundation\\Apache2.2\\htdocs\\neologism\\trunk\\src\\demo\\includes\\database.mysql.inc</em> on line <em>188</em>.',2,'','http://localhost/dneo/neologism/bowling/html','http://localhost/dneo/','127.0.0.1',1205320607),(101,1,'php','<em>Object of class stdClass could not be converted to string</em> in <em>C:\\Program Files\\Apache Software Foundation\\Apache2.2\\htdocs\\neologism\\trunk\\src\\demo\\sites\\all\\modules\\neologism\\neologism.module</em> on line <em>266</em>.',2,'','http://localhost/dneo/neologism/bowling/html','http://localhost/dneo/','127.0.0.1',1205320619),(102,1,'php','<em>Object of class stdClass could not be converted to string</em> in <em>C:\\Program Files\\Apache Software Foundation\\Apache2.2\\htdocs\\neologism\\trunk\\src\\demo\\sites\\all\\modules\\neologism\\neologism.module</em> on line <em>266</em>.',2,'','http://localhost/dneo/neologism/bowling/html','http://localhost/dneo/','127.0.0.1',1205320619),(103,1,'php','<em>Object of class stdClass could not be converted to string</em> in <em>C:\\Program Files\\Apache Software Foundation\\Apache2.2\\htdocs\\neologism\\trunk\\src\\demo\\sites\\all\\modules\\neologism\\neologism.module</em> on line <em>266</em>.',2,'','http://localhost/dneo/neologism/bowling/html','http://localhost/dneo/','127.0.0.1',1205320619),(104,1,'php','<em>Object of class stdClass could not be converted to string</em> in <em>C:\\Program Files\\Apache Software Foundation\\Apache2.2\\htdocs\\neologism\\trunk\\src\\demo\\sites\\all\\modules\\neologism\\neologism.module</em> on line <em>266</em>.',2,'','http://localhost/dneo/neologism/bowling/html','http://localhost/dneo/','127.0.0.1',1205320619),(105,1,'php','<em>Object of class stdClass could not be converted to string</em> in <em>C:\\Program Files\\Apache Software Foundation\\Apache2.2\\htdocs\\neologism\\trunk\\src\\demo\\sites\\all\\modules\\neologism\\neologism.module</em> on line <em>266</em>.',2,'','http://localhost/dneo/neologism/bowling/html','http://localhost/dneo/','127.0.0.1',1205320619),(106,1,'php','<em>Object of class stdClass could not be converted to string</em> in <em>C:\\Program Files\\Apache Software Foundation\\Apache2.2\\htdocs\\neologism\\trunk\\src\\demo\\sites\\all\\modules\\neologism\\neologism.module</em> on line <em>266</em>.',2,'','http://localhost/dneo/neologism/bowling/html','http://localhost/dneo/','127.0.0.1',1205320619),(107,1,'content','property: updated <em>annoys</em>.',0,'<a href=\"/dneo/node/8\">view</a>','http://localhost/dneo/node/8/edit?destination=admin%2Fcontent%2Fnode','http://localhost/dneo/node/8/edit?destination=admin%2Fcontent%2Fnode','127.0.0.1',1205323316),(108,1,'php','<em>Unknown column &amp;#039;field_vocabulary_nid&amp;#039; in &amp;#039;where clause&amp;#039;\nquery: SELECT nid, field_subclassof_nid FROM content_type_class WHERE field_vocabulary_nid = 1</em> in <em>C:\\Program Files\\Apache Software Foundation\\Apache2.2\\htdocs\\neologism\\trunk\\src\\demo\\includes\\database.mysql.inc</em> on line <em>172</em>.',2,'','http://localhost/dneo/neologism/bowling/html','http://localhost/dneo/admin/content/node','127.0.0.1',1205323329),(109,1,'php','<em>Unknown column &amp;#039;field_vocabulary_nid&amp;#039; in &amp;#039;where clause&amp;#039;\nquery: SELECT nid, field_subclassof_nid FROM content_type_class WHERE field_vocabulary_nid = 1</em> in <em>C:\\Program Files\\Apache Software Foundation\\Apache2.2\\htdocs\\neologism\\trunk\\src\\demo\\includes\\database.mysql.inc</em> on line <em>172</em>.',2,'','http://localhost/dneo/neologism/bowling/html','http://localhost/dneo/admin/content/node','127.0.0.1',1205323343),(110,1,'content','property: updated <em>bowling:has_player</em>.',0,'<a href=\"/dneo/node/6\">view</a>','http://localhost/dneo/node/6/edit?destination=admin%2Fcontent%2Fnode','http://localhost/dneo/node/6/edit?destination=admin%2Fcontent%2Fnode','127.0.0.1',1205323366),(111,1,'php','<em>mysql_fetch_object(): supplied argument is not a valid MySQL result resource</em> in <em>C:\\Program Files\\Apache Software Foundation\\Apache2.2\\htdocs\\neologism\\trunk\\src\\demo\\includes\\database.mysql.inc</em> on line <em>188</em>.',2,'','http://localhost/dneo/neologism/bowling/html','http://localhost/dneo/admin/content/node','127.0.0.1',1205323582),(112,1,'php','<em>Column &amp;#039;nid&amp;#039; in field list is ambiguous\nquery: SELECT nid FROM content_field_vocabulary c INNER JOIN node n ON c.nid = n.nid WHERE c.field_vocabulary_nid = 1 AND n.type=&amp;quot;class&amp;quot; </em> in <em>C:\\Program Files\\Apache Software Foundation\\Apache2.2\\htdocs\\neologism\\trunk\\src\\demo\\includes\\database.mysql.inc</em> on line <em>172</em>.',2,'','http://localhost/dneo/neologism/bowling/html','http://localhost/dneo/admin/content/node','127.0.0.1',1205324451),(113,1,'php','<em>Column &amp;#039;nid&amp;#039; in field list is ambiguous\nquery: SELECT nid FROM content_field_vocabulary c INNER JOIN node n ON c.nid = n.nid WHERE c.field_vocabulary_nid = 1 AND n.type=&amp;quot;property&amp;quot; </em> in <em>C:\\Program Files\\Apache Software Foundation\\Apache2.2\\htdocs\\neologism\\trunk\\src\\demo\\includes\\database.mysql.inc</em> on line <em>172</em>.',2,'','http://localhost/dneo/neologism/bowling/html','http://localhost/dneo/admin/content/node','127.0.0.1',1205324451),(114,1,'user','Session opened for <em>admin</em>.',0,'','http://localhost/dneo/node?destination=node','http://localhost/dneo/','127.0.0.1',1205331691),(115,1,'content','class: updated <em>goodplayer</em>.',0,'<a href=\"/dneo/node/9\">view</a>','http://localhost/dneo/node/9/edit?destination=admin%2Fcontent%2Fnode','http://localhost/dneo/node/9/edit?destination=admin%2Fcontent%2Fnode','127.0.0.1',1205331766),(116,1,'content','property: updated <em>has_player</em>.',0,'<a href=\"/dneo/node/6\">view</a>','http://localhost/dneo/node/6/edit?destination=admin%2Fcontent%2Fnode','http://localhost/dneo/node/6/edit?destination=admin%2Fcontent%2Fnode','127.0.0.1',1205331796),(117,1,'content','class: updated <em>Team</em>.',0,'<a href=\"/dneo/neologism/bowling/bowlingTeam\">view</a>','http://localhost/dneo/node/5/edit?destination=admin%2Fcontent%2Fnode','http://localhost/dneo/node/5/edit?destination=admin%2Fcontent%2Fnode','127.0.0.1',1205331804),(118,1,'content','class: updated <em>Player</em>.',0,'<a href=\"/dneo/node/4\">view</a>','http://localhost/dneo/node/4/edit?destination=admin%2Fcontent%2Fnode','http://localhost/dneo/node/4/edit?destination=admin%2Fcontent%2Fnode','127.0.0.1',1205331810),(119,1,'content','class: updated <em>Location</em>.',0,'<a href=\"/dneo/node/2\">view</a>','http://localhost/dneo/node/2/edit?destination=admin%2Fcontent%2Fnode','http://localhost/dneo/node/2/edit?destination=admin%2Fcontent%2Fnode','127.0.0.1',1205331820),(120,1,'content','class: updated <em>Room</em>.',0,'<a href=\"/dneo/node/3\">view</a>','http://localhost/dneo/node/3/edit?destination=admin%2Fcontent%2Fnode','http://localhost/dneo/node/3/edit?destination=admin%2Fcontent%2Fnode','127.0.0.1',1205331826),(121,1,'content','class: updated <em>badplayer</em>.',0,'<a href=\"/dneo/node/7\">view</a>','http://localhost/dneo/node/7/edit?destination=admin%2Fcontent%2Fnode','http://localhost/dneo/node/7/edit?destination=admin%2Fcontent%2Fnode','127.0.0.1',1205331873),(122,1,'content','class: updated <em>GoodPlayer</em>.',0,'<a href=\"/dneo/node/9\">view</a>','http://localhost/dneo/node/9/edit?destination=admin%2Fcontent%2Fnode','http://localhost/dneo/node/9/edit?destination=admin%2Fcontent%2Fnode','127.0.0.1',1205331950),(123,1,'content','class: updated <em>BadPlayer</em>.',0,'<a href=\"/dneo/node/7\">view</a>','http://localhost/dneo/node/7/edit?destination=admin%2Fcontent%2Fnode','http://localhost/dneo/node/7/edit?destination=admin%2Fcontent%2Fnode','127.0.0.1',1205331962),(124,1,'php','<em>Cannot modify header information - headers already sent by (output started at /home/sergio/projects/neologism/src/demo/sites/all/modules/neologism/neologism.module:111)</em> in <em>/home/sergio/projects/neologism/src/demo/sites/all/modules/neologism/neologism.module</em> on line <em>120</em>.',2,'','http://localhost/dneo/neologism/bowling/rdfs','http://localhost/dneo/neologism/bowling/html','127.0.0.1',1205331988),(125,1,'content','class: updated <em>Player</em>.',0,'<a href=\"/dneo/node/4\">view</a>','http://localhost/dneo/node/4/edit?destination=admin%2Fcontent%2Fnode','http://localhost/dneo/node/4/edit?destination=admin%2Fcontent%2Fnode','127.0.0.1',1205332249),(126,1,'content','class: updated <em>Player</em>.',0,'<a href=\"/dneo/node/4\">view</a>','http://localhost/dneo/node/4/edit?destination=admin%2Fcontent%2Fnode','http://localhost/dneo/node/4/edit?destination=admin%2Fcontent%2Fnode','127.0.0.1',1205332273),(127,1,'content','class: updated <em>BadPlayer</em>.',0,'<a href=\"/dneo/node/7\">view</a>','http://localhost/dneo/node/7/edit?destination=admin%2Fcontent%2Fnode','http://localhost/dneo/node/7/edit?destination=admin%2Fcontent%2Fnode','127.0.0.1',1205332306),(128,1,'content','class: updated <em>BadPlayer</em>.',0,'<a href=\"/dneo/node/7\">view</a>','http://localhost/dneo/node/7/edit?destination=admin%2Fcontent%2Fnode','http://localhost/dneo/node/7/edit?destination=admin%2Fcontent%2Fnode','127.0.0.1',1205332344),(129,1,'content','class: updated <em>GoodPlayer</em>.',0,'<a href=\"/dneo/node/9\">view</a>','http://localhost/dneo/node/9/edit?destination=admin%2Fcontent%2Fnode','http://localhost/dneo/node/9/edit?destination=admin%2Fcontent%2Fnode','127.0.0.1',1205332355),(130,1,'content','class: updated <em>BadPlayer</em>.',0,'<a href=\"/dneo/node/7\">view</a>','http://localhost/dneo/node/7/edit?destination=admin%2Fcontent%2Fnode','http://localhost/dneo/node/7/edit?destination=admin%2Fcontent%2Fnode','127.0.0.1',1205332363),(131,1,'php','<em>You have an error in your SQL syntax; check the manual that corresponds to your MySQL server version for the right syntax to use near &amp;#039;4&amp;#039; at line 1\nquery: SELECT title FROM node WHERE nid IN 4 </em> in <em>C:\\Program Files\\Apache Software Foundation\\Apache2.2\\htdocs\\neologism\\trunk\\src\\demo\\includes\\database.mysql.inc</em> on line <em>172</em>.',2,'','http://localhost/dneo/neologism/bowling/html','http://localhost/dneo/admin/content/node','127.0.0.1',1205334788),(132,1,'php','<em>You have an error in your SQL syntax; check the manual that corresponds to your MySQL server version for the right syntax to use near &amp;#039;4&amp;#039; at line 1\nquery: SELECT title FROM node WHERE nid IN 4 </em> in <em>C:\\Program Files\\Apache Software Foundation\\Apache2.2\\htdocs\\neologism\\trunk\\src\\demo\\includes\\database.mysql.inc</em> on line <em>172</em>.',2,'','http://localhost/dneo/neologism/bowling/html','http://localhost/dneo/admin/content/node','127.0.0.1',1205334788),(133,1,'php','<em>You have an error in your SQL syntax; check the manual that corresponds to your MySQL server version for the right syntax to use near &amp;#039;4&amp;#039; at line 1\nquery: SELECT title FROM node WHERE nid IN 4 </em> in <em>C:\\Program Files\\Apache Software Foundation\\Apache2.2\\htdocs\\neologism\\trunk\\src\\demo\\includes\\database.mysql.inc</em> on line <em>172</em>.',2,'','http://localhost/dneo/neologism/bowling/html','http://localhost/dneo/admin/content/node','127.0.0.1',1205334796),(134,1,'php','<em>You have an error in your SQL syntax; check the manual that corresponds to your MySQL server version for the right syntax to use near &amp;#039;4&amp;#039; at line 1\nquery: SELECT title FROM node WHERE nid IN 4 </em> in <em>C:\\Program Files\\Apache Software Foundation\\Apache2.2\\htdocs\\neologism\\trunk\\src\\demo\\includes\\database.mysql.inc</em> on line <em>172</em>.',2,'','http://localhost/dneo/neologism/bowling/html','http://localhost/dneo/admin/content/node','127.0.0.1',1205334796),(135,1,'php','<em>mysql_fetch_array(): supplied argument is not a valid MySQL result resource</em> in <em>C:\\Program Files\\Apache Software Foundation\\Apache2.2\\htdocs\\neologism\\trunk\\src\\demo\\includes\\database.mysql.inc</em> on line <em>204</em>.',2,'','http://localhost/dneo/neologism/bowling/html','http://localhost/dneo/admin/content/node','127.0.0.1',1205335278),(136,1,'php','<em>mysql_fetch_array(): supplied argument is not a valid MySQL result resource</em> in <em>C:\\Program Files\\Apache Software Foundation\\Apache2.2\\htdocs\\neologism\\trunk\\src\\demo\\includes\\database.mysql.inc</em> on line <em>204</em>.',2,'','http://localhost/dneo/neologism/bowling/html','http://localhost/dneo/admin/content/node','127.0.0.1',1205335278),(137,1,'php','<em>Unknown column &amp;#039;Player&amp;#039; in &amp;#039;where clause&amp;#039;\nquery: SELECT nid FROM node WHERE title = Player </em> in <em>C:\\Program Files\\Apache Software Foundation\\Apache2.2\\htdocs\\neologism\\trunk\\src\\demo\\includes\\database.mysql.inc</em> on line <em>172</em>.',2,'','http://localhost/dneo/neologism/bowling/html','http://localhost/dneo/admin/content/node','127.0.0.1',1205337515),(138,1,'php','<em>Unknown column &amp;#039;Player&amp;#039; in &amp;#039;where clause&amp;#039;\nquery: SELECT nid FROM node WHERE title = Player</em> in <em>C:\\Program Files\\Apache Software Foundation\\Apache2.2\\htdocs\\neologism\\trunk\\src\\demo\\includes\\database.mysql.inc</em> on line <em>172</em>.',2,'','http://localhost/dneo/neologism/bowling/html','http://localhost/dneo/admin/content/node','127.0.0.1',1205337582),(139,1,'php','<em>Unknown column &amp;#039;Player&amp;#039; in &amp;#039;where clause&amp;#039;\nquery: SELECT nid FROM node WHERE title = Player </em> in <em>C:\\Program Files\\Apache Software Foundation\\Apache2.2\\htdocs\\neologism\\trunk\\src\\demo\\includes\\database.mysql.inc</em> on line <em>172</em>.',2,'','http://localhost/dneo/neologism/bowling/html','http://localhost/dneo/admin/content/node','127.0.0.1',1205337650),(140,1,'content','property: added <em>challenges</em>.',0,'<a href=\"/dneo/node/10\">view</a>','http://localhost/dneo/node/add/property','http://localhost/dneo/node/add/property','127.0.0.1',1205338672),(141,1,'content','property: added <em>boycotts</em>.',0,'<a href=\"/dneo/node/11\">view</a>','http://localhost/dneo/node/add/property','http://localhost/dneo/node/add/property','127.0.0.1',1205338777),(142,1,'content','property: updated <em>challenges</em>.',0,'<a href=\"/dneo/node/10\">view</a>','http://localhost/dneo/node/10/edit','http://localhost/dneo/node/10/edit','127.0.0.1',1205338801),(143,1,'php','<em>Invalid argument supplied for foreach()</em> in <em>C:\\Program Files\\Apache Software Foundation\\Apache2.2\\htdocs\\neologism\\trunk\\src\\demo\\sites\\all\\modules\\neologism\\neologism.module</em> on line <em>114</em>.',2,'','http://localhost/dneo/node/11/rdfs','http://localhost/dneo/node/11','127.0.0.1',1205338918),(144,1,'php','<em>Invalid argument supplied for foreach()</em> in <em>C:\\Program Files\\Apache Software Foundation\\Apache2.2\\htdocs\\neologism\\trunk\\src\\demo\\sites\\all\\modules\\neologism\\neologism.module</em> on line <em>127</em>.',2,'','http://localhost/dneo/node/11/rdfs','http://localhost/dneo/node/11','127.0.0.1',1205338918),(145,1,'php','<em>Invalid argument supplied for foreach()</em> in <em>C:\\Program Files\\Apache Software Foundation\\Apache2.2\\htdocs\\neologism\\trunk\\src\\demo\\sites\\all\\modules\\neologism\\neologism.module</em> on line <em>114</em>.',2,'','http://localhost/dneo/node/11/rdfs','http://localhost/dneo/node/11','127.0.0.1',1205338929),(146,1,'php','<em>Invalid argument supplied for foreach()</em> in <em>C:\\Program Files\\Apache Software Foundation\\Apache2.2\\htdocs\\neologism\\trunk\\src\\demo\\sites\\all\\modules\\neologism\\neologism.module</em> on line <em>127</em>.',2,'','http://localhost/dneo/node/11/rdfs','http://localhost/dneo/node/11','127.0.0.1',1205338929),(147,1,'content','property: updated <em>annoys</em>.',0,'<a href=\"/dneo/node/8\">view</a>','http://localhost/dneo/node/8/edit?destination=admin%2Fcontent%2Fnode','http://localhost/dneo/node/8/edit?destination=admin%2Fcontent%2Fnode','127.0.0.1',1205340569),(148,1,'content','property: updated <em>hasPlayer</em>.',0,'<a href=\"/dneo/node/6\">view</a>','http://localhost/dneo/node/6/edit?destination=admin%2Fcontent%2Fnode','http://localhost/dneo/node/6/edit?destination=admin%2Fcontent%2Fnode','127.0.0.1',1205340597),(149,1,'content','property: added <em>hasCaptian</em>.',0,'<a href=\"/dneo/node/12\">view</a>','http://localhost/dneo/node/add/property','http://localhost/dneo/node/add/property','127.0.0.1',1205341047),(150,0,'access denied','devel/cache/clear',1,'','http://localhost/dneo/devel/cache/clear?destination=node%2F1%2Fhtml','http://localhost/dneo/neologism/bowling/html','127.0.0.1',1205420444),(151,1,'user','Session opened for <em>admin</em>.',0,'','http://localhost/dneo/?destination=node%2F1%2Fhtml','http://localhost/dneo/devel/cache/clear?destination=node%2F1%2Fhtml','127.0.0.1',1205420458),(152,1,'content','vocabulary: added <em>Football</em>.',0,'<a href=\"/dneo/neologism/Football\">view</a>','http://localhost/dneo/node/add/vocabulary','http://localhost/dneo/node/add/vocabulary','127.0.0.1',1205421257),(153,1,'php','<em>Invalid argument supplied for foreach()</em> in <em>C:\\Program Files\\Apache Software Foundation\\Apache2.2\\htdocs\\neologism\\trunk\\src\\demo\\sites\\all\\modules\\neologism\\neologism.module</em> on line <em>89</em>.',2,'','http://localhost/dneo/neologism/Football/html','http://localhost/dneo/node/add/vocabulary','127.0.0.1',1205421258),(154,1,'php','<em>Invalid argument supplied for foreach()</em> in <em>C:\\Program Files\\Apache Software Foundation\\Apache2.2\\htdocs\\neologism\\trunk\\src\\demo\\sites\\all\\modules\\neologism\\neologism.module</em> on line <em>94</em>.',2,'','http://localhost/dneo/neologism/Football/html','http://localhost/dneo/node/add/vocabulary','127.0.0.1',1205421258),(155,1,'php','<em>Invalid argument supplied for foreach()</em> in <em>C:\\Program Files\\Apache Software Foundation\\Apache2.2\\htdocs\\neologism\\trunk\\src\\demo\\sites\\all\\modules\\neologism\\neologism.module</em> on line <em>102</em>.',2,'','http://localhost/dneo/neologism/Football/html','http://localhost/dneo/node/add/vocabulary','127.0.0.1',1205421258),(156,1,'php','<em>Invalid argument supplied for foreach()</em> in <em>C:\\Program Files\\Apache Software Foundation\\Apache2.2\\htdocs\\neologism\\trunk\\src\\demo\\sites\\all\\modules\\neologism\\neologism.module</em> on line <em>105</em>.',2,'','http://localhost/dneo/neologism/Football/html','http://localhost/dneo/node/add/vocabulary','127.0.0.1',1205421258),(157,1,'content','class: added <em>Player</em>.',0,'<a href=\"/dneo/node/14\">view</a>','http://localhost/dneo/node/add/class','http://localhost/dneo/node/add/class','127.0.0.1',1205421391),(158,1,'content','class: added <em>Goalkeeper</em>.',0,'<a href=\"/dneo/node/15\">view</a>','http://localhost/dneo/node/add/class','http://localhost/dneo/node/add/class','127.0.0.1',1205421800),(159,1,'content','class: updated <em>Bowler</em>.',0,'<a href=\"/dneo/node/4\">view</a>','http://localhost/dneo/node/4/edit?destination=admin%2Fcontent%2Fnode','http://localhost/dneo/node/4/edit?destination=admin%2Fcontent%2Fnode','127.0.0.1',1205421849),(160,1,'content','vocabulary: deleted <em>Football</em>.',0,'','http://localhost/dneo/admin/content/node','http://localhost/dneo/admin/content/node','127.0.0.1',1205421898),(161,1,'content','class: updated <em>Player</em>.',0,'<a href=\"/dneo/node/4\">view</a>','http://localhost/dneo/node/4/edit?destination=admin%2Fcontent%2Fnode','http://localhost/dneo/node/4/edit?destination=admin%2Fcontent%2Fnode','127.0.0.1',1205421989),(162,1,'content','class: deleted <em>Goalkeeper</em>.',0,'','http://localhost/dneo/admin/content/node','http://localhost/dneo/admin/content/node','127.0.0.1',1205422048),(163,1,'content','class: deleted <em>Player</em>.',0,'','http://localhost/dneo/admin/content/node','http://localhost/dneo/admin/content/node','127.0.0.1',1205422048),(164,1,'content','vocabulary: added <em>Cars</em>.',0,'<a href=\"/dneo/neologism/Cars\">view</a>','http://localhost/dneo/node/add/vocabulary','http://localhost/dneo/node/add/vocabulary','127.0.0.1',1205422185),(165,1,'php','<em>Invalid argument supplied for foreach()</em> in <em>C:\\Program Files\\Apache Software Foundation\\Apache2.2\\htdocs\\neologism\\trunk\\src\\demo\\sites\\all\\modules\\neologism\\neologism.module</em> on line <em>89</em>.',2,'','http://localhost/dneo/neologism/Cars/html','http://localhost/dneo/node/add/vocabulary','127.0.0.1',1205422186),(166,1,'php','<em>Invalid argument supplied for foreach()</em> in <em>C:\\Program Files\\Apache Software Foundation\\Apache2.2\\htdocs\\neologism\\trunk\\src\\demo\\sites\\all\\modules\\neologism\\neologism.module</em> on line <em>94</em>.',2,'','http://localhost/dneo/neologism/Cars/html','http://localhost/dneo/node/add/vocabulary','127.0.0.1',1205422186),(167,1,'php','<em>Invalid argument supplied for foreach()</em> in <em>C:\\Program Files\\Apache Software Foundation\\Apache2.2\\htdocs\\neologism\\trunk\\src\\demo\\sites\\all\\modules\\neologism\\neologism.module</em> on line <em>102</em>.',2,'','http://localhost/dneo/neologism/Cars/html','http://localhost/dneo/node/add/vocabulary','127.0.0.1',1205422186),(168,1,'php','<em>Invalid argument supplied for foreach()</em> in <em>C:\\Program Files\\Apache Software Foundation\\Apache2.2\\htdocs\\neologism\\trunk\\src\\demo\\sites\\all\\modules\\neologism\\neologism.module</em> on line <em>105</em>.',2,'','http://localhost/dneo/neologism/Cars/html','http://localhost/dneo/node/add/vocabulary','127.0.0.1',1205422186),(169,1,'content','class: added <em>Car</em>.',0,'<a href=\"/dneo/node/17\">view</a>','http://localhost/dneo/node/add/class','http://localhost/dneo/node/add/class','127.0.0.1',1205422207),(170,1,'content','class: added <em>Driver</em>.',0,'<a href=\"/dneo/node/18\">view</a>','http://localhost/dneo/node/add/class','http://localhost/dneo/node/add/class','127.0.0.1',1205422229),(171,1,'content','class: updated <em>Car</em>.',0,'<a href=\"/dneo/node/17\">view</a>','http://localhost/dneo/node/17/edit?destination=admin%2Fcontent%2Fnode','http://localhost/dneo/node/17/edit?destination=admin%2Fcontent%2Fnode','127.0.0.1',1205422250),(172,1,'content','class: added <em>Racecar</em>.',0,'<a href=\"/dneo/node/19\">view</a>','http://localhost/dneo/node/add/class','http://localhost/dneo/node/add/class','127.0.0.1',1205422293),(173,1,'content','property: added <em>drives</em>.',0,'<a href=\"/dneo/node/20\">view</a>','http://localhost/dneo/node/add/property','http://localhost/dneo/node/add/property','127.0.0.1',1205422322),(174,1,'user','Session opened for <em>admin</em>.',0,'','http://mmlab.deri.ie/neologism/demo/node?destination=node','http://mmlab.deri.ie/neologism/demo/','192.168.20.54',1205427654),(175,1,'user','Session opened for <em>admin</em>.',0,'','http://mmlab.deri.ie/neologism/demo/neologism/Cars/html?destination=node%2F16%2Fhtml','http://mmlab.deri.ie/neologism/demo/neologism/Cars/html','128.131.197.115',1205427822),(176,1,'user','Session closed for <em>admin</em>.',0,'','http://mmlab.deri.ie/neologism/demo/logout','http://mmlab.deri.ie/neologism/demo/neologism/Cars/html','192.168.20.54',1205427830),(177,1,'user','Session opened for <em>admin</em>.',0,'','http://mmlab.deri.ie/neologism/demo/neologism?destination=neologism','http://mmlab.deri.ie/neologism/demo/neologism','88.72.247.161',1205427852),(178,0,'user','Login attempt failed for <em>admin</em>.',0,'','http://mmlab.deri.ie/neologism/demo/node?destination=node','http://mmlab.deri.ie/neologism/demo/','10.2.18.72',1205427894),(179,0,'user','Login attempt failed for <em>admin</em>.',0,'','http://mmlab.deri.ie/neologism/demo/node?destination=node','http://mmlab.deri.ie/neologism/demo/node?destination=node','10.2.18.72',1205427901),(180,1,'user','Session opened for <em>admin</em>.',0,'','http://mmlab.deri.ie/neologism/demo/node?destination=node','http://mmlab.deri.ie/neologism/demo/node?destination=node','10.2.18.72',1205427905),(181,1,'user','Session opened for <em>admin</em>.',0,'','http://mmlab.deri.ie/neologism/demo/node?destination=node','http://mmlab.deri.ie/neologism/demo/','192.168.20.54',1205428300),(182,1,'content','vocabulary: updated <em>cars</em>.',0,'<a href=\"/neologism/demo/neologism/cars\">view</a>','http://mmlab.deri.ie/neologism/demo/node/16/edit?destination=admin%2Fcontent%2Fnode','http://mmlab.deri.ie/neologism/demo/node/16/edit?destination=admin%2Fcontent%2Fnode','192.168.20.54',1205428403),(183,1,'cron','Cron run completed.',0,'','http://mmlab.deri.ie/neologism/demo/admin/logs/status/run-cron','http://mmlab.deri.ie/neologism/demo/admin/logs/status','192.168.20.54',1205431327),(184,1,'user','Session closed for <em>admin</em>.',0,'','http://mmlab.deri.ie/neologism/demo/logout','http://mmlab.deri.ie/neologism/demo/','192.168.20.54',1205432474),(185,1,'user','Session opened for <em>admin</em>.',0,'','http://mmlab.deri.ie/neologism/demo/node?destination=node','http://mmlab.deri.ie/neologism/demo/','192.168.20.30',1205433604),(186,1,'user','Session opened for <em>admin</em>.',0,'','http://mmlab.deri.ie/neologism/demo/neologism/bowling/html?destination=node%2F1%2Fhtml','http://mmlab.deri.ie/neologism/demo/neologism/bowling/html','192.168.20.54',1205437148),(187,1,'content','vocabulary: updated <em>bowling</em>.',0,'<a href=\"/neologism/demo/neologism/bowling\">view</a>','http://mmlab.deri.ie/neologism/demo/node/1/edit','http://mmlab.deri.ie/neologism/demo/node/1/edit','192.168.20.54',1205437154),(188,1,'content','vocabulary: updated <em>bowling</em>.',0,'<a href=\"/neologism/demo/neologism/bowling\">view</a>','http://mmlab.deri.ie/neologism/demo/node/1/edit','http://mmlab.deri.ie/neologism/demo/node/1/edit','192.168.20.54',1205437635),(189,1,'content','vocabulary: updated <em>cars</em>.',0,'<a href=\"/neologism/demo/neologism/cars\">view</a>','http://mmlab.deri.ie/neologism/demo/node/16/edit','http://mmlab.deri.ie/neologism/demo/node/16/edit','192.168.20.54',1205439943),(190,1,'content','vocabulary: updated <em>cars</em>.',0,'<a href=\"/neologism/demo/neologism/cars\">view</a>','http://mmlab.deri.ie/neologism/demo/node/16/edit','http://mmlab.deri.ie/neologism/demo/node/16/edit','192.168.20.54',1205440999),(191,1,'content','vocabulary: updated <em>bowling</em>.',0,'<a href=\"/neologism/demo/neologism/bowling\">view</a>','http://mmlab.deri.ie/neologism/demo/node/1/edit','http://mmlab.deri.ie/neologism/demo/node/1/edit','192.168.20.54',1205441322),(192,1,'content','vocabulary: updated <em>bowling</em>.',0,'<a href=\"/neologism/demo/neologism/bowling\">view</a>','http://mmlab.deri.ie/neologism/demo/node/1/edit','http://mmlab.deri.ie/neologism/demo/node/1/edit','192.168.20.54',1205442367),(193,1,'content','vocabulary: updated <em>cars</em>.',0,'<a href=\"/neologism/demo/neologism/cars\">view</a>','http://mmlab.deri.ie/neologism/demo/node/16/edit','http://mmlab.deri.ie/neologism/demo/node/16/edit','192.168.20.54',1205442384),(194,1,'user','Session closed for <em>admin</em>.',0,'','http://mmlab.deri.ie/neologism/demo/logout','http://mmlab.deri.ie/neologism/demo/','192.168.20.54',1205442409),(195,1,'menu','Deleted content type <em>Story</em>.',0,'','http://mmlab.deri.ie/neologism/demo/admin/content/types/story/delete','http://mmlab.deri.ie/neologism/demo/admin/content/types/story/delete','84.114.15.229',1205456253),(196,1,'content','vocabulary: updated <em>bowling</em>.',0,'<a href=\"/neologism/demo/neologism/bowling\">view</a>','http://mmlab.deri.ie/neologism/demo/node/1/edit','http://mmlab.deri.ie/neologism/demo/node/1/edit','84.114.15.229',1205456382),(197,0,'user','New user: <em>John</em> <em>&lt;de@fr.fr&gt;</em>.',0,'<a href=\"/neologism/demo/user/2/edit\">edit</a>','http://mmlab.deri.ie/neologism/demo/user/register','http://mmlab.deri.ie/neologism/demo/user/register','84.114.15.229',1205456443),(198,0,'user','New user: <em>Edward</em> <em>&lt;de1@fr.fr&gt;</em>.',0,'<a href=\"/neologism/demo/user/3/edit\">edit</a>','http://mmlab.deri.ie/neologism/demo/user/register','http://mmlab.deri.ie/neologism/demo/user/register','84.114.15.229',1205456463),(199,0,'user','New user: <em>Henry</em> <em>&lt;de2@fr.fr&gt;</em>.',0,'<a href=\"/neologism/demo/user/4/edit\">edit</a>','http://mmlab.deri.ie/neologism/demo/user/register','http://mmlab.deri.ie/neologism/demo/user/register','84.114.15.229',1205456477),(200,0,'user','New user: <em>James</em> <em>&lt;de3@fr.fr&gt;</em>.',0,'<a href=\"/neologism/demo/user/5/edit\">edit</a>','http://mmlab.deri.ie/neologism/demo/user/register','http://mmlab.deri.ie/neologism/demo/user/register','84.114.15.229',1205456494),(201,1,'content','vocabulary: updated <em>bowling</em>.',0,'<a href=\"/neologism/demo/neologism/bowling\">view</a>','http://mmlab.deri.ie/neologism/demo/node/1/edit','http://mmlab.deri.ie/neologism/demo/node/1/edit','84.114.15.229',1205456509),(202,0,'user','Login attempt failed for <em>admin</em>.',0,'','http://mmlab.deri.ie/neologism/demo/node?destination=node','http://mmlab.deri.ie/neologism/demo/','89.100.17.156',1205456543),(203,1,'user','Session opened for <em>admin</em>.',0,'','http://mmlab.deri.ie/neologism/demo/node?destination=node','http://mmlab.deri.ie/neologism/demo/node?destination=node','89.100.17.156',1205456549),(204,1,'content','vocabulary: updated <em>bowling</em>.',0,'<a href=\"/neologism/demo/neologism/bowling\">view</a>','http://mmlab.deri.ie/neologism/demo/node/1/edit','http://mmlab.deri.ie/neologism/demo/node/1/edit','84.114.15.229',1205456633),(205,1,'menu','Added menu item <em>Login</em>.',0,'<a href=\"/neologism/demo/admin/build/menu\">view</a>','http://mmlab.deri.ie/neologism/demo/admin/build/menu/item/add/53','http://mmlab.deri.ie/neologism/demo/admin/build/menu/item/add/53','84.114.15.229',1205456885),(206,1,'menu','Added menu item <em>Neologism</em>.',0,'<a href=\"/neologism/demo/admin/build/menu\">view</a>','http://mmlab.deri.ie/neologism/demo/admin/build/menu/item/add/53','http://mmlab.deri.ie/neologism/demo/admin/build/menu/item/add/53','84.114.15.229',1205456909),(207,1,'content','property: updated <em>hasCaptain</em>.',0,'<a href=\"/neologism/demo/node/12\">view</a>','http://mmlab.deri.ie/neologism/demo/node/12/edit','http://mmlab.deri.ie/neologism/demo/node/12/edit','84.114.15.229',1205456998),(208,2,'user','Session opened for <em>John</em>.',0,'','http://mmlab.deri.ie/neologism/demo/user','http://mmlab.deri.ie/neologism/demo/user','84.114.15.229',1205457196);
/*!40000 ALTER TABLE `watchdog` ENABLE KEYS */;
UNLOCK TABLES;
/*!40103 SET TIME_ZONE=@OLD_TIME_ZONE */;

/*!40101 SET SQL_MODE=@OLD_SQL_MODE */;
/*!40014 SET FOREIGN_KEY_CHECKS=@OLD_FOREIGN_KEY_CHECKS */;
/*!40014 SET UNIQUE_CHECKS=@OLD_UNIQUE_CHECKS */;
/*!40101 SET CHARACTER_SET_CLIENT=@OLD_CHARACTER_SET_CLIENT */;
/*!40101 SET CHARACTER_SET_RESULTS=@OLD_CHARACTER_SET_RESULTS */;
/*!40101 SET COLLATION_CONNECTION=@OLD_COLLATION_CONNECTION */;
/*!40111 SET SQL_NOTES=@OLD_SQL_NOTES */;

-- Dump completed on 2008-03-14  1:21:12
